contentsid,title,roadaddress,introduction,latitude,longitude,phoneno,region1cd_value,region1cd_label,region2cd_value,region2cd_label,repPhoto_descseo,repPhoto_photoid_photoid,repPhoto_photoid_imgpath,repPhoto_photoid_thumbnailpath,merged_tag
CNTS_000000000019003,제주국제예술센터,제주특별자치도 서귀포시 대정읍 서삼중로 117,제주의 문화와 예술이 담긴 곳,33.27183,126.19944,010-4696-8799,region2,서귀포시,22,대정,제주국제예술센터,4131,https://api.cdn.visitjeju.net/photomng/imgpath/201804/30/f6357053-8f5e-474e-9d7c-f1156d22109a.jpg,https://api.cdn.visitjeju.net/photomng/thumbnailpath/201804/30/37f5a672-0041-415b-a7a8-eb39bbd725cd.jpg,"['예술', '실내', '미술/박물관', '흐림', '사계절', '실내관광지', '어트랙션', '공용주차장', '아주 어려움']"
CNTS_300000000012728,제주펫스쿨,제주특별자치도 서귀포시 대정읍 칠전로 438,"“반려견과 보호자가 함께하는 올바른 반려문화를 만들어요.”
 제주펫스쿨에서는 반려견과 보호자가 서로를 더 이해하고, 교감할 수 있는 다양한 프로그램을 진행하여 올바른 반려 문화를 지향한다.",33.2864268,126.2231539,0507-1365-4504,region2,서귀포시,22,대정,제주펫스쿨,2019022621770,https://api.cdn.visitjeju.net/photomng/imgpath/202308/23/9a00755b-7904-4144-ab42-962ca56dd219.jpg,https://api.cdn.visitjeju.net/photomng/thumbnailpath/202308/23/fe24ac67-455d-42e6-8bc2-9c079f48b807.jpg,"['반려견유치원', '반려견호텔', '반려동물', '반려동물동반입장', '혼저옵서개', '반려동물동반_기타체험', '공용주차장', '화장실', '무료 WIFI']"
CNTS_300000000013522,샤카다이브,제주특별자치도 서귀포시 남원읍 일주동로 8034 (하례리) 1,제주 서귀포시에 위치한 다이빙샵 샤카다이브 입니다,33.3252261,126.5961931,010-2335-6446,region2,서귀포시,25,남원,샤카다이브,2019022651417,https://api.cdn.visitjeju.net/photomng/imgpath/202505/16/8bd50796-2cb8-4200-b44a-eaa0a7ad1556.jpg,https://api.cdn.visitjeju.net/photomng/thumbnailpath/202505/16/1c43f4ad-8c0b-4d1d-96ea-9b567d1a29ca.jpg,"['해양스포츠', ' 스쿠버다이빙', ' 체험다이빙', ' 야간다이빙', ' 자격증코스', ' 펀다이빙', '공용주차장', '현금결제', '카드결제', '화장실', '무료 WIFI', '흡연구역', '', '영어', '아주 어려움', '실내+실외', '중', '체험', '스쿠버다이빙 체험', '2~3시간']"
CNTS_300000000013707,그림휴가,제주특별자치도 서귀포시 효돈로 114 (신효동) 1층,"미술작가 김미형이 서귀포에 문을 연 미술공간이다. 작품 감상 및 구매, 초상화 주문제작, 소규모 클래스, 원데이 클래스 등을 즐길 수 있다.",33.26362157054069,126.61110844041804,0507-1426-5071,region2,서귀포시,21,서귀포시내,그림휴가,2019022655924,https://api.cdn.visitjeju.net/photomng/imgpath/202508/27/f514344c-15a4-42bb-a264-d127805ab6e0.jpg,https://api.cdn.visitjeju.net/photomng/thumbnailpath/202508/27/a1cba418-cb23-4c85-a264-27b8a0c7b2e7.jpg,"['제주', ' 서귀포', ' 갤러리', ' 미술관', ' 작은미술관', ' 그림공방', ' 작품감상', ' 작품구매', ' 초상화', ' 주문제작', ' 소규모클래스', ' 원데이클래스', ' 미술작가', ' 김미형', '', '실내', '하', '체험', '공연/전시', '그림 좋아하시는 분의 관람과 체험', '1~2시간']"
CNTS_000000000021026,상추자포구,제주특별자치도 제주시 추자면 대서리,상추자도 추자항에 위치한 포구,33.96429,126.292984,--,region3,섬 속의 섬,32,추차도,상추자포구,2019022560665,https://api.cdn.visitjeju.net/photomng/imgpath/201908/22/d3f15139-0765-484d-820d-07b80137b96e.gif,https://api.cdn.visitjeju.net/photomng/thumbnailpath/201908/22/8b9e843d-fc0a-4679-8278-0ebdefb7a345.gif,"['포구', '해변', '문화유적지', '자연경관', '역사유적']"
CNTS_300000000013764,하이어스 제주,제주특별자치도 제주시 신성로 82-4 1층,특별한 추억과 실용적인 작품을 남기는 제주 공방,33.4952176,126.5281538,0507-1416-5919,region1,제주시,11,제주시내,하이어스 제주,2019022656480,https://api.cdn.visitjeju.net/photomng/imgpath/202509/12/954966d4-352f-4dcd-a554-3ba2cb58cf70.jpg,https://api.cdn.visitjeju.net/photomng/thumbnailpath/202509/12/bfba2a35-3477-4e9c-acfd-71e19086ce9e.jpg,"['원데이클래스', ' 공방', ' 체험', ' 이색체험', ' 제주이색코스', '하', '1~2시간']"
CNTS_300000000015837,뎁스원 프리다이빙센터,제주특별자치도 제주시 한림읍 한림로 375,전문적으로 프리다이빙을 배워볼 수 있는 곳,33.3962638,126.2432389,010-4446-3526  ,region1,제주시,13,한림,뎁스원 프리다이빙센터,2019022617552,https://api.cdn.visitjeju.net/photomng/imgpath/202306/16/5ac9bc0a-0048-4d7d-bf54-fd2b05547db7.jpg,https://api.cdn.visitjeju.net/photomng/thumbnailpath/202306/16/aea331e1-4d41-4378-bd5f-987a57050c07.jpg,"['맑음', '체험관광', '액티비티', '해변', ' 한림', ' 협재', ' 프리다이빙', ' 플로빙', '실외', '상', '3시간 이상', '한림', '협재', '프리다이빙', '플로빙', '러닝홀리데이인제주']"
CNTS_000000000019551,곽지패총,제주특별자치도 제주시 애월읍 곽지리 2043-1,제주 북제주군 애월읍 곽지리에 있는 청동기시대에서 원삼국시대에 걸친 시기의 패총 유적,33.44588,126.30714,064-728-2731,region1,제주시,12,애월,Gwakji Seashell Mound,5490,https://api.cdn.visitjeju.net/photomng/imgpath/201804/30/fb2e6c72-1d7c-4749-a115-92c89fcdadf1.jpg,https://api.cdn.visitjeju.net/photomng/thumbnailpath/201804/30/b19e60dc-e942-4c86-9b29-8fb5d18de1d2.jpg,"['문화유적지', '자연경관', '문화관광', '역사유적']"
CONT_000000000500217,발이오름,제주특별자치도 제주시 애월읍 어음리 산 1,바리때 형상을 하고 있는 발이오름,33.395871963046226,126.34628767625736,,region1,제주시,12,애월,Bali Oreum Volcanic Cone,17852,https://api.cdn.visitjeju.net/photomng/imgpath/201804/30/c14f0d90-29e9-42b6-a6cb-f489c4e0ca41.jpg,https://api.cdn.visitjeju.net/photomng/thumbnailpath/201804/30/3aea96d0-5681-4264-9abe-b6f4ac1aa923.jpg,"['오름', '걷기/등산', '자연경관', '도보여행', '도보']"
CNTS_000000000021036,용둠범목제계단길,제주특별자치도 제주시 추자면 영흥리,나바론 절벽의 위용을 한 눈에 감상하는 전망대,33.956703,126.29697,--,region3,섬 속의 섬,32,추차도,용둠범목제계단길,10443,https://api.cdn.visitjeju.net/photomng/imgpath/201804/30/3b559768-8044-4881-adb8-218577e63d09.gif,https://api.cdn.visitjeju.net/photomng/thumbnailpath/201804/30/47896e53-73b5-451b-9ff3-2873799c1924.gif,"['걷기/등산', '도보여행', '도보']"
CNTS_000000000022858,오림반,제주특별자치도 서귀포시 남원읍 신례리,4․3 초기 무장대들이 훈련을 받았던 곳으로 추정되는 곳,33.36067,126.59719,--,region2,서귀포시,25,남원,오림반,16749,https://api.cdn.visitjeju.net/photomng/imgpath/201804/30/3a37ea7e-6b44-497c-be4c-349b5d299359.jpg,https://api.cdn.visitjeju.net/photomng/thumbnailpath/201804/30/86a390a0-aaa5-4c1c-af0b-b4a3005d2e73.jpg,"['4.3', '문화유적지', '문화관광', '제주4.3', '역사유적', '어트랙션']"
CONT_000000000500597,족은사슴이오름,제주특별자치도 서귀포시 표선면 녹산로 536,자연이 살아숨쉬는 곳,33.3988071,126.7063341,,region2,서귀포시,26,표선,Jokeunsaseumi Oreum Volcanic Cone,19873,https://api.cdn.visitjeju.net/photomng/imgpath/201804/30/803651f9-35e0-49ec-85ea-52f66b41d61e.jpg,https://api.cdn.visitjeju.net/photomng/thumbnailpath/201804/30/a0431256-31fa-49f6-8b6c-d5dbaed7449b.jpg,"['부모', '커플', '혼자', '친구', '아이', '오름', '자연경관', '도보여행', '도보', '어린이']"
CNTS_000000000019458,옹포천,제주특별자치도 제주시 한림읍 한림로 563,서부지역의 상수원,33.40766,126.25742,--,region1,제주시,13,한림,옹포천,5329,https://api.cdn.visitjeju.net/photomng/imgpath/201804/30/00cc6648-a7c0-43b0-9265-a9206e6b6b0c.jpg,https://api.cdn.visitjeju.net/photomng/thumbnailpath/201804/30/72bafe47-ee8c-4b29-9975-0063d96ba8dc.jpg,"['휴식/힐링', '맑음', '자연경관', '공용주차장', '화장실']"
CNTS_000000000020247,협자연대,제주특별자치도 서귀포시 성산읍 고성리 57-1,성산읍 고성리에 위치한 제주특별자치도 기념물 제23-2호 협자연대,33.426456,126.932304,064-760-2505,region2,서귀포시,17,성산,Hyeopja Signaling Site,8039,https://api.cdn.visitjeju.net/photomng/imgpath/201804/30/efee4b65-7986-457c-bd33-9266ac6119c7.gif,https://api.cdn.visitjeju.net/photomng/thumbnailpath/201804/30/a18ff66d-59c0-49fb-b82a-3392f0b8c1d6.gif,"['문화유적지', '문화관광', '역사유적', '어트랙션']"
CNTS_000000000021510,신산환해장성,제주특별자치도 서귀포시 성산읍 신산리,자연으로 빚은 성벽,33.38476,126.86652,--,region2,서귀포시,17,성산,신산환해장성,11443,https://api.cdn.visitjeju.net/photomng/imgpath/201804/30/50b74127-5ff5-4df2-9579-2cb85952184d.jpg,https://api.cdn.visitjeju.net/photomng/thumbnailpath/201804/30/bed05524-d463-4b3e-8e92-d2714f1106c4.jpg,"['문화유적지', '흐림', '자연경관', '문화관광', '역사유적', '아주 어려움']"
CONT_000000000500013,가문이오름(감은이오름),제주특별자치도 서귀포시 표선면 남조로 1487-73,숲이 우거져 검게 보인다고 해서 붙여진 가문이오름,33.3708091,126.6935196,064-760-2913,region2,서귀포시,26,표선,Gamuni Oreum Volcanic Cone (Gameuni Oreum Volcanic Cone),16965,https://api.cdn.visitjeju.net/photomng/imgpath/201804/30/053450e8-8370-4b58-a606-fcd63098d962.jpg,https://api.cdn.visitjeju.net/photomng/thumbnailpath/201804/30/5347f00e-4645-40d8-a0ca-e01b5dd51c51.jpg,"['커플', '혼자', '친구', '맑음', '오름', '가을', '자연경관', '도보여행', '도보', '아주 어려움']"
CNTS_000000000022032,라신동,제주특별자치도 제주시 한림읍 귀덕리,· 올레15코스,33.431778,126.290634,--,region1,제주시,13,한림,라신동,12478,https://api.cdn.visitjeju.net/photomng/imgpath/201804/30/be30929d-87a3-4498-bd86-a863fe061865.jpg,https://api.cdn.visitjeju.net/photomng/thumbnailpath/201804/30/f7acf2c6-47e8-4ecc-ba32-bf88d2329ef6.jpg,"['문화유적지', '문화관광', '역사유적', '어트랙션']"
CNTS_000000000019084,섬생이,제주특별자치도 제주시 추자면 신양리 산 87,풍경이 아름다운 추자도 남쪽 무인도,33.939816,126.31154,--,region3,섬 속의 섬,32,추차도,Seomsaengi,4268,https://api.cdn.visitjeju.net/photomng/imgpath/201804/30/34d4c936-709e-48db-a7f8-bd1305bd9248.jpg,https://api.cdn.visitjeju.net/photomng/thumbnailpath/201804/30/bf7a0a4e-92bc-486d-83b5-6490187beae8.jpg,"['휴식/힐링', '자연경관']"
CNTS_300000000015883,제주해양레저타운,제주특별자치도 제주시 서해안로 58,이호테우 바다에서 즐기는 짜릿한 레저,33.5021517,126.4564112,0507-1347-7064,region1,제주시,11,제주시내,제주해양레저타운,2019022617935,https://api.cdn.visitjeju.net/photomng/imgpath/202306/20/7ad5bd73-0288-46f2-8326-2f690df6a6ea.jpg,https://api.cdn.visitjeju.net/photomng/thumbnailpath/202306/20/66e8a9d9-9ee6-4331-ae2f-d4bf59a1449c.jpg,"['제주시내', ' 이호테우', ' 수상레저', ' 제트스키', ' 제트보트', ' 바나나보트', ' 디스코팡팡', '실외', '중', '1시간 미만']"
CNTS_000000000022007,풋감마을 소길리 농어촌체험마을,제주시 애월읍 소길1길 15,옛 '올레'길이 그대로 살아 숨쉬는 마을,33.440056,126.380005,064-799-8778,region1,제주시,12,애월,풋감마을 소길리 농어촌체험마을,12368,https://api.cdn.visitjeju.net/photomng/imgpath/201804/30/1929fd36-fbac-414d-aa01-b9d1110b5bbd.png,https://api.cdn.visitjeju.net/photomng/thumbnailpath/201804/30/6c47b20f-7efe-4b2c-8ce3-60439bf04087.png,"['체험관광', '친구', '커플', '흐림', '사계절', '체험', '도보여행', '도보', '마을산책', '마을관광', '어트랙션']"
CNTS_200000000007860,월라사,제주특별자치도 서귀포시 효돈순환로 415,서귀포시 신효동에 있는 사찰,33.2687804,126.6101134,064-767-0269,region2,서귀포시,21,서귀포시내,월라사,2018052308813,https://api.cdn.visitjeju.net/photomng/imgpath/201811/14/d7e84aa7-4505-4ba2-84be-351aad77e154.jpg,https://api.cdn.visitjeju.net/photomng/thumbnailpath/201811/14/8f66dfc2-194d-4247-bcd0-086c66446104.jpg,"['문화유적지', '휴식/힐링', '가을', '역사유적']"
CNTS_000000000019117,엄바위장승,제주특별자치도 제주시 추자면 예초리 332,억발장사라고도 불리는 장승으로 주민들이 소원을 비는 장승,33.952473,126.32899,--,region3,섬 속의 섬,32,추차도,Eombawi Totem Pole,4406,https://api.cdn.visitjeju.net/photomng/imgpath/201804/30/dafdc92b-33c1-4ed1-9586-c322ce43b960.jpg,https://api.cdn.visitjeju.net/photomng/thumbnailpath/201804/30/1dc47ee0-9dc7-4656-9972-a5c0aa272002.jpg,"['문화유적지', '문화관광', '역사유적', '어트랙션']"
CNTS_000000000021031,추자연도교,제주특별자치도 제주시 추자면 영흥리 97-3,상추자도와 하추자도를 잇는 추자 연도교,33.95409,126.3023,--,region3,섬 속의 섬,32,추차도,추자연도교,10415,https://api.cdn.visitjeju.net/photomng/imgpath/201804/30/f6eb13cd-e9bd-42a0-9f67-9704361f2e13.gif,https://api.cdn.visitjeju.net/photomng/thumbnailpath/201804/30/bc941072-7c16-490b-a815-f9246c4f0b84.gif,['걷기/등산']
CNTS_200000000010815,김택화미술관,제주특별자치도 제주시 조천읍 신흥로 1,화가 김택화이 삶과 작품을 볼 수 있는 미술관,33.5447774,126.650164,064-900-9097,region1,제주시,15,조천,김택화미술관,2019022576159,https://api.cdn.visitjeju.net/photomng/imgpath/202011/20/9c097ea3-c43b-49dd-8561-353ffe7d5f16.jpg,https://api.cdn.visitjeju.net/photomng/thumbnailpath/202011/20/fcee49ba-76ea-415d-88d9-85cbee75cf3d.jpg,"['미술관', '제주풍경', '화방', '실내관광지', '문화관광', '어트랙션', '공용주차장', '현금결제', '카드결제', '화장실', '', '실내', '하', '1시간 미만']"
CNTS_300000000015879,제주가구공방,제주특별자치도 제주시 도련6길 75,시간이 갈수록 멋스러운 원목가구 체험,33.5108889,126.5780998,0507-1399-3004,region1,제주시,11,제주시내,제주가구공방,2019022617899,https://api.cdn.visitjeju.net/photomng/imgpath/202306/19/dbac60df-07c2-419d-8ad9-5b3dc502d726.jpg,https://api.cdn.visitjeju.net/photomng/thumbnailpath/202306/19/02577601-721c-4224-b50d-50dde43c2022.jpg,"['제주시내', ' 삼양', ' 원데이클래스', ' 목공체험', ' 이색체험', '실내', '중', '1~2시간']"
CNTS_000000000021452,하논마르,제주특별자치도 서귀포시 서홍동 1003,한반도 유일의 마르(Maar)형 분화구,33.252937,126.54583,064-733-2912,region2,서귀포시,21,서귀포시내,하논마르,11310,https://api.cdn.visitjeju.net/photomng/imgpath/201804/30/a0267b29-2e51-4560-9acd-d55f482c6ea2.jpg,https://api.cdn.visitjeju.net/photomng/thumbnailpath/201804/30/9d5cb1d9-fbd9-4c1e-8cc2-20dd182dec28.jpg,"['오름', '걷기/등산', '흐림']"
CONT_000000000500681,한남의숙터,제주특별자치도 서귀포시 대정읍 추사로,대정지역의 대표적인 3대 의숙 중의 하나로 민족교육을 실시했던 현대교육기관인 한남의숙이 세워졌던 곳,33.251087,126.27711,064-760-2505,region2,서귀포시,22,대정,Site of Hannamuisuk,20239,https://api.cdn.visitjeju.net/photomng/imgpath/201804/30/4be81e47-49e2-46e4-b42c-52756aff70e5.jpg,https://api.cdn.visitjeju.net/photomng/thumbnailpath/201804/30/6496f665-a9b9-445e-984a-2c48adf8d3f2.jpg,"['문화유적지', '공용주차장', '음료대', '유도 및 안내시설', '경보 및 피난시설', '아주 어려움', '문화관광', '역사유적', '어트랙션']"
CNTS_300000000012715,몽story,제주특별자치도 제주시 애월읍 하귀9길 34,몽story는 반려동물에게 최고의 서비스를 제공하는 장소다.,33.4840605,126.4160275,0507-1483-9982,region1,제주시,12,애월,몽story,2019022621621,https://api.cdn.visitjeju.net/photomng/imgpath/202308/23/a42944ba-7801-41bc-bb67-6b48d7edd545.JPG,https://api.cdn.visitjeju.net/photomng/thumbnailpath/202308/23/5ee3332e-148e-4f67-a2cb-de6754bd32b2.JPG,"['애견미용실', '반려동물', '반려동물동반입장', '혼저옵서개', '반려동물동반_기타체험', '공용주차장', '화장실', '무료 WIFI', '유도 및 안내시설']"
CNTS_000000000018521,신대산전망대,제주특별자치도 제주시 추자면 예초리,신대산에 있는 전망대,33.954597,126.34063,--,region3,섬 속의 섬,32,추차도,Sindaesan Observatory,3251,https://api.cdn.visitjeju.net/photomng/imgpath/201804/30/74cead99-fa88-45c8-a5f2-db3dd8e161b6.jpg,https://api.cdn.visitjeju.net/photomng/thumbnailpath/201804/30/87602a57-cea2-4ba9-965b-2ebd5c2f11d3.jpg,"['부모', '친구', '커플', '혼자', '경관/포토', '휴식/힐링', '액티비티', '아주 어려움', '체험', '레저/체험', '포토스팟', '어트랙션']"
CNTS_200000000007346,설쿰바당,제주특별자치도 서귀포시 안덕면 사계리,제주 바람이 머물다 간 흔적이 고스란히 남아있는 해변,33.2356687,126.3125597,,region2,서귀포시,23,안덕,설큼바당,2018052303881,https://api.cdn.visitjeju.net/photomng/imgpath/201808/08/5876b1fd-ab39-442c-b782-97b5c4b2f053.jpg,https://api.cdn.visitjeju.net/photomng/thumbnailpath/201808/08/159943d0-18ae-4612-9309-1474c4f5dce0.jpg,"['맑음', '경관/포토', '걷기/등산', '여름', '해안산책', '실외', '포토스팟', '자연경관']"
CNTS_000000000021024,상추자마을길,제주특별자치도 제주시 추자도 추자면,상추자도의 제주올레길18-1코스의 초입,33.947014,126.3201,--,region3,섬 속의 섬,32,추차도,상추자마을길,10393,https://api.cdn.visitjeju.net/photomng/imgpath/201804/30/46be4cd6-f179-4d09-972b-8da72f8593e8.gif,https://api.cdn.visitjeju.net/photomng/thumbnailpath/201804/30/03b89989-54e0-449f-91d1-b34ebc69abf2.gif,"['커플', '친구', '맑음', '걷기', '도보여행', '도보', '마을산책', '마을관광']"
CNTS_000000000022008,테우마을 수원리 농어촌체험마을,제주시 한림읍 한림해안로 274,"쪽빛 바다와 푸른 작물을 품에 안은 마을
· 제주시 한림읍 수원리
· 올레15코스",33.42559,126.264656,064-796-7222,region1,제주시,13,한림,테우마을 수원리 농어촌체험마을,12374,https://api.cdn.visitjeju.net/photomng/imgpath/201804/30/53607119-9829-4a1e-8d35-f24ce9df9c0e.jpg,https://api.cdn.visitjeju.net/photomng/thumbnailpath/201804/30/072be22b-aaa5-45af-928d-f189c59cfb66.jpg,"['체험관광', '아이', '흐림', '사계절', '체험', '마을산책', '마을관광', '어린이', '어트랙션']"
CONT_000000000500339,선족이오름(알선족이),제주특별자치도 제주시 구좌읍 송당리 산 140-2,아기자기한 등성이가 아름다운 곳,33.44329,126.75144,,region1,제주시,16,구좌,Seonjoki Oreum Volcanic Cone (Alseonjoki),18461,https://api.cdn.visitjeju.net/photomng/imgpath/201804/30/a706d39f-cc76-48f6-8d58-c4bc3242ebd4.jpg,https://api.cdn.visitjeju.net/photomng/thumbnailpath/201804/30/b72dfc2f-a64a-442a-92d0-deaa2837f60f.jpg,"['오름', '걷기/등산', '자연경관', '도보여행', '도보']"
CNTS_200000000007375,감수굴 밭담길,제주특별자치도 제주시 구좌읍 평대7길 34,평대리 중동에 위치한 산책하기 좋은 밭담길,33.5243749,126.8423829,,region1,제주시,16,구좌,감수굴 밭담길,2018052304343,https://api.cdn.visitjeju.net/photomng/imgpath/201808/17/f97cfc9d-ec44-4bb3-8648-b24db79db168.jpg,https://api.cdn.visitjeju.net/photomng/thumbnailpath/201808/17/261b283a-6fd1-4c51-a35b-0306db581bb8.jpg,"['걷기/등산', '맑음', '자연경관', '도보여행', '도보']"
CNTS_300000000015841,라니멜레,제주특별자치도 제주시 조천읍 조천우회로 527,하와이 우쿨렐레를 쉽고 재밌게 체험하는 곳,33.5309839,126.6658826,010-9749-1322,region1,제주시,15,조천,라니멜레,2019022617572,https://api.cdn.visitjeju.net/photomng/imgpath/202306/16/aef86ccb-8301-42c8-8000-fd30d73c6b40.jpg,https://api.cdn.visitjeju.net/photomng/thumbnailpath/202306/16/e7d36fa4-664b-4665-ac34-736ecbf48a0f.jpg,"['함덕', ' 우쿨렐레', ' 이색체험', '실내', '중', '1~2시간']"
CNTS_000000000022033,대림리선돌,제주특별자치도 제주시 한림읍 대림리,· 올레15코스,33.424404,126.27907,--,region1,제주시,13,한림,대림리선돌,12483,https://api.cdn.visitjeju.net/photomng/imgpath/201804/30/bc256e56-3566-4946-b11f-34a7ada4bb4f.jpg,https://api.cdn.visitjeju.net/photomng/thumbnailpath/201804/30/b9e8da06-8139-4a82-8e44-2dc3b4dfe29d.jpg,"['문화유적지', '문화관광', '역사유적', '어트랙션']"
CNTS_000000000021033,예초리해변,제주특별자치도 제주시 추자면 예초리,작은예초작지,33.95313,126.33361,--,region3,섬 속의 섬,32,추차도,예초리해변,10429,https://api.cdn.visitjeju.net/photomng/imgpath/201804/30/6701657b-2f41-464b-bf63-f24f7dbb7b99.gif,https://api.cdn.visitjeju.net/photomng/thumbnailpath/201804/30/e86764e7-5bdd-442a-be9e-5639f4393467.gif,"['해변', '경관/포토', '커플', '혼자', '맑음', '자연경관', '포토스팟']"
CNTS_000000000018843,예절이오름(여절악),제주특별자치도 서귀포시 남원읍 신흥리 산 18,정상에서 바라보는 말굽형 모양의 예절이오름,33.3372665,126.74084760000005,064-760-4151,region2,서귀포시,25,남원,예절이오름(여절악),3766,https://api.cdn.visitjeju.net/photomng/imgpath/201804/30/fe4547d9-1f58-410c-8c9b-3ae160cea756.jpg,https://api.cdn.visitjeju.net/photomng/thumbnailpath/201804/30/162dd913-cdb6-42ba-8129-4347026ffee8.jpg,"['커플', '혼자', '친구', '맑음', '오름', '봄', '가을', '아주 어려움', '자연경관', '도보여행', '도보']"
CNTS_000000000019444,비블리아성서식물원,제주특별자치도 제주시 한림읍 조성로 17,식물을 통한 복음전파와 기독교 문화 산업에 기여하고자 한립음에 조성된 식물원,33.499622,126.53119,064-796-1130,region1,제주시,13,한림,Biblia Botanical Garden,5293,https://api.cdn.visitjeju.net/photomng/imgpath/201804/30/726f8540-a4e3-4746-b9df-4f776a1d9beb.jpg,https://api.cdn.visitjeju.net/photomng/thumbnailpath/201804/30/27ef9ce8-b567-4efd-bdee-9c81e190e6a4.jpg,"['수목원', '테마공원', '흐림', '맑음', '실내관광지', '어트랙션', '공용주차장', '현금결제', '카드결제', '화장실', '유도 및 안내시설', '경보 및 피난시설']"
CNTS_000000000022878,중문리 신사터,제주특별자치도 서귀포시 천제연로 149,4·3 당시 토벌대에 의해 지역 주민들이 일상적으로 학살 당한 곳,33.499622,126.53119,064-739-4340,region2,서귀포시,24,중문,중문리 신사터,16787,https://api.cdn.visitjeju.net/photomng/imgpath/201804/30/d1adbdb1-2632-4c1d-979f-ae374e121bcb.jpg,https://api.cdn.visitjeju.net/photomng/thumbnailpath/201804/30/e9758882-7f98-4576-8886-92ea168647b5.jpg,"['4.3', '문화유적지', '문화관광', '제주4.3', '역사유적', '어트랙션']"
CNTS_000000000021642,가파초등학교 마라분교장,제주특별자치도 서귀포시 대정읍 마라로 58,포토존으로 인기있는 가파초등학교 마라 분교장.,33.119247,126.26694,--,region3,섬 속의 섬,33,마라도,가파초등학교 마라분교장,11638,https://api.cdn.visitjeju.net/photomng/imgpath/201804/30/de796d05-c002-4a7a-83df-15517bce3cc5.jpg,https://api.cdn.visitjeju.net/photomng/thumbnailpath/201804/30/514eaee3-ad31-4bad-bff2-ea0ea20bc316.jpg,"['경관/포토', '맑음', '사계절', '포토스팟', '어트랙션']"
CNTS_300000000013671,OK레저,제주특별자치도 서귀포시 표선면 번영로 2595,"자연 속 짜릿한 질주, ATV와 함께 스트레스 해소!",33.4027948,126.7831674,010-4746-3280,region2,서귀포시,26,표선,OK레저,2019022655162,https://api.cdn.visitjeju.net/photomng/imgpath/202508/07/67962a1f-5c91-48e6-91aa-04ae5699569c.jpg,https://api.cdn.visitjeju.net/photomng/thumbnailpath/202508/07/e0aa5ba0-71c2-49c1-9cf3-a3dcaedd708c.jpg,"['제주', ' 서귀포시', ' 표선', ' atv', ' 레저', ' 액티비티', ' 오프로드', ' 사륜바이크']"
CNTS_000000000019852,조천비석거리,제주특별자치도 제주시 조천읍 조천리,"조천은 제주성과 가까운 곳으로 교통수단을 해로에 의존할 당시 목사나 판관 등 많은 관리가 화북, 조천 포구를 이용하였으므로 이들에 대한 치적과 석별의 뜻을 표시하기 위하여 비석을 세웠는데 이 거리를 통칭하여 비석거리라 한다.",33.539413,126.63747,064-710-6704,region1,제주시,15,조천,Jocheon Stone Monument Street,6402,https://api.cdn.visitjeju.net/photomng/imgpath/201804/30/0575a76e-d223-4e43-a3c9-6837574adefd.png,https://api.cdn.visitjeju.net/photomng/thumbnailpath/201804/30/5e69879e-67fa-480c-9632-31c5b66d0986.png,"['문화유적지', '문화관광', '역사유적', '어트랙션']"
CONT_000000000500151,돔박이오름 (동박악),제주특별자치도 서귀포시 안덕면 광평리 산 89,키 큰 억새들의 오름,33.3394248,126.36417600000004,,region2,서귀포시,23,안덕,Dombaki Volcanic Cone,17492,https://api.cdn.visitjeju.net/photomng/imgpath/201804/30/cce7772d-0d07-4860-ac5c-33b8dc9bd8e8.jpg,https://api.cdn.visitjeju.net/photomng/thumbnailpath/201804/30/18f10a5a-9fc0-4b9c-ba76-0b8fa81088a2.jpg,"['커플', '친구', '맑음', '가을', '오름', '자연경관', '도보여행', '도보']"
CNTS_200000000007520,신천리 벽화마을,제주특별자치도 서귀포시 성산읍 신천리,신천리에 위치한 벽화마을,33.3465229,126.8524043,064-787-0157,region2,서귀포시,17,성산,신천리 벽화마을,2018052305901,https://api.cdn.visitjeju.net/photomng/imgpath/201809/19/d14732fe-2ce7-4757-989a-897c1e8d3ad5.jpg,https://api.cdn.visitjeju.net/photomng/thumbnailpath/201809/19/91ef85e8-1ef4-4c63-b124-035f76e0a132.jpg,"['예술', '걷기/등산', '경관/포토', '문화관광', '마을산책', '마을관광', '포토스팟']"
CNTS_300000000013757,중앙로,제주특별자치도 제주시 중앙로,제주시의 역사와 현재를 잇는 중심 도로,33.518154271,126.525126215,,region1,제주시,11,제주시내,중앙로,2019022656412,https://api.cdn.visitjeju.net/photomng/imgpath/202509/11/79d921e0-a73c-4a70-941f-d3fbbccd5f18.jpg,https://api.cdn.visitjeju.net/photomng/thumbnailpath/202509/11/5cc963d1-1407-4e1d-821b-49415416a51f.jpg,"['제주중앙로', ' 제주도심여행', ' 동문시장', ' 칠성로상권', ' 제주거리', ' 지하상가']"
CNTS_000000000019091,묵리처녀당,제주특별자치도 제주시 추자면 묵리 229-1,죽은 처녀의 원혼을 달래주는 추자도 묵리처녀당(할망당),33.94317,126.31426,--,region3,섬 속의 섬,32,추차도,Mukri Jeonyeodang,4298,https://api.cdn.visitjeju.net/photomng/imgpath/201804/30/07327fa6-9325-4d96-af47-a34bd0b1992e.jpg,https://api.cdn.visitjeju.net/photomng/thumbnailpath/201804/30/f7e01fce-a572-4adb-852c-a3d716866b5d.jpg,"['문화유적지', '문화관광', '역사유적', '어트랙션']"
CNTS_300000000015888,함덕스쿠버,제주특별자치도 제주시 조천읍 조함해안로 376-11,에메랄드 함덕바다에서 즐기는 해양레저,33.5473412,126.656787,0507-1336-3068,region1,제주시,15,조천,함덕스쿠버,2019022618017,https://api.cdn.visitjeju.net/photomng/imgpath/202306/20/3812f20c-04dc-43eb-902d-a50ea4761f12.jpg,https://api.cdn.visitjeju.net/photomng/thumbnailpath/202306/20/0f090abd-ccb7-4106-b609-30304a1521a4.jpg,"['함덕', ' 스쿠버다이빙', ' 이색체험', '실외', '중', '1~2시간']"
CONT_000000000500572,제주쥬티클럽,제주특별자치도 서귀포시 성산읍 신양로 113,윈드서핑&카이트서핑&패들보드 체험/강습/렌탈,33.4445754,126.9095025,0507-1356-0215,region2,서귀포시,17,성산,Jeju Zooty Club,19739,https://api.cdn.visitjeju.net/photomng/imgpath/201804/30/f64af29c-c140-471e-b02f-7bf6596c3e62.jpg,https://api.cdn.visitjeju.net/photomng/thumbnailpath/201804/30/5fed3b99-6031-46ff-a22d-4871a00a91cd.jpg,"['커플', '친구', '액티비티', '해변', '체험', '레저/체험', '수상레저', '어트랙션']"
CNTS_300000000015875,월정퀵서프,제주특별자치도 제주시 구좌읍 해맞이해안로 486,에메랄드빛 월정해변에서 즐기는 서핑,33.5547934,126.7986457,0507-1426-9025,region1,제주시,16,구좌,월정퀵서프,2019022617852,https://api.cdn.visitjeju.net/photomng/imgpath/202306/19/8df43240-4a5a-4c2a-b1fa-f2a9bb4e8b8f.jpg,https://api.cdn.visitjeju.net/photomng/thumbnailpath/202306/19/5ed403c4-52e8-423b-a74a-1ba9186b9e38.jpg,"['구좌읍', ' 월정리', ' 서핑', ' 이색체험']"
CNTS_200000000014304,디어펫,제주특별자치도 제주시 과원로 47,디어펫은 제주시 연동에 위치한 반려동물 미용실이다.,33.4764981,126.4883789,0507-1490-2585,region1,제주시,11,제주시내,디어펫,2019022611077,https://api.cdn.visitjeju.net/photomng/imgpath/202212/15/fb119fc5-46a7-41b4-898a-9e06b7292e13.jpg,https://api.cdn.visitjeju.net/photomng/thumbnailpath/202212/15/e9b26f56-b7d2-49e1-952a-036de2a13931.jpg,"['애견미용실', '애견유치원', '애견호텔', '반려동물', '반려동물동반입장', '혼저옵서개', '반려동물동반_기타체험', '공용주차장', '화장실', '무료 WIFI']"
CNTS_000000000022037,조이다이브,서귀포시 중산간동로 8383,서귀포 섬속의 섬에서 진행되는 스쿠버다이빙 체험&전문교육,33.26082,126.52128,070-4548-2345,region2,서귀포시,21,서귀포시내,조이다이브,12508,https://api.cdn.visitjeju.net/photomng/imgpath/201804/30/bf71bc52-2bf8-4757-b99a-f1b0999e7d1d.jpg,https://api.cdn.visitjeju.net/photomng/thumbnailpath/201804/30/7ba3a384-41fb-4d27-906b-89786afbd814.jpg,"['해수욕장', '액티비티', '친구', '커플', '맑음', '체험', '레저/체험', '해변', '물놀이', '수상레저', '어트랙션', '공용주차장', '현금결제', '카드결제', '화장실', '무료 WIFI', '흡연구역', '음료대']"
CNTS_300000000013055,이미지호 제주점,제주특별자치도 제주시 서문로 73 (용담일동) 3층 ,"당신의 베스트 컬러를 찾아주는 컬러 선택의 기준, 퍼스널컬러 이미지 호 입니다.",33.5124131,126.5186206,02-1566-8361,region1,제주시,11,제주시내,이미지호 제주점,2019022634062,https://api.cdn.visitjeju.net/photomng/imgpath/202406/24/21f06c22-63c8-485d-975a-5273042a00c0.jpg,https://api.cdn.visitjeju.net/photomng/thumbnailpath/202406/24/75cd329c-bdae-426c-b4b7-35f2882a65c8.jpg,"['퍼스널컬러', 'K-뷰티', '메이크업', '공용주차장', '현금결제', '카드결제', '화장실', '무료 WIFI', '', '영어', '중국어', '일본어', '단독접근가능', '테이블 비치', '실내', '하', '1~2시간']"
CNTS_200000000008029,추억애거리,제주특별자치도 제주시 도공로 3-3,"동심을 자극하는벽화와 조형물들이 있는 도두동 추억애(愛)거리.
",33.505996,126.4657678,,region1,제주시,11,제주시내,추억애거리,2018052311579,https://api.cdn.visitjeju.net/photomng/imgpath/201812/19/106788de-e412-49de-912c-c3aa7a068f96.JPG,https://api.cdn.visitjeju.net/photomng/thumbnailpath/201812/19/12e73f1a-b771-4170-9153-c095bfb017a0.JPG,"['포토스팟', ' 걷기/휴식', '공용주차장', '걷기/휴식']"
CNTS_300000000016077,텐타임즈,제주특별자치도 서귀포시 이어도로 826-51,제주의 숨은 명소에서 유유자적 패들보드,33.2325238,126.5000267,0507-1314-4904,region2,서귀포시,21,서귀포시내,텐타임즈,2019022619945,https://api.cdn.visitjeju.net/photomng/imgpath/202307/26/fc72551a-c0a0-4640-a96a-fef5dc02aeaa.jpg,https://api.cdn.visitjeju.net/photomng/thumbnailpath/202307/26/fe5b25a2-b813-4e73-a824-00e02d595976.jpg,"['레져', ' 체험', ' 패들보드', ' 러닝홀리데이인제주', '실외', '1~2시간']"
CNTS_200000000008851,아일랜드에프,"제주특별자치도 서귀포시 성산읍 성산등용로 112-7, 2층",우도와 성산일출봉 사이 제주바다에 떠있는 선상테마파크,33.4721117,126.9331983,0507-1416-2221,region2,서귀포시,17,성산,아일랜드에프,2019022557287,https://api.cdn.visitjeju.net/photomng/imgpath/201907/02/ff94ba98-0b51-443b-baa1-383e072e82ef.jpg,https://api.cdn.visitjeju.net/photomng/thumbnailpath/201907/02/c5ba33cc-03b6-4711-8869-21b94e729d66.jpg,"['선상낚시', '낚시체험', '선상리조트', '체험', '어트랙션', '공용주차장', '현금결제', '카드결제', '화장실', '무료 WIFI', '흡연구역', '음료대', '유도 및 안내시설', '경보 및 피난시설', '계좌이체', '영어', '', '아주 어려움', '실내+실외', '하', '해양스포츠', '숙박', '낚시', '식음', '3시간 이상']"
CNTS_300000000012716,몽몽까까,제주특별자치도 제주시 도남로 189,반려동물 수제간식을 판매하는 이곳은 무인 가게로 24시간 언제든 편하게 방문해 구매할 수 있다.,33.4857467,126.5345589,0507-1428-5582,region1,제주시,11,제주시내,몽몽까까,2019022621635,https://api.cdn.visitjeju.net/photomng/imgpath/202308/23/461724d6-7a99-47dd-b310-2f095450e179.jpg,https://api.cdn.visitjeju.net/photomng/thumbnailpath/202308/23/71a53e27-ba80-4bc3-b42d-4a1c2d9b286c.jpg,"['반려동물수제간식', '반려동물', '반려동물동반입장', '혼저옵서개', '반려동물동반_기타체험', '공용주차장', '유도 및 안내시설']"
CONT_000000000500364,소남머리,제주특별자치도 서귀포시 칠십리로 145,"바다, 숲, 개울 3가지를 한 곳에서 느낄 수 있는 곳",33.2442936,126.5691064,064-760-6321,region2,서귀포시,21,서귀포시내,Sonammeori ,18580,https://api.cdn.visitjeju.net/photomng/imgpath/201804/30/afd8969e-b934-4c07-8a8f-ed16a3db4419.jpg,https://api.cdn.visitjeju.net/photomng/thumbnailpath/201804/30/a8f4ba71-40b9-42da-9260-6dbf56312b8d.jpg,"['경관/포토', '부모', '커플', '혼자', '친구', '아이', '공용주차장', '유도 및 안내시설', '아주 어려움', '자연경관', '포토스팟', '어린이']"
CNTS_000000000021407,옹포포구,제주특별자치도 제주시 한림읍 옹포리,제주올레 14코스에 위치한 일몰이 아름다우며 항아리를 닮은 포구,33.40058,126.255325,--,region1,제주시,13,한림,옹포포구,11244,https://api.cdn.visitjeju.net/photomng/imgpath/201804/30/dedab2e5-7481-4f10-b02a-f4c466508ff7.jpg,https://api.cdn.visitjeju.net/photomng/thumbnailpath/201804/30/766668ae-fd52-4b46-8fff-17d62e631551.jpg,"['포구', '일몰', '해변', '걷기', '커플', '자연경관']"
CONT_000000000500159,동알오름,제주특별자치도 서귀포시 대정읍 상모리 153,한 폭의 그림과같은 경치를 간직한 동알오름,33.207508,126.28816,,region2,서귀포시,22,대정,Dongal Oreum Volcanic Cone,17534,https://api.cdn.visitjeju.net/photomng/imgpath/201804/30/5a9fb3de-c52e-453c-b85e-37cacd348016.jpg,https://api.cdn.visitjeju.net/photomng/thumbnailpath/201804/30/87997a7d-becf-4f29-905c-812fba024cc3.jpg,"['일몰', '오름', '걷기/등산', '자연경관', '도보여행', '도보']"
CNTS_300000000015853,바다다이브,제주특별자치도 서귀포시 동홍로12번길 5,푸른 제주 바다를 탐험하는 다이빙체험,33.2497702,126.568511,010-4601-7622,region2,서귀포시,21,서귀포시내,바다다이브,2019022617663,https://api.cdn.visitjeju.net/photomng/imgpath/202306/18/f2b2a012-f300-4030-88cb-a77a5292ae42.jpg,https://api.cdn.visitjeju.net/photomng/thumbnailpath/202306/18/ccfa966d-3bfa-4492-8065-7effe7151af6.jpg,"['서귀포시내', ' 스쿠버다이빙', ' 이색체험', '실외', '중']"
CNTS_300000000013019,덩굴원,제주특별자치도 제주시 조천읍 선교로 159-19 (선흘리) 1층,우리나라에 자생하는 수많은 덩굴식물을 모아 놓은 덩굴식물원,33.4861712,126.7055211,064-783-8882,region1,제주시,15,조천,덩굴원,2019022633183,https://api.cdn.visitjeju.net/photomng/imgpath/202405/22/eed9e7c1-f90c-4ca4-beaf-b4efb75936c8.jpg,https://api.cdn.visitjeju.net/thumbnail/photomng/imgpath/202405/22/eed9e7c1-f90c-4ca4-beaf-b4efb75936c8.jpg,"['덩굴식물원', '식물원', '제주시', '조천읍', '자연', '식물', '현금결제', '카드결제', '화장실', '무료 WIFI', '음료대', '', '단독접근가능', '단차없음', '저상버스 접근 가능', '쉬움', '실내+실외', '하', '체험', '기타', '3시간 이상']"
CNTS_300000000015855,뱅듸승마클럽,제주특별자치도 제주시 조천읍 번영로 1118-33,말을 타며 달리는 제주의 푸른 초원,33.4651501,126.6543529,010-2696-7043,region1,제주시,15,조천,뱅듸승마클럽,2019022617682,https://api.cdn.visitjeju.net/photomng/imgpath/202306/18/49d1dcf9-8eb4-4c43-a3b0-d1ae152e19d3.jpg,https://api.cdn.visitjeju.net/photomng/thumbnailpath/202306/18/29a6da90-1a86-4077-8c9b-c29ab0e4bfc6.jpg,"['조천', ' 와흘리', ' 승마', ' 이색체험', '실외', '중', '1~2시간']"
CONT_000000000500189,명월팽나무군락,제주특별자치도 제주시 한림읍 명월로 71,"생물학적 가치가 높아 기념물로 지정하여 보호되는 곳
· 제주시 한림읍 명월리
· 제주도기념물 제19호",33.38698,126.26671,064-728-7672,region1,제주시,13,한림,"Population of Japanese Hackberry, Myeongwol  ",17694,https://api.cdn.visitjeju.net/photomng/imgpath/201804/30/e3a990ae-ada2-49d4-8697-d34bc9953a56.jpg,https://api.cdn.visitjeju.net/photomng/thumbnailpath/201804/30/fadccab8-a095-4d58-a7bf-529954c6c5ea.jpg,"['문화유적지', '경관/포토', '여름', '아주 어려움', '자연경관', '역사유적', '포토스팟']"
CNTS_300000000012743,이루다동물병원,제주특별자치도 제주시 건주로3길 19,이루다동물병원은 Y식자재마트 건무 지하주차장 입구 맞은편에 위치한 병원이다.,33.5167642,126.581414,064-725-1545,region1,제주시,11,제주시내,이루다동물병원,2019022622144,https://api.cdn.visitjeju.net/photomng/imgpath/202308/29/cc1d2a7f-5cff-4909-b9a5-21a18637d3f7.jpg,https://api.cdn.visitjeju.net/photomng/thumbnailpath/202308/29/21fd85dd-d760-4905-8e7c-2280479e26b8.jpg,"['반려동물병원', '반려동물', '반려동물동반입장', '혼저옵서개', '반려동물동반_기타체험', '공용주차장', '화장실', '무료 WIFI', '유도 및 안내시설', '경보 및 피난시설', '엘리베이터']"
CONT_000000000500369,소수산봉(족은물뫼),제주특별자치도 서귀포시 성산읍 고성리 887,아름다운 일출봉과 광치기 해안을 볼 수 있는 곳,33.43848758953042,126.90182065338138,,region2,서귀포시,17,성산,Sosusanbong Volcanic Cone (Jokeunmulmoe),18591,https://api.cdn.visitjeju.net/photomng/imgpath/201804/30/723f4cb4-fc35-4143-a188-dc1ea2b75aaa.jpg,https://api.cdn.visitjeju.net/photomng/thumbnailpath/201804/30/c3a2e3b2-3488-421b-9f6f-543acfec99ae.jpg,"['오름', '부모', '커플', '혼자', '친구', '아이', '자연경관', '어린이']"
CNTS_200000000007342,문화공간 양,제주특별자치도 제주시 거로남6길 13,전시와 강의가 가능하도록 제주 전통 가옥을 개조한 문화공간,33.5092497,126.5618739,064-755-2018,region1,제주시,11,제주시내,문화공간 양,2018052303801,https://api.cdn.visitjeju.net/photomng/imgpath/201808/08/fe9911af-5d1d-49b2-abec-566efee5efe2.JPG,https://api.cdn.visitjeju.net/photomng/thumbnailpath/201808/08/5ce4bbde-c120-4549-bb13-0c7431c2d6a1.JPG,"['혼자', '미술/박물관', '사계절', '전시', '예술', '문화', '실내관광지', '어트랙션']"
CNTS_200000000009871,브레이브독스,제주특별자치도 제주시 한림읍 한수풀로 138,"브레이브 독스는 반려견을 위한 모든 것을 갖춘 곳이다. 반려견과 잠시 쉬어갈 수 있는 카페부터 유치원과 호텔, 애견 미용까지 한 곳에서 모두 해결할 수 있다. 그야말로 강아지들을 위한 원스톱 공간이다. ",33.4218294,126.2766113,0507-1313-4026,region1,제주시,13,한림,브레이브독스,2019022569396,https://api.cdn.visitjeju.net/photomng/imgpath/202002/21/74d15041-a95b-4ebc-bac8-d6827a74c89d.JPG,https://api.cdn.visitjeju.net/photomng/thumbnailpath/202002/21/50e8d9ef-01e7-4768-8bed-7604ed4538d0.JPG,"['반려견', '카페', '음식', '어트랙션']"
CNTS_200000000014308,개미남,제주특별자치도 제주시 구산로 26,"개미남은 애견미용, 가위컷, 스타일컷, 노견 미용을 전문으로 하는 곳이다.",33.482499,126.5380588,0507-1369-1812,region1,제주시,11,제주시내,개미남,2019022611092,https://api.cdn.visitjeju.net/photomng/imgpath/202212/15/b57b0062-16c9-4e20-9d47-a6c7566f8f6c.jpg,https://api.cdn.visitjeju.net/photomng/thumbnailpath/202212/15/2f0e0b7f-31e7-4907-84ef-ae0b56a21aff.jpg,"['반려동물', '반려동물동반입장', '혼저옵서개', '반려동물동반_기타체험', '애견미용실', '공용주차장', '화장실', '무료 WIFI']"
CNTS_300000000015889,해빛다이브,제주특별자치도 서귀포시 칠십리로 123,전용 보트를 타고 즐기는 스쿠버다이빙,33.2431344,126.5675779,064-767-1970,region2,서귀포시,21,서귀포시내,해빛다이브,2019022618026,https://api.cdn.visitjeju.net/photomng/imgpath/202306/20/4e79e92c-e141-44cb-bf06-fc819a58ddea.jpg,https://api.cdn.visitjeju.net/photomng/thumbnailpath/202306/20/4fe033b9-0027-4642-8d73-0a7d00080a47.jpg,"['서귀포시내', ' 스쿠버다이빙', ' 이색체험', '실외', '중', '2~3시간']"
CNTS_000000000019082,예초리기정길,제주특별자치도 제주시 추자면 예초리 산 1,예초리 바닷가를 따라 나 있는 절벽,33.955803,126.33822,--,region3,섬 속의 섬,32,추차도,Yecho-ri Gijeonggil,4259,https://api.cdn.visitjeju.net/photomng/imgpath/201804/30/0e2e9279-b38d-493f-a252-99f3446288ed.jpg,https://api.cdn.visitjeju.net/photomng/thumbnailpath/201804/30/26238b30-f308-4961-b949-169f3426e639.jpg,"['걷기/등산', '자연경관', '도보여행', '도보']"
CNTS_000000000022390,병악현무암지대,제주특별자치도 서귀포시 안덕면 사계리,주상절리 사이로 아담한 해변을 품고 있는 병악현무암지대,33.24668494568891,126.32100940722538,--,region2,서귀포시,23,안덕,병악현무암지대,14386,https://api.cdn.visitjeju.net/photomng/imgpath/201804/30/0bce9d6c-0408-441f-adc6-f78b7b602493.jpg,https://api.cdn.visitjeju.net/photomng/thumbnailpath/201804/30/85791cd9-8ef1-4418-9ced-4b5388949c2c.jpg,"['해변', '걷기', '자연경관']"
CNTS_000000000021512,평대리불턱,제주특별자치도 제주시 구좌읍 해맞이해안로 1240-3,평대리 도께동산 해녀불턱,33.532413,126.84636,--,region1,제주시,16,구좌,평대리불턱,11447,https://api.cdn.visitjeju.net/photomng/imgpath/201804/30/42464e89-1ada-4e66-bd3b-f33439e6d29a.jpg,https://api.cdn.visitjeju.net/photomng/thumbnailpath/201804/30/7b3cd76f-6691-4a34-826c-f6b7a102b707.jpg,"['문화유적지', '역사유적', '어트랙션']"
CNTS_200000000015199,제이앤승마클럽,제주특별자치도 제주시 해안마을7길 211,승마의 기초부터 심화까지 배워가는 곳,33.4460514,126.4688305,010-9082-2866,region1,제주시,11,제주시내,제이앤승마클럽,2019022617889,https://api.cdn.visitjeju.net/photomng/imgpath/202306/19/11bf504f-de2c-4a5a-a211-0bc5fe5ce866.jpg,https://api.cdn.visitjeju.net/photomng/thumbnailpath/202306/19/56721adc-5434-4c1f-ae65-0b6602d03290.jpg,"['제주시', ' 중산간', ' 승마', ' 이색체험', '실외', '중', '1시간 미만']"
CNTS_300000000016086,아띠스떼21,제주특별자치도 서귀포시 안덕면 동광본동로 14-5, 그림을 그리며 행복을 찾는 곳,33.307352,126.3379638,0507-1350-5127,region2,서귀포시,23,안덕,아띠스떼21,2019022620015,https://api.cdn.visitjeju.net/photomng/imgpath/202307/26/49dcdf5e-d614-4610-b14b-59d9ef48044a.jpg,https://api.cdn.visitjeju.net/photomng/thumbnailpath/202307/26/f8e0e903-09e3-4d97-8ce2-cefe957630b3.jpg,"['휴식/힐링', '전시와 행사', ' 그림', ' 미술', ' 수채화', ' 아크릴화', ' 유화', ' 러닝홀리데이인제주', '실내', '1~2시간']"
CNTS_000000000022872,종남마을,제주특별자치도 제주시 조천읍 선흘리 1780,와산리 재건 이후 당시 4·3 때 잃어버린 마을 중에서 유일하게 집 담이 남아있는 마을,33.474056,126.70725,--,region1,제주시,15,조천,종남마을,16777,https://api.cdn.visitjeju.net/photomng/imgpath/201804/30/badd6bdf-9564-448f-a850-22e809a4ec62.jpg,https://api.cdn.visitjeju.net/photomng/thumbnailpath/201804/30/a325e3b3-3824-452f-8f28-08ad8b579a40.jpg,"['4.3', '문화유적지', '문화관광', '제주4.3', '역사유적', '마을산책', '마을관광', '어트랙션']"
CNTS_000000000021097,형제해안로전망대,제주특별자치도 서귀포시 안덕면 형제해안로 26,"형제섬이 보이는 형제해안로 전망대, 한국의 아름다운 길 100선",33.227848,126.30391,064-760-2913,region2,서귀포시,23,안덕,형제해안로전망대,10623,https://api.cdn.visitjeju.net/photomng/imgpath/201804/30/c59feae9-435c-461c-b29e-5c2f8be83d9b.jpg,https://api.cdn.visitjeju.net/photomng/thumbnailpath/201804/30/fec3512e-ff77-49fd-8122-cd41815b474d.jpg,"['부모', '커플', '혼자', '친구', '아이', '맑음', '경관/포토', '휴식/힐링', '올레', '해변', '드라이브', '공용주차장', '아주 어려움', '포토스팟', '어린이', '어트랙션']"
CONT_000000000500033,거린오름 (북오름),제주특별자치도 서귀포시 안덕면 동광리 산 94,제주도 서부를 한눈에 조망할 수 있는 거린오름,33.302387,126.33193,,region2,서귀포시,23,안덕,Georin Oreum Volcanic Cone (Buk Oreum Volcanic Cone) ,17035,https://api.cdn.visitjeju.net/photomng/imgpath/201804/30/232864ce-1b6a-4178-a5a6-b99a69a793de.jpg,https://api.cdn.visitjeju.net/photomng/thumbnailpath/201804/30/2b316191-a887-436b-ba48-e7ce3a011e27.jpg,"['오름', '걷기/등산', '아주 어려움', '자연경관', '도보여행', '도보']"
CNTS_000000000022040,제라진어드벤쳐,제주특별자치도 제주시 조천읍 선교로 33,제주 유일 오프로드 투어.... “광대한 자연을 즐기자”,33.4872096,126.7162685,0507-1363-3900,region1,제주시,15,조천,제라진어드벤쳐,2019022636973,https://api.cdn.visitjeju.net/photomng/imgpath/202407/26/e9a97a7e-07b1-498f-87f2-ca8c436211c8.jpg,https://api.cdn.visitjeju.net/photomng/thumbnailpath/202407/26/89eba570-d238-4a25-9b3e-02c4db8896d5.jpg,"['제주여행', ' 제주동쪽가볼만한곳', ' 제주아이와가볼만한곳', ' 제주관광', ' 제주액티비티', ' 제주동쪽관광', ' 제주자연', ' 제주여행', ' 제주오프로드', '화장실', '무료 WIFI', '현금결제', '카드결제', '공용주차장', '아주 어려움', '실외', '중', '1~2시간']"
CNTS_200000000007535,감귤상웨빵 체험,제주특별자치도 서귀포시 남원읍 하례중앙로 95,감귤 꽃이 가장 먼저 피어나는 하례리 마을에서 만들어 보는 제주 전통 감귤상웨빵,33.3420367,126.5884214,064-733-8009,region2,서귀포시,25,남원,감귤상웨빵 체험,2018052306109,https://api.cdn.visitjeju.net/photomng/imgpath/201809/21/87ccb2af-ad24-44cc-b8e2-3a5767078fa1.jpg,https://api.cdn.visitjeju.net/photomng/thumbnailpath/201809/21/5fd341ad-e12f-400a-94e7-eaa11d1310b5.jpg,"['친구', '커플', '체험관광', '감귤', '감귤상웨빵', '제주 전통 빵', '공용주차장', '화장실', '실내', '하', '체험', '감귤상웨빵 만들기', '1시간 미만', '실내관광지', '어트랙션']"
CNTS_000000000018514,봉글레산,제주특별자치도 제주시 추자면 대서5길 1,아름다운 추자도의 풍광이 펼쳐지는 상추자도 북쪽에 위치한 낮은 산,33.9653580947777,126.2888663269531,--,region1,제주시,11,제주시내,Bonggeullesan Mountain,3220,https://api.cdn.visitjeju.net/photomng/imgpath/201804/30/6255f852-b1d3-4ee5-976f-ce703601a830.gif,https://api.cdn.visitjeju.net/photomng/thumbnailpath/201804/30/56ec8ae0-59e0-4ea8-8545-f44dca2f4a9b.gif,"['오름', '걷기/등산', '맑음', '자연경관']"
CNTS_300000000013609,Sing Sing Sing,제주특별자치도 제주시 오등14길 22 1층,넓고 쾌적한 시설을 갖춘 제주 최대 규모의 실내 롤러스케이트장,33.4730206,126.530068,0507-1369-0241,region1,제주시,11,제주시내,Sing Sing Sing,2019022653723,https://api.cdn.visitjeju.net/photomng/imgpath/202507/04/f2a7ecc4-e122-4c63-911b-f5ae59ff4397.jpg,https://api.cdn.visitjeju.net/photomng/thumbnailpath/202507/04/fd93ced8-79a9-477e-9c42-db7c65332b0d.jpg,"['롤러장', ' 스케이트', ' 체험', ' 놀거리', ' 실내관광지', '공용주차장', '현금결제', '카드결제', '화장실', '편의점']"
CNTS_000000000022848,도령모루(도령마루),제주특별자치도 제주시 서광로 35,4.3 당시 많은 사람이 희생당한 도령마루(제주시 7호 광장 일대),33.498802,126.5004299,064-710-8452,region1,제주시,11,제주시내,도령모루,16729,https://api.cdn.visitjeju.net/photomng/imgpath/201804/30/5c0bc73b-8cfc-4218-8d3e-3037259dc07f.jpg,https://api.cdn.visitjeju.net/photomng/thumbnailpath/201804/30/2049d350-7862-4926-a67a-cfd5ac4c8a18.jpg,"['4.3', '문화유적지', '문화관광', '제주4.3', '역사유적', '어트랙션']"
CNTS_300000000016082,블랙벨트 태권도장,제주특별자치도 제주시 정존5길 9 2층,심신을 단련하고 나를 재정비하는 휴가를 보낼 수 있는 블랙벨트 태권도장,33.4834742,126.4740057,0507-1330-4902,region1,제주시,11,제주시내,블랙벨트 태권도장,2019022619989,https://api.cdn.visitjeju.net/photomng/imgpath/202307/26/7f4efe9b-b733-4d6c-96c8-033db8493e3b.jpg,https://api.cdn.visitjeju.net/photomng/thumbnailpath/202307/26/47aa37b2-1ebb-4bd9-8a1b-d08f2a3e8d73.jpg,"['태권도', '운동', '연동', '발차기', '기술', '러닝홀리데이인제주', '1~2시간']"
CNTS_200000000007490,봉쥬르봉봉,제주특별자치도 제주시 한림읍 한림로 408-2,바다 마그넷 원데이클래스를 체험할 수 있는 봉쥬르봉봉,33.3783242,126.2513044,0507-1431-8991,region1,제주시,13,한림,봉쥬르봉봉,2018052305435,https://api.cdn.visitjeju.net/photomng/imgpath/201809/11/e3229dfb-ca34-481e-9491-631a4867ef72.jpg,https://api.cdn.visitjeju.net/photomng/thumbnailpath/201809/11/b413423d-ad0b-4b26-bc36-ce3eecba5039.jpg,"['혼자', '체험관광', '원데이클래스', '마그넷', '엽서', '소품샵', '어트랙션', '공용주차장', '현금결제', '카드결제', '화장실', '실내', '중', '체험', '마그넷 만들기 원데이클래스', '1~2시간']"
CNTS_200000000010338,환상숲곶자왈 담앙족욕,제주특별자치도 제주시 한경면 녹차분재로 594-1,담앙족욕은 제주의 천연원시림을 볼 수 있는 ‘환상숲곶자왈공원’ 내에 위치하고 있다. ,33.3225764,126.2633048,064-772-2848,region1,제주시,14,한경,환상숲곶자왈 담앙족욕,2019022571180,https://api.cdn.visitjeju.net/photomng/imgpath/202007/01/db58a4a4-1d15-4425-ab5d-2f5f2f81a9d4.jpg,https://api.cdn.visitjeju.net/photomng/thumbnailpath/202007/01/ccb759a2-cfdc-46b3-9efa-27fc15e2cd23.jpg,"['환상숲', '저지리', '족욕', '곶자왈', '숲', '마을관광', '웰니스', '체험', '어트랙션', '식물군락지']"
CNTS_200000000007192,남원 위미2리 어촌계,제주특별자치도 서귀포시 남원읍 태위로 208,"올레 5코스에 위치한 보말, 다슬기, 청각이 가득한 바릇잡이 포인트.",33.274857,126.6695033,064-764-1526,region2,서귀포시,25,남원,남원 위미2리 어촌계,2018052301695,https://api.cdn.visitjeju.net/photomng/imgpath/201807/09/e9298d0d-61b3-4e21-ad19-5d1fe3cd3bdf.jpg,https://api.cdn.visitjeju.net/photomng/thumbnailpath/201807/09/20c9ddb2-afd6-4a7d-8cdc-ed4475d2049e.jpg,"['경관/포토', '체험관광', '해변', '바릇잡이', '올레5코스', '실외', '하', '체험', '포토스팟', '어트랙션']"
CNTS_000000000019919,토종닭유통특구교래삼다수마을,제주특별자치도 제주시 조천읍 교래리,삼다수 본사가 있는 삼다수 마을,33.427616,126.66658,064-784-7146,region1,제주시,15,조천,토종닭유통특구교래삼다수마을,6523,https://api.cdn.visitjeju.net/photomng/imgpath/201804/30/7b8904ff-16aa-41b0-8d49-0dfd7ffc4148.jpg,https://api.cdn.visitjeju.net/photomng/thumbnailpath/201804/30/b671ed77-20be-4b88-97d2-7989eeeff389.jpg,"['체험관광', '마을산책', '마을관광', '어트랙션', '공용주차장', '화장실']"
CNTS_000000000022849,제주국제공항(정뜨르비행장),제주특별자치도 제주시 공항로 2,4·3 당시 수 많은 주민들이 처형된 최대의 학살터인 정뜨르 비행장,33.50639,126.49525,--,region1,제주시,11,제주시내,제주국제공항(정뜨르비행장),16731,https://api.cdn.visitjeju.net/photomng/imgpath/201804/30/35f82a5c-cd6a-4deb-be70-c5b009ab8195.jpg,https://api.cdn.visitjeju.net/photomng/thumbnailpath/201804/30/3fa2f9a0-7dc6-4d9f-b2d8-ab8730a21569.jpg,"['문화유적지', '4.3', '문화관광', '제주4.3', '역사유적', '어트랙션']"
CNTS_000000000022855,제주농업학교 옛터,제주특별자치도 제주시 전농로 100,4․3이 발발하면서 수많은 제주도민들이 잡혀와 고문과 취조를 당했던 한과 눈물의 장소,33.499622,126.53119,--,region1,제주시,11,제주시내,제주농업학교 옛터,16743,https://api.cdn.visitjeju.net/photomng/imgpath/201804/30/d5369b9c-f331-45e8-a0ee-976eff0ebedb.jpg,https://api.cdn.visitjeju.net/photomng/thumbnailpath/201804/30/6cb689f3-abad-4067-967e-1dc037188b08.jpg,"['4.3', '문화유적지', '문화관광', '제주4.3', '역사유적', '어트랙션']"
CNTS_300000000015870,언더더씨 스쿠버다이빙,제주특별자치도 서귀포시 소암로12번길 9,심해로 빠져드는 스쿠버 다이빙 체험,33.244269,126.5671304,010-2643-4328,region2,서귀포시,21,서귀포시내,언더더씨 스쿠버다이빙,2019022617812,https://api.cdn.visitjeju.net/photomng/imgpath/202306/19/051940a0-8a7a-4265-9a5e-70286223f479.jpg,https://api.cdn.visitjeju.net/photomng/thumbnailpath/202306/19/169a2485-2e14-4590-9e50-7a9896a6966b.jpg,"['서귀포시내', ' 스쿠버다이빙', ' 이색체험', '실외', '중', '2~3시간']"
CNTS_200000000010375,무릉자전거도로(환상자전거길 3구간),제주특별자치도 제주시 한경면 판포리 1610,"해거름마을공원에서부터 송악산까지 이어지는 환상자전거길 3구간은 제주 소규모 어항 중에 가장 핫플레이스인 판포포구, 해상풍차로 해안도로의 아름다움을 더한 신창풍차해안도로, 제주 대표 일몰의 명소 수월봉, 차귀도, 만남의 즐거움을 가진 대정오일시장, 고즈넉한 여유를 가진 송악산까지 다양한 제주의 아름다움을 만나고 즐길 수 있는 코스이다.",33.369968353966726,126.20649255335972,,region1,제주시,14,한경,무릉자전거도로(환상자전거길 3구간),2019022571612,https://api.cdn.visitjeju.net/photomng/imgpath/202007/10/cab2e50a-610a-4940-96b1-b76be9ec83b1.jpg,https://api.cdn.visitjeju.net/photomng/thumbnailpath/202007/10/fa9fa11d-35e2-4cec-ab85-b6c25740c906.jpg,"['자전거', ' 환상자전거도로', ' 무릉', ' 신창', ' 해거름마을공원', ' 라이딩', '환상자전거도로', '무릉', '신창', '해거름마을공원', '라이딩', '자연경관', '체험', '언택트', '어트랙션', '드라이브']"
CNTS_300000000013579,한라디지털아트뮤지엄,제주특별자치도 제주시 한라대학로 38,디지털 기술과 예술을 융합한 미디어아트 전시 공간,33.4773741,126.4746605,,region1,제주시,11,제주시내,한라디지털아트뮤지엄,2019022653257,https://api.cdn.visitjeju.net/photomng/imgpath/202506/23/1b297fa9-8c30-40e4-be4f-418391f400c1.jpg,https://api.cdn.visitjeju.net/photomng/thumbnailpath/202506/23/828c5d44-a3de-4d1f-b73d-e7c101dc2252.jpg,"['미술관', ' 뮤지엄', ' 미디어아트', ' 아트', ' 예술', ' 전시', ' 실내관광지', '공용주차장', '현금결제', '카드결제', '화장실', '엘리베이터', '1~2시간']"
CNTS_000000000022851,4·3해원방사탑,제주특별자치도 제주시 신산로 82,다시는 이 땅에 4․3과 같은 비극이 재발되지 않도록 돌을 쌓아 만든 방사탑,33.50547,126.53451,--,region1,제주시,11,제주시내,4·3해원방사탑,16735,https://api.cdn.visitjeju.net/photomng/imgpath/201804/30/068e026d-6963-49d9-91de-7f11236e9966.jpg,https://api.cdn.visitjeju.net/photomng/thumbnailpath/201804/30/0e07ab7d-c223-4b36-a76e-921b08af85d7.jpg,"['4.3', '문화유적지', '문화관광', '제주4.3', '역사유적', '어트랙션']"
CNTS_300000000013679,루미온 포레스트,제주특별자치도 제주시 조천읍 선교로 211-41 1층,"제주 선흘의 루미온 포레스트는 ‘빛’과 ‘숲’이 어우러진 웰니스 공간으로, 자연 속 차와 휴식으로 몸과 마음을 치유하는 힐링 명소이다.",33.4829665,126.7041895,070-8888-6289,region1,제주시,15,조천,루미온 포레스트,2019022655465,https://api.cdn.visitjeju.net/photomng/imgpath/202508/14/d8efbbd4-6d8f-4f39-94dd-ca582a8a191d.jpg,https://api.cdn.visitjeju.net/photomng/thumbnailpath/202508/14/ad556a58-32b7-4fd7-97c8-70132f4b3712.jpg,"['제주', ' 제주시', ' 조천', ' 선흘', ' 바이오포톤', ' 제주요가', ' 오일테라피', ' 꽃차', ' 티클래스', ' 다이어트', ' 비만', '공용주차장', '화장실', '무료 WIFI']"
CNTS_300000000012847,들랑,제주특별자치도 제주시 관덕로4길 14-1,제주에서 명상을 경험하며 마음의 평온을 찾는 곳										,33.5117778,126.5213706,0507-1356-0319								,region1,제주시,11,제주시내,들랑,2019022624365,https://api.cdn.visitjeju.net/photomng/imgpath/202311/22/a78cee96-31d5-4410-89f1-e164950891d6.jpg,https://api.cdn.visitjeju.net/photomng/thumbnailpath/202311/22/17449556-3612-4352-a6d8-4b5366552b13.jpg,"['삼도이동', ' 명상', ' 안전여행스탬프', ' 친구', ' 힐링']"
CNTS_000000000019305,정의향교,제주특별자치도 서귀포시 표선면 성읍서문로 14,제주특별자치도 서귀포시 표선면 성읍리에 있는 조선시대의 향교,33.4112985,126.7819256,064-787-1324,region2,서귀포시,26,표선,정의향교,4841,https://api.cdn.visitjeju.net/photomng/imgpath/201804/30/73eff29e-70db-4ac1-a6bf-1b9288e982a4.jpg,https://api.cdn.visitjeju.net/photomng/thumbnailpath/201804/30/01b10fd1-cfa6-4eee-92f5-cc0f8bb3255c.jpg,"['문화유적지', '청년', '중/장년', '노년', '휴식/치유', '휴식/힐링', '경관/포토', '친구', '아이', '부모', '역사유적', '포토스팟', '어린이', '어트랙션']"
CNTS_200000000010799,제주여가마을,제주특별자치도 제주시 조천읍 조와로 360,"제주시 동쪽 조천읍 와흘에 위치한 제주여가마을은 자신의 여가 분석과 유형별 체험 프로그램을 통해 자신만의 쉬는 법과 노는 법을 터득해 가는 흥미로운 체험마을이다. 제주여가마을 본부가 있는 농촌마을 ‘와흘리’는 세계중요농업유산인 제주밭담의 전통성과 다양성을 잘 보존하여, 제주시가 추진하는 전통밭담을 활용한 힐링 제주 플랫폼 구축사업의 거점마을이기도 하다.",33.504557,126.6357654,064-783-9949,region1,제주시,15,조천,제주여가마을,2019022575599,https://api.cdn.visitjeju.net/photomng/imgpath/202011/03/8b33065e-a5f4-491b-abb1-9969ff855ae2.jpg,https://api.cdn.visitjeju.net/photomng/thumbnailpath/202011/03/5489700a-edcd-4e40-b7f2-c41cdd9ea344.jpg,"['겨울', '마을산책', '마을관광', '체험', '어트랙션']"
CNTS_300000000015871,에이스서프,제주특별자치도 제주시 구좌읍 월정7길 62-1,서핑 초보자도 즐길 수 있는 체험장,33.5557014,126.7955853,070-4248-6296,region1,제주시,16,구좌,에이스서프,2019022617820,https://api.cdn.visitjeju.net/photomng/imgpath/202306/19/7cbf10c9-7864-4400-a685-8523e5b06bcb.jpg,https://api.cdn.visitjeju.net/photomng/thumbnailpath/202306/19/31114452-66cd-4eea-bdf6-c6821f4d605d.jpg,"['구좌읍', ' 월정리', ' 서핑', ' 이색체험', '실외', '중', '2~3시간']"
CNTS_000000000021475,평대해변,제주특별자치도 제주시 구좌읍 평대리 1994-20,눈앞에 펼쳐지는 에메랄드 빛 장관,33.533226,126.84065,064-728-7783,region1,제주시,16,구좌,평대해변,11365,https://api.cdn.visitjeju.net/photomng/imgpath/201804/30/030701dc-96fb-403c-ae57-ee3088e962d4.jpg,https://api.cdn.visitjeju.net/photomng/thumbnailpath/201804/30/391e9f07-97bf-44e3-8ee1-c284460468a9.jpg,"['해변', '경관/포토', '친구', '커플', '여름', '자연경관', '포토스팟', '공용주차장', '화장실', '아주 어려움']"
CNTS_200000000015168,감성을담다,제주특별자치도 제주시 구좌읍 평대7길 20-1,인공적이지 않아 매력적인 아로마향기,33.5300084,126.8438361,010-5742-6163,region1,제주시,16,구좌,감성을담다,2019022617520,https://api.cdn.visitjeju.net/photomng/imgpath/202306/16/c24ec5bb-a451-4b75-9b96-342f9bb85573.jpg,https://api.cdn.visitjeju.net/photomng/thumbnailpath/202306/16/4d2b3e98-9009-4bba-856d-74c1b2c6adae.jpg,"['구좌읍', ' 평대리', ' 향수만들기', ' 룸스프레이', ' 향기체험', ' 체험', '실내', '하', '1~2시간']"
CNTS_000000000022847,송령이골,제주특별자치도 서귀포시 남원읍 한신로143번길 99,4.사건 당시 토벌대에게 사살된 무장대의 시신이 옮겨진 곳.,33.318977,126.70537,--,region2,서귀포시,25,남원,송령이골,16726,https://api.cdn.visitjeju.net/photomng/imgpath/201804/30/11fada5b-01d3-4218-ae6c-dd66d65cb36f.jpg,https://api.cdn.visitjeju.net/photomng/thumbnailpath/201804/30/7d62e306-7bcd-4fd1-bbf6-eed92b78ef8d.jpg,"['4.3', '문화유적지', '문화관광', '제주4.3', '역사유적', '어트랙션']"
CNTS_000000000022876,조천중학원 옛터,제주특별자치도 제주시 조천읍 신북로 264,1947년 3․1절 시위 및 총파업 이후 미군정과 서청의 탄압을 받았던 조천중학원,33.538307,126.640305,--,region1,제주시,15,조천,조천중학원 옛터,16783,https://api.cdn.visitjeju.net/photomng/imgpath/201804/30/f9c3e840-8440-42be-b926-6edaaf8ac525.jpg,https://api.cdn.visitjeju.net/photomng/thumbnailpath/201804/30/9aeb6334-584c-4e8d-a4dc-fa0a7711791d.jpg,"['문화유적지', '4.3', '문화관광', '제주4.3', '역사유적', '어트랙션']"
CNTS_000000000020923,무릉도원마을,제주특별자치도 서귀포시 대정읍 중산간서로 2868,제주의 자연과 문화를 직접 체험할 수 있는 제주도의 무릉도원,33.2748,126.23539,064-792-7966,region2,서귀포시,22,대정,무릉도원마을,10211,https://api.cdn.visitjeju.net/photomng/imgpath/201804/30/4a5abae2-647f-4d98-b383-ea0613ae6326.jpg,https://api.cdn.visitjeju.net/photomng/thumbnailpath/201804/30/dc92ea51-7dc7-4132-b1d4-523fbaa8cfbb.jpg,"['부모', '커플', '혼자', '친구', '아이', '체험관광', '공용주차장', '마을산책', '마을관광', '어린이', '어트랙션']"
CNTS_000000000022716,별내린전망대,제주특별자치도 서귀포시 색달동 2938-1,"하천과 포구, 칠선녀 다리를 두루두루 내려다 볼수 있는 전망대",33.24755,126.4168,064-739-1330,region2,서귀포시,24,중문,별내린전망대,16171,https://api.cdn.visitjeju.net/photomng/imgpath/201804/30/a68b4902-7d34-403f-833c-1f51ef6291c9.jpg,https://api.cdn.visitjeju.net/photomng/thumbnailpath/201804/30/26e5ad93-d164-499a-a0c6-936b61ffa2ae.jpg,"['부모', '커플', '혼자', '친구', '아이', '맑음', '경관/포토', '봄', '포토스팟', '어린이', '어트랙션']"
CNTS_000000000018570,우도보물섬레져,제주특별자치도 제주시 우도면 우도해안길 336,"ATV, 스쿠터, 전기자전거 이용 가능",33.508338,126.9441293,064-782-7744,region3,섬 속의 섬,31,우도,Udo Treasure Island Leisure,3287,https://api.cdn.visitjeju.net/photomng/imgpath/201804/30/cd085250-d01b-477c-acfc-5e6e39475462.jpg,https://api.cdn.visitjeju.net/photomng/thumbnailpath/201804/30/e28f31ff-f4b5-487b-9945-820466add81c.jpg,"['액티비티', '체험', '레저/체험', '수상레저', '어트랙션', '현금결제', '편의점']"
CNTS_200000000008016,갑자기 히어로즈 벽화길,제주특별자치도 제주시 애월읍 금성1길 29-3,제주 금성마을 벽화거리,33.4468277,126.2995018,,region1,제주시,12,애월,갑자기 히어로즈 벽화 길,2018052311433,https://api.cdn.visitjeju.net/photomng/imgpath/201812/19/262adf8f-2f9e-4760-8ca8-71ea813941a8.JPG,https://api.cdn.visitjeju.net/photomng/thumbnailpath/201812/19/d765ab81-5e6f-48a9-9ae2-87cd9df012b7.JPG,"['경관/포토', '테마공원', '커플', '친구', '아이', '도보여행', '도보', '포토스팟', '어린이']"
CNTS_000000000022737,휴림,제주특별자치도 제주시 애월읍 광령남서길 40,"제주시 산림조합이 조성한 숲속 쉼터, 에코힐링파크",33.3701721,126.4819697,010-4499-6065,region1,제주시,12,애월,휴림,16315,https://api.cdn.visitjeju.net/photomng/imgpath/201804/30/77ea5d0c-8631-4734-9bae-29a7b1293b81.jpg,https://api.cdn.visitjeju.net/photomng/thumbnailpath/201804/30/26e9f130-65ae-479b-95ab-cb8ad190718b.jpg,"['부모', '친구', '아이', '커플', '액티비티', '야영장', '캠핑장', '체험', '레저/체험', '어린이', '캠핑', '언택트', '어트랙션', '공용주차장']"
CNTS_200000000013150,훈데르트바서파크,제주특별자치도 제주시 우도면 우도해안길 32-12,"오스트리아 3대 화가이자 환경 운동가, 건축 치료사 ‘훈데르트바서' 의 예술과 건축 철학이 담긴 내추럴 아티스틱 테마파크이다.",33.4931983,126.9562063,064-766-6000,region3,섬 속의 섬,31,우도,훈데르트바서파크,2019022599758,https://api.cdn.visitjeju.net/photomng/imgpath/202203/16/924d8257-b6cb-488f-970c-050c069de221.jpg,https://api.cdn.visitjeju.net/photomng/thumbnailpath/202203/16/542e4e62-6a3f-4a28-828b-8d142b9b369a.jpg,"['문화관광', '건축문화기행', '테마공원', '포토스팟', '관광지', '무장애관광', '공용주차장', '현금결제', '카드결제', '화장실', '무료 WIFI', '편의점', '', '단독접근가능', '장애인 화장실', '승강기', '장애인 전용 주차장', '쉬움', '실내+실외', '하', '공연/전시', '박물관 전시 ', '1~2시간']"
CNTS_000000000021055,천지연기정길,제주특별자치도서귀포시 서귀동 961-33,천지연 폭포를 눈에 담을 수 있는 길,33.248628238945116,126.5554080826172,--,region2,서귀포시,21,서귀포시내,천지연기정길,10501,https://api.cdn.visitjeju.net/photomng/imgpath/201804/30/736b02f2-20ee-49ee-8120-df4a9a80defd.jpg,https://api.cdn.visitjeju.net/photomng/thumbnailpath/201804/30/2d4f251f-4680-40b3-b60b-5ae17c6bb103.jpg,"['폭포', '걷기/등산', '자연경관', '도보여행', '도보', '아주 어려움']"
CNTS_000000000019573,애월환해장성,제주특별자치도 제주시 애월읍 애월로3길 60,제주를 지키던 ‘제주의 만리장성’의 흔적이 남아있는 곳,33.4683273,126.3130121,060-728-2731,region1,제주시,12,애월,Aewol Hwanhaejangseong Fortress,5573,https://api.cdn.visitjeju.net/photomng/imgpath/201804/30/4eab2335-93af-405c-8ad4-45e4f813f301.jpg,https://api.cdn.visitjeju.net/photomng/thumbnailpath/201804/30/3954be6e-02d3-4493-9289-a393a038bba8.jpg,"['문화유적지', '가을', '아주 어려움', '자연경관', '문화관광', '역사유적']"
CNTS_000000000018885,송악카트체험장,제주특별자치도 서귀포시 대정읍 송악관광로 404,송악산을 바라보며 카트체험하기,33.20824,126.28927,064-794-1717,region2,서귀포시,22,대정,송악카트체험장,3838,https://api.cdn.visitjeju.net/photomng/imgpath/201804/30/5b6db0ee-1a75-4702-80e4-4c060cb03c29.jpg,https://api.cdn.visitjeju.net/photomng/thumbnailpath/201804/30/5d99b46a-0f80-4dbe-986d-351d142516b8.jpg,"['액티비티', '아이', '맑음', '체험', '레저/체험', '어린이', '수상레저', '어트랙션', '공용주차장', '현금결제', '카드결제', '화장실', '흡연구역', '아주 어려움']"
CNTS_300000000013663,퐁당제주,제주특별자치도 제주시 애월읍 애월해안로 715-1,"제트보트, 제트스키, 스피드보트 등 해양 액티비티 체험 기회를 제공하는 레저 전문점",33.4841847,126.3773719,0507-1481-0185,region1,제주시,12,애월,퐁당제주,2019022654973,https://api.cdn.visitjeju.net/photomng/imgpath/202508/05/f4054750-fc73-4ca4-9188-39c18d4a619e.jpg,https://api.cdn.visitjeju.net/photomng/thumbnailpath/202508/05/7869a0b8-8962-41b8-a46d-d4fe79c1988d.jpg,"['액티비티', ' 물놀이', ' 제트보트', ' 투명카약', ' 스피드보트', ' 체험', ' 해양', '현금결제', '카드결제', '실외', '1시간 미만']"
CNTS_300000000015850,라인업서프 하도,제주특별자치도 제주시 구좌읍 하도13길 55,동쪽끝 하도리 바다를 즐기는 서핑체험,33.5108067,126.8921626,010-2864-2339,region1,제주시,16,구좌,라인업서프 하도,2019022617634,https://api.cdn.visitjeju.net/photomng/imgpath/202306/18/2d7856f8-595f-4593-b17f-1482f60a8bb6.jpg,https://api.cdn.visitjeju.net/photomng/thumbnailpath/202306/18/c721b30d-3c6e-481f-9bd2-df77209112ef.jpg,"['구좌읍', ' 하도리', ' 서핑', '실외', '중', '2~3시간', '맑음', '체험관광', '액티비티', '여름', '해변', ' 구좌읍']"
CNTS_200000000008075,칠머리길,제주특별자치도 제주시 칠머리길 1,"칠머리당 터를 만나 볼 수 있는 제주의 옛 골목길
",33.5170679,126.5359943,,region1,제주시,11,제주시내,칠머리길,2018052312041,https://api.cdn.visitjeju.net/photomng/imgpath/201812/26/94eb6190-a062-44a0-a1f8-5868ead46fa8.JPG,https://api.cdn.visitjeju.net/photomng/thumbnailpath/201812/26/0db1933c-4265-4776-b965-f587ff980371.JPG,"['휴식/힐링', '걷기/등산', '자연경관', '체험', '도보여행', '도보', '어트랙션']"
CNTS_000000000022871,영모원,제주특별자치도 제주시 애월읍 하귀리 1130-1,4·3희생자의 신위를 한 곳에 모심으로써 화해와 상생의 표본이 된 곳.,33.47222,126.41828,--,region1,제주시,12,애월,영모원,16775,https://api.cdn.visitjeju.net/photomng/imgpath/201804/30/ef808dc3-dc35-4fa7-91bf-bfd7362b1738.jpg,https://api.cdn.visitjeju.net/photomng/thumbnailpath/201804/30/ebbb41f2-dd74-4f9d-bab6-7d03a2df3799.jpg,"['문화유적지', '문화관광', '역사유적', '어트랙션']"
CNTS_000000000021378,제주불교성지 순례길 절로가는길 - 선정의 길,제주특별자치도 서귀포시 516로771번길 59,어리석음에서 벗어난 지혜의 길,33.319935,126.59309,--,region2,서귀포시,21,서귀포시내,제주불교성지 순례길 절로가는길 - 선정의 길,11175,https://api.cdn.visitjeju.net/photomng/imgpath/201804/30/a40f8602-2f44-4162-82cb-e794fe88a36f.jpg,https://api.cdn.visitjeju.net/photomng/thumbnailpath/201804/30/5fc4a270-871c-45cc-aa09-a80539906077.jpg,"['걷기/등산', '흐림', '봄', '가을', '문화관광', '도보여행', '도보', '어트랙션']"
CNTS_300000000013222,안의울림 국제싱잉볼사운드테라피연구소,제주특별자치도 제주시 애월읍 애월북서길 15 (애월리) ,"싱잉볼의사운드와 진동안에서 휴식, 명상, 쉼을 통한 힐링프로그램을 진행합니다. ",33.465411,126.3120385,010-6816-9393,region1,제주시,12,애월,안의울림 국제싱잉볼사운드테라피연구소,2019022641342,https://api.cdn.visitjeju.net/photomng/imgpath/202409/25/4d84361a-2b07-4e14-bf1b-bd2f85091675.jpg,https://api.cdn.visitjeju.net/photomng/thumbnailpath/202409/25/902a8068-e552-4ff1-9a9b-fd025afb28ff.jpg,"['싱잉볼테라피', '소규모', '제주싱잉볼', '제주프리이빗힐링', '공용주차장', '현금결제', '카드결제', '화장실', '무료 WIFI', '유도 및 안내시설', '', '영어', '단독접근가능', '청각장애인 접근성', '시각장애인 접근성', '장애인 전용 주차장', '쉬움', '실내+실외', '하', '체험', '힐링', ' 마음챙김', ' 명상', ' 싱잉볼', ' 웰니스', '1~2시간']"
CNTS_200000000008913,나틸다,제주특별자치도 제주시 아란5길 31-6,"가장 예쁜 오늘, 지금 「나틸다」
제주시에 있는 의상카페",33.4752059,126.5427649,010-5381-0102,region1,제주시,11,제주시내,나틸다,2019022557589,https://api.cdn.visitjeju.net/photomng/imgpath/201907/11/204d7142-bf5b-4e5c-8351-8a376398ad54.jpg,https://api.cdn.visitjeju.net/photomng/thumbnailpath/201907/11/9b556f9c-31eb-4ec5-8fee-166dc336ed0e.jpg,"['친구', '체험관광', '청년', '공용주차장', '현금결제', '카드결제', '화장실', '무료 WIFI', '음료대', '', '영어', '중국어', '단독접근가능', '쉬움', '실내', '하', '체험', '드레스카페에서 사진찍고 놀기', '2~3시간', '실내관광지', '어트랙션', '무장애관광']"
CNTS_200000000012946,무비랜드왁스뮤지엄,제주특별자치도 서귀포시 중문관광로 205,밀랍인형 박물관입니다.,33.2436647,126.4215932,064-739-9063,region2,서귀포시,24,중문,무비랜드왁스뮤지엄,2019022599831,https://api.cdn.visitjeju.net/photomng/imgpath/202203/23/9d327ee4-9456-4506-924f-67c1ffdd6a35.jpg,https://api.cdn.visitjeju.net/photomng/thumbnailpath/202203/23/e459e94e-ebba-4846-a3ad-5adbe996b3dc.jpg,"['박물관', '밀랍인형', '실내관광지', '관광지', '공용주차장', '화장실', '무료 WIFI', '경보 및 피난시설', '카드결제', '현금결제', '', '실내', '하', '1시간 미만']"
CNTS_200000000009412,까끄래기오름,제주시 조천읍 교래리 128,조천읍 교래리에 있는 전망 좋은 오름,33.4276176,126.66658030000008,064-728-7876,region1,제주시,15,조천,까끄래기오름,2019022564827,https://api.cdn.visitjeju.net/photomng/imgpath/201910/24/63729a42-0be6-4743-9517-65771d9511ec.JPG,https://api.cdn.visitjeju.net/photomng/thumbnailpath/201910/24/87a8d08f-4c13-4f98-be18-936712293272.JPG,"['커플', '혼자', '친구', '맑음', '경관/포토', '휴식/힐링', '테마공원', '액티비티', '가을', '오름', '사계절', '청년', '중/장년', '휴식/치유', '자연경관', '체험', '도보여행', '도보', '레저/체험', '포토스팟', '어트랙션']"
CNTS_300000000012746,한림동물병원,제주특별자치도 제주시 한림읍 한림상로 114,한림동물병원은 제주시 한림읍에 위치한 동물병원이다.,33.4097579,126.265138,064-759-7975,region1,제주시,13,한림,한림동물병원,2019022622171,https://api.cdn.visitjeju.net/photomng/imgpath/202308/29/101e4e8c-7234-4334-bf8d-77b9f7f530ac.jpg,https://api.cdn.visitjeju.net/photomng/thumbnailpath/202308/29/22c2cc38-b772-4e8d-b74a-4c8176d9d9dc.jpg,"['반려동물병원', '반려동물', '반려동물동반입장', '혼저옵서개', '반려동물동반_기타체험', '공용주차장', '화장실', '무료 WIFI']"
CNTS_000000000022865,삼밭구석 & 동광리4·3희생자위령비,제주특별자치도 서귀포시 안덕면 동광리 1425 일대,4·3사건 당시 죽은 삼밧구석 주민들의 원혼을 달래기 위해 마을 출신 주민들이 직접 세운 비석,33.311443,126.330444,--,region2,서귀포시,23,안덕,삼밭구석 & 동광리4·3희생자위령비,16762,https://api.cdn.visitjeju.net/photomng/imgpath/201804/30/7cf03fab-f939-4c49-ac2d-3df6bf5e5589.jpg,https://api.cdn.visitjeju.net/photomng/thumbnailpath/201804/30/b64e7450-b3be-4ac0-bac1-e51138ce4222.jpg,"['4.3', '문화유적지', '문화관광', '제주4.3', '역사유적', '어트랙션']"
CNTS_200000000015150,그린페블,제주특별자치도 제주시 한림읍 수동7길 54-3,세상에 단 하나뿐인 특별한 초콜릿,33.3454742,126.2487978,064-772-5011,region1,제주시,13,한림,그린페블,2019022617529,https://api.cdn.visitjeju.net/photomng/imgpath/202306/16/15c9894d-884d-4088-ba99-0efeb9dd3674.jpg,https://api.cdn.visitjeju.net/photomng/thumbnailpath/202306/16/a85ac30e-7179-4e7b-8047-e8841bf94f52.jpg,"['한림', ' 초콜릿', ' 초콜릿만들기', ' 체험공방', '실내', '중', '1~2시간', ' 체험', ' 아이']"
CNTS_000000000021043,신양항(하추자항),제주특별자치도 제주시 추자면 신양리,제주올레길 18-1코스의 시작과 끝을 함께하는 곳,33.935432,126.32276,--,region3,섬 속의 섬,32,추차도,신양항(하추자항),10470,https://api.cdn.visitjeju.net/photomng/imgpath/201804/30/817c8693-511d-447d-a849-73ef62b967c6.gif,https://api.cdn.visitjeju.net/photomng/thumbnailpath/201804/30/fa13338a-551e-48e1-a390-c418e5e165cb.gif,"['올레', '여자', '남자', '맑음']"
CNTS_300000000015890,홀리데이 다이빙 코리아,제주특별자치도 서귀포시 칠십리로91번길 25,제주 다이빙 포인트에서 만끽하는 바다,33.240863,126.5628388,010-2188-1337,region2,서귀포시,21,서귀포시내,홀리데이 다이빙 코리아,2019022618037,https://api.cdn.visitjeju.net/photomng/imgpath/202306/20/612abbde-39f7-4f9e-871c-31d198bdfbf2.jpg,https://api.cdn.visitjeju.net/photomng/thumbnailpath/202306/20/69f875df-a28a-49cd-8264-2699d78182a1.jpg,"['서귀포', ' 칠십리', ' 스쿠버다이빙', ' 이색체험', '실외', '중', '2~3시간']"
CNTS_300000000012729,캣츠앤독스,제주특별자치도 서귀포시 태평로 488,"‘포포’와 ‘리치’가 지키고 있는 캣츠앤독스는 반려견 유치원, 반려견 미용, 반려견 호텔, 모두 가능한 반려동물 멀티샵이다.",33.248925,126.5708639,064-733-0071,region2,서귀포시,21,서귀포시내,캣츠앤독스,2019022621780,https://api.cdn.visitjeju.net/photomng/imgpath/202308/23/45c56a3d-1403-4990-bcd1-77f9fe5dbe1d.jpg,https://api.cdn.visitjeju.net/photomng/thumbnailpath/202308/23/fb0c15a4-b5ae-41dc-a921-364610067b05.jpg,"['반려견미용', '반려견유치원', '반려동물', '반려동물동반입장', '혼저옵서개', '반려동물동반_기타체험', '공용주차장', '무료 WIFI']"
CNTS_200000000007189,강정어촌계,제주특별자치도 서귀포시 말질로 290,"보말, 다슬기, 소라뿐만 아니라 간조 시 갯벌에 나가 맨손으로 고기잡이체험을 할 수 있는 바릇잡이 포인트.",33.2275619,126.4748154,064-739-0773,region2,서귀포시,21,서귀포시내,강정어촌계,2018052301645,https://api.cdn.visitjeju.net/photomng/imgpath/201807/09/6e6a541e-7ba7-48ec-a6a7-6491d805f727.jpg,https://api.cdn.visitjeju.net/photomng/thumbnailpath/201807/09/7d9e69a4-f442-4e6b-87ec-36a08403109c.jpg,"['경관/포토', '체험관광', '해변', ' 바릇잡이', '실외', '하', '체험', '바릇잡이', '포토스팟', '어트랙션']"
CONT_000000000500503,이랜드뮤지엄,제주특별자치도 제주시 한림해안로 530,세계 최고가품인 오스카트로피 및 아카데미시상식 수상작들의 영화소품을 전시하는 박물관,33.436172,126.27444,064-796-9600,region1,제주시,13,한림,E.Land Museum,19297,https://api.cdn.visitjeju.net/photomng/imgpath/201804/30/b86f3367-4964-4b32-bfb6-ce89113dd94b.jpg,https://api.cdn.visitjeju.net/photomng/thumbnailpath/201804/30/5585afc1-3421-4d79-8a6c-a35a07362ee5.jpg,"['실내', '테마공원', '아이', '비.눈', '사계절', '실내관광지', '어트랙션', '무장애관광', '공용주차장', '현금결제', '카드결제', '화장실', '무료 WIFI', '음료대', '유도 및 안내시설', '경보 및 피난시설', '단독접근가능', '단차없음', '저상버스 접근 가능', '장애인 화장실', '장애인 전용 주차장', '쉬움']"
CNTS_300000000013568,월정뷰게스트하우스 코난비치스노쿨링대여점 ,제주특별자치도 제주시 구좌읍 월정1길 70-6 (월정리) 2층 월정뷰게스트하우스 코난비치스노쿨링대여점,제주 코난비치 스노쿨링대여 각종물놀이용품 대여점 온수샤워장 각종 스노쿨링포인트안내 제주도 스노쿨링 체험 해변까지 걸어서 10초 거리,33.5569107,126.7943496,010-7929-9223,region1,제주시,16,구좌,코난비치스노쿨링대여점 월정뷰게스트하우스,2019022652674,https://api.cdn.visitjeju.net/photomng/imgpath/202506/16/90264ab0-3fdc-49a0-8ecd-73a73681d1e8.jpg,https://api.cdn.visitjeju.net/photomng/thumbnailpath/202506/16/b7e1a751-7f3e-4240-8b30-81d4ca8c9b00.jpg,"['스노쿨링', ' 물놀이', ' 액티비티', ' 코난비치', ' 코난해변', ' 해수욕장', ' 게스트하우스', ' 월정리', ' 대여점', ' 체험', '공용주차장', '현금결제', '카드결제', '화장실', '무료 WIFI', '유도 및 안내시설', '경보 및 피난시설']"
CNTS_200000000011995,김한미술관 & 카페3206,제주특별자치도 제주시 한림읍 한상로 115,함경북도가 고향인 서양화가 김한(1928~2013)의 유작과 유품들을 전시해 놓은 미술관과 카페.,33.4090102,126.2872001,064-796-6028,region1,제주시,13,한림,김한미술관 & 카페3206,2019022582489,https://api.cdn.visitjeju.net/photomng/imgpath/202109/13/b77c0fb5-fd23-44cc-997d-528fb7405c43.jpg,https://api.cdn.visitjeju.net/photomng/thumbnailpath/202109/13/4038916a-4846-4a12-9de6-41a1f1072149.jpg,"['휴식/힐링', '미술/박물관', '실내관광지', '문화관광', '미술관', '어트랙션', '관광지']"
CNTS_000000000018795,창고천생태공원,제주특별자치도 서귀포시 안덕면 일주서로 1524,안덕지역을 통과하는 생태 공원,33.258415,126.35306,064-794-9001,region2,서귀포시,23,안덕,창고천생태공원,3731,https://api.cdn.visitjeju.net/photomng/imgpath/201804/30/e32cf2be-c7af-4f9d-8f63-b40873fd3d0a.jpg,https://api.cdn.visitjeju.net/photomng/thumbnailpath/201804/30/95426a90-6b65-4ad5-b38f-ea017a9fe31e.jpg,"['계곡', '걷기/등산', '흐림', '봄', '아주 어려움', '자연경관', '물놀이']"
CNTS_000000000019888,중문카라반,제주특별자치도 서귀포시 이어도로 81,"중문하나로마트에서 5분도채 걸리지 않는곳에 위치하며 아프리카 박물관, 주상절리 근처로 찾기가 쉽습니다.",33.24047,126.49301,064-739-8131,region2,서귀포시,21,서귀포시내,Jungmun Caravan,6468,https://api.cdn.visitjeju.net/photomng/imgpath/201804/30/2e85a2d0-67dc-41c3-927d-4c536cbd126f.jpg,https://api.cdn.visitjeju.net/photomng/thumbnailpath/201804/30/8b6ca654-0770-486d-9ce5-a7f29417c1dd.jpg,"['야영장', '캠핑장', '액티비티', '맑음', '체험', '레저/체험', '캠핑', '언택트', '어트랙션', '공용주차장', '아주 어려움']"
CNTS_200000000007493,이로이로공방,제주특별자치도 제주시 구좌읍 하도7길 16-11,"제주시 동쪽에 위치한 하도리 마을 내, 프랑스자주 원데이클래스 체험을 진행하는 공방",33.5157049,126.8864438,0507-1423-0729,region1,제주시,16,구좌,이로이로공방,2018052305476,https://api.cdn.visitjeju.net/photomng/imgpath/201809/11/387e747c-78d7-4483-9f3c-7e5d5daae98b.jpg,https://api.cdn.visitjeju.net/photomng/thumbnailpath/201809/11/bfcd95d2-eb8d-4128-a9d7-e81399da4f5d.jpg,"['친구', '혼자', '휴식/힐링', '체험관광', '원데이클래스', '프랑스자수', '캘리그라피', '체험', '어트랙션', '현금결제', '카드결제', '화장실', '실내', '프랑스자수 원데이클래스', '2~3시간']"
CNTS_200000000008831,"고씨주택(사랑방, 책방)",제주특별자치도 제주시 관덕로17길 27-1,"제주시 원도심의 고즈넉한 고씨주택(사랑방, 책방)",33.5149744,126.5283867,064-726-0694,region1,제주시,11,제주시내,"고씨주택(사랑방, 책방)",2019022650312,https://api.cdn.visitjeju.net/photomng/imgpath/202503/20/2daefabd-6003-4cb3-8178-b643d00ecee4.jpg,https://api.cdn.visitjeju.net/photomng/thumbnailpath/202503/20/9ed5b12c-63e8-4a05-ada6-ec21d6877732.jpg,"['성안올레쉼터', ' 부모', '커플', '혼자', '친구', '아이', '휴식/힐링', '미술/박물관', '체험관광', '청년', '중/장년', '노년', '휴식/치유', '도서관', '책방', '어린이', '어트랙션', '도시재생', '케왓', '제주도시재생', '거점시설', '산지천', '꼬닥꼬닥', '화장실', '체험']"
CNTS_200000000007255,캘리그라피 오월,제주특별자치도 제주시 오남로 90,나만의 아름답고 개성 있는 손글씨를 쓸 수 있는 캘리그라피오월.,33.487987,126.517789, 070-7390-4414,region1,제주시,11,제주시내,캘리그라피 오월,2018052302784,https://api.cdn.visitjeju.net/photomng/imgpath/201807/19/416a0ec7-1f65-4543-8564-7688d2e084b9.JPG,https://api.cdn.visitjeju.net/photomng/thumbnailpath/201807/19/136d8466-07d0-4517-8278-f0d29c6e5d30.JPG,"['체험관광', '실내', '원데이클래스', '체험', '어트랙션']"
CNTS_300000000012717,베콩스,제주특별자치도 제주시 조천읍 신북로 479-2,안락함과 건강을 최우선으로 생각하는 베콩스는 반려견의 소중한 하루하루를 다채롭게 채울 수 있도록 최선을 다하고 있다.,33.5435402,126.661653,0507-1323-3560,region1,제주시,15,조천,베콩스,2019022621642,https://api.cdn.visitjeju.net/photomng/imgpath/202308/23/b4eccd47-b64d-4be5-ad89-86ba38cbe4e0.JPG,https://api.cdn.visitjeju.net/photomng/thumbnailpath/202308/23/dedcaae0-e35e-4fb1-aa3d-d656da2ccff3.JPG,"['애견호텔', '애견놀이터', '반려동물', '반려동물동반입장', '혼저옵서개', '반려동물동반_기타체험', '공용주차장', '화장실', '무료 WIFI', '엘리베이터']"
CNTS_000000000019988,성읍목장,제주특별자치도 서귀포시 표선면 성읍리 1734,4계절 내내 탁 트인 경관을 자랑해 사진 촬영 포인트로 유명한 성읍목장,33.404278,126.791985,--,region2,서귀포시,26,표선,Seongeup Ranch,6817,https://api.cdn.visitjeju.net/photomng/imgpath/201804/30/d3665aa5-bb00-472d-9886-06e3337d9515.jpg,https://api.cdn.visitjeju.net/photomng/thumbnailpath/201804/30/6af77481-27f5-4a5e-935c-61bab62cf8da.jpg,"['경관/포토', '맑음', '봄', '포토스팟', '어트랙션']"
CNTS_000000000021511,온평리 환해장성,제주특별자치도 서귀포시 성산읍 환해장성로 732,역사가 숨쉬는 환해장성,33.418377,126.91146,--,region2,서귀포시,17,성산,온평리 환해장성,11445,https://api.cdn.visitjeju.net/photomng/imgpath/201804/30/4a7fe0af-b3d9-48c8-9a9f-9e4fabebead7.jpg,https://api.cdn.visitjeju.net/photomng/thumbnailpath/201804/30/f86bc15e-e6d7-4f01-9e43-d83c84747206.jpg,"['문화유적지', '사계절', '올레', '해변', '커플', '친구', '자연경관', '문화관광', '역사유적']"
CNTS_200000000008792,김영수도서관,제주특별자치도 제주시 중앙로8길 18,"제주시 원도심 도시재생사업의 일환으로 추진된 마을 도서관
",33.5149598,126.52170419999993,064-717-3358,region1,제주시,11,제주시내,김영수도서관,2019022556727,https://api.cdn.visitjeju.net/photomng/imgpath/201906/04/5b62d7bf-d51d-4a1d-ad84-11ca2fe51a98.JPG,https://api.cdn.visitjeju.net/photomng/thumbnailpath/201906/04/197eda00-9243-42e8-a79e-3d50756131bf.JPG,"['도서관', '원도심도시재생사업', '실내관광지', '문화관광', '어트랙션', '화장실']"
CNTS_300000000016101,하도 어촌 체험 마을,제주특별자치도 제주시 구좌읍 해맞이해안로 1897-27,평생 물질한 해녀 삼춘들이 있는 곳,33.5200605,126.9040869,064-783-1996,region1,제주시,16,구좌,하도 어촌 체험 마을,2019022620093,https://api.cdn.visitjeju.net/photomng/imgpath/202307/26/1d0fd956-b384-4007-897e-a22b9a1fc9d4.jpg,https://api.cdn.visitjeju.net/photomng/thumbnailpath/202307/26/6919397d-28de-419f-b15f-6000408327e5.jpg,"['해녀', '물질', '해녀체험', '물질체험', '바다', '2~3시간']"
CNTS_300000000015857,브리더스파크,제주특별자치도 제주시 구좌읍 금백조로 902-102,우리나라 최대 & 최고 규모의 승마장,33.433738,126.7772854,064-784-0669,region1,제주시,16,구좌,브리더스파크,2019022617703,https://api.cdn.visitjeju.net/photomng/imgpath/202306/19/9ba8fc24-e985-4d95-992a-035e6453324e.jpg,https://api.cdn.visitjeju.net/photomng/thumbnailpath/202306/19/551c608f-c0f2-44be-bd99-53f696c442d8.jpg,"['맑음', '체험관광', '사계절', ' 구좌읍', ' 송당리', ' 승마', ' 외승', ' 말', ' 이색체험', '실외', '중', '1~2시간']"
CNTS_000000000019114,묵리마을,제주특별자치도 제주시 추자면 묵리,조용하면서 평화로운 하추자의 전통어촌 마을,33.94865,126.31429,--,region3,섬 속의 섬,32,추차도,Mukri Village,4396,https://api.cdn.visitjeju.net/photomng/imgpath/201804/30/54b5305b-e9d3-4265-a29b-f6c6717c300e.jpg,https://api.cdn.visitjeju.net/photomng/thumbnailpath/201804/30/f1bea604-e4c7-44be-a9fb-88c713ecf47e.jpg,"['혼자', '커플', '친구', '휴식/힐링', '마을산책', '마을관광']"
CNTS_000000000019454,비양도의 비양나무자생지,제주특별자치도 제주시 한림읍 협재리 산 89,제주특별자치도 기념물 제48호로 지정된 한국에서 유일한 비양나무 자생군락지,33.499622,126.53119,064-728-2731,region1,제주시,13,한림,Biyangdo Natural Forest Habitat,5327,https://api.cdn.visitjeju.net/photomng/imgpath/201804/30/a8c7b3b6-60f1-4ad8-88d5-66a0b920d229.jpg,https://api.cdn.visitjeju.net/photomng/thumbnailpath/201804/30/98f5bc32-dbae-4f4a-bc8a-6eec5a5d24c0.jpg,"['부모', '커플', '친구', '아이', '맑음', '휴식/힐링', '자연경관', '어린이']"
CNTS_300000000015861,서프론트,제주특별자치도 제주시 애월읍 곽지5길 21,푸른 곽지해수욕장에서 신나는 서핑체험,33.4491798,126.3056425,010-6463-4857,region1,제주시,12,애월,서프론트,2019022617738,https://api.cdn.visitjeju.net/photomng/imgpath/202306/19/438bc496-449c-4273-a43b-2fc50af6f8da.jpg,https://api.cdn.visitjeju.net/photomng/thumbnailpath/202306/19/376e2ea3-2540-4368-aa87-463ad9d957b9.jpg,"['애월', ' 곽지', ' 서핑', ' 이색체험', '실외', '중', '2~3시간']"
CNTS_000000000022850,현의합장묘역,제주특별자치도 서귀포시 남원읍 중산간동로 6242-56,‘의로운 영혼들이 함께 묻혀 있는 묘’라는 의미의 ‘현의합장묘(顯義合葬墓)’,33.350883,126.69801,--,region2,서귀포시,25,남원,현의합장묘역,16733,https://api.cdn.visitjeju.net/photomng/imgpath/201804/30/1456c856-30fe-4796-be8d-bc68425712df.jpg,https://api.cdn.visitjeju.net/photomng/thumbnailpath/201804/30/e4ce1d51-e5ee-402b-b21b-a3edfdffe131.jpg,"['4.3', '문화유적지', '문화관광', '제주4.3', '역사유적', '어트랙션']"
CNTS_000000000022469,제주글램핑 (무한자미향),제주특별자치도 제주시 구좌읍 중산간동로 1921,"국내 최대 럭셔리 글램핑 복합 휴양시설

제주글램핑 (무한자미향)",33.48201,126.753845,064-784-3200,region1,제주시,16,구좌,제주글램핑 (무한자미향),14750,https://api.cdn.visitjeju.net/photomng/imgpath/201804/30/7322c6a5-b401-4552-830a-000950e01a2b.jpg,https://api.cdn.visitjeju.net/photomng/thumbnailpath/201804/30/3610f094-59e6-48b2-b566-1fd1f67ef8ae.jpg,"['야영장', '캠핑장', '액티비티', '친구', '커플', '맑음', '체험', '레저/체험', '캠핑', '언택트', '어트랙션', '공용주차장', '현금결제', '카드결제', '화장실', '편의점', '유도 및 안내시설', '경보 및 피난시설']"
CNTS_200000000010033,송악힐링풋스킨,제주특별자치도 서귀포시 대정읍 송악관광로 399,다양한 수제음료와 함께 아로마 족욕을 편안하게 즐겨보자,33.2089571,126.2892567,064-794-8859,region2,서귀포시,22,대정,송악힐링풋스킨,2019022570278,https://api.cdn.visitjeju.net/photomng/imgpath/202004/20/ea610b44-7997-4479-a94e-64e95c1dfb89.jpg,https://api.cdn.visitjeju.net/photomng/thumbnailpath/202004/20/ee74e23e-a975-44ed-a7a8-1ffbfba501b3.jpg,"['휴식/힐링', '공용주차장', '현금결제', '카드결제', '화장실', '무료 WIFI', '계좌이체', '영어', '중국어', '', '어려움', '실내', '하', '1시간 미만', '어트랙션']"
CNTS_000000000022883,산지항 옛터,제주특별자치도 제주시 연무정길 28 (건입동)일대,1950년 예비검속 당시 에비검속자 가운데 일부가 수장당한 곳.,33.516888,126.53469,--,region1,제주시,11,제주시내,산지항 옛터,16797,https://api.cdn.visitjeju.net/photomng/imgpath/201804/30/b6939e07-60ed-427a-bff5-4d0ff42ceebd.jpg,https://api.cdn.visitjeju.net/photomng/thumbnailpath/201804/30/80a6facd-a6d6-4c16-9382-cadb9c7c8feb.jpg,"['4.3', '문화유적지', '문화관광', '제주4.3', '역사유적', '어트랙션']"
CNTS_000000000022874,자리왓,제주특별자치도 제주시 애월읍 봉성리 1410 일대,토벌대의 초토화작전으로 사라진 마을터.,33.40464,126.32806,--,region1,제주시,12,애월,자리왓,16780,https://api.cdn.visitjeju.net/photomng/imgpath/201804/30/cf54027f-9577-4a9d-ae40-e5e40172a8f6.jpg,https://api.cdn.visitjeju.net/photomng/thumbnailpath/201804/30/f2f4c5eb-315d-4433-807a-044e180dbaab.jpg,"['4.3', '문화유적지', '자연경관', '문화관광', '제주4.3', '역사유적', '어트랙션']"
CNTS_200000000014290,삐삐그루밍,제주특별자치도 서귀포시 대정읍 중산간서로 2269,삐삐그루밍은 제주 영어교육도시 내에 위치한 반려견 놀이터다.,33.2806298,126.2862131,010-2968-0071,region2,서귀포시,22,대정,삐삐그루밍,2019022610980,https://api.cdn.visitjeju.net/photomng/imgpath/202212/15/961f48d9-d0cf-4269-aaa4-cb31cff107fe.jpg,https://api.cdn.visitjeju.net/photomng/thumbnailpath/202212/15/76821e6d-690e-4d4d-9682-5e43efcd1205.jpg,"['애견미용실', '애견유치원', '애견호텔', '반려동물', '반려동물동반입장', '혼저옵서개', '반려동물동반_기타체험', '공용주차장', '화장실', '무료 WIFI']"
CNTS_200000000007861,남내소,제주특별자치도 서귀포시 남원읍 하례로,효돈천에서 가장 크고 넓은 소(沼)로 알려져 있는 곳,33.3420367,126.5884214,,region2,서귀포시,25,남원,남내소,2018052308847,https://api.cdn.visitjeju.net/photomng/imgpath/201811/14/fa33cb33-45e3-4760-8d00-92f689000511.jpg,https://api.cdn.visitjeju.net/photomng/thumbnailpath/201811/14/35cd1b39-d7ed-457c-ae76-6c1047e6ea8e.jpg,"['커플', '친구', '아이', '휴식/힐링', '경관/포토', '자연경관', '체험', '포토스팟', '어린이', '어트랙션']"
CNTS_000000000020966,굴동포구,제주특별자치도 제주시 구좌읍 해맞이해안로,토끼섬을 만나러 가는 곳,33.514984,126.88177,--,region1,제주시,16,구좌,굴동포구,10297,https://api.cdn.visitjeju.net/photomng/imgpath/201804/30/28e3386a-6142-4cc1-9c3f-bc615079c965.jpg,https://api.cdn.visitjeju.net/photomng/thumbnailpath/201804/30/25fa61a4-d3e5-4e08-9a5b-3664834056e9.jpg,"['포구', '해변', '문화유적지', '아주 어려움', '자연경관', '역사유적']"
CNTS_200000000012469,제로스테이션(제로포인트트레일),제주특별자치도 제주시 산지로 25 2층,"제로스테이션은 산지천에 위치한 카페이자 길과 여행을 사랑하는 사람들을 위한 공간이다. 이곳은 제로포인트트레일의 참여자를 위한 베이스캠프 역할을 하고 있다. 제로포인트트레일은 해발 0m인 제주 해안가에서 출발해 해발 1,947m인 한라산 정상까지 차량, 동력의 힘을 빌리지 않고 오로지 참가자의 두 발로 정상까지 오르는 트레킹 프로그램이다.",33.5147335,126.5292798,064-702-1947,region1,제주시,11,제주시내,제로스테이션(제로포인트트레일),2019022594813,https://api.cdn.visitjeju.net/photomng/imgpath/202112/17/374c08e3-922a-477c-bd52-782ee3ed68f8.jpg,https://api.cdn.visitjeju.net/photomng/thumbnailpath/202112/17/0aa6de13-b11d-4160-ba98-e2ffb3cb9e18.jpg,"['휴식/힐링', '체험관광', '액티비티', '사계절', '체험', '레저/체험', '어트랙션', '관광지']"
CNTS_300000000015835,니모스토리,제주특별자치도 제주시 구좌읍 김녕로17길 33-1,김녕해수욕장에서 즐기는 시원한 스노쿨링,33.5582481,126.7540615,064-782-2236,region1,제주시,16,구좌,니모스토리,2019022617517,https://api.cdn.visitjeju.net/photomng/imgpath/202306/16/c6ff22df-9ffe-4364-b248-ec7c52e0c5eb.jpg,https://api.cdn.visitjeju.net/photomng/thumbnailpath/202306/16/89827ce1-6e2b-4f5a-a9e5-e6e3f11af1cc.jpg,"['구좌읍', ' 김녕', ' 스노쿨링', ' 패들보드', ' 서핑', '실외', '중', '1시간 미만', '맑음', '체험관광', '액티비티', '여름', '해변', ' 구좌읍']"
CNTS_000000000021526,솔동산8경,제주특별자치도 서귀포시 서귀동 솔동산로,문화자원에 입힌 8가지 이야기,33.242863,126.563644,--,region2,서귀포시,21,서귀포시내,솔동산8경,11489,https://api.cdn.visitjeju.net/photomng/imgpath/201804/30/433c5ff7-0f2f-4dce-8b21-7e3f77058ed9.jpg,https://api.cdn.visitjeju.net/photomng/thumbnailpath/201804/30/c48e3ae8-9b25-4bf7-9bbe-151019a9e125.jpg,"['문화유적지', '맑음', '공용주차장', '자연경관', '문화관광', '역사유적']"
CNTS_200000000014280,포브독,제주특별자치도 제주시 연북로 74,"포브독은 긍정 강화(KPA), BAP(Behavi or Adjustment Training), Fear free 교육 기반으로 보호자와 반려견의 올바른 관계 형성을 돕는 반려견 교육센터다.",33.4815331,126.4892489,070-8287-1465,region1,제주시,11,제주시내,포브독,2019022610918,https://api.cdn.visitjeju.net/photomng/imgpath/202212/15/94ac39bb-e20a-41a2-894a-59aa549bf830.jpg,https://api.cdn.visitjeju.net/photomng/thumbnailpath/202212/15/8fdce24c-22db-4942-9d81-ea8c338e5dd7.jpg,"['애견유치원', '반려동물', '반려동물동반입장', '혼저옵서개', '반려동물동반_기타체험', '화장실', '무료 WIFI']"
CNTS_000000000022470,허브동산 미디어 파사드 (media facade),제주특별자치도 서귀포시 표선면 돈오름로 170,야간개장을 맞이하여 이루어지는 미디어의 향연,33.32985,126.81486,064-787-7362,region2,서귀포시,26,표선,허브동산 미디어 파사드 (media facade),14759,https://api.cdn.visitjeju.net/photomng/imgpath/201804/30/2e0af278-3402-46d3-84c2-3f2348d40a36.jpg,https://api.cdn.visitjeju.net/photomng/thumbnailpath/201804/30/334c2f12-3f72-424d-b859-d65a4f1e7a75.jpg,"['밤', '테마공원', '커플', '여름', '실내관광지', '어트랙션', '야간관광', '공용주차장', '현금결제', '카드결제', '화장실']"
CNTS_000000000022121,황우럭만화천국사회적협동조합,제주특별자치도 제주시 한림읍 내동남길 7-3,황우럭 만화카페는 故양병윤 화백의 생가를 카페로 새롭게 재구성한 장소입니다.,33.41427,126.26667,064-796-7020,region1,제주시,13,한림,Hwangwooruk Cartoon World Social Coop,12982,https://api.cdn.visitjeju.net/photomng/imgpath/201804/30/9560d658-f21b-4b45-90d0-c343208c167e.png,https://api.cdn.visitjeju.net/photomng/thumbnailpath/201804/30/decc8322-b36c-4e76-bbb7-ffa68b80f139.png,"['친구', '아이', '체험관광', '어린이', '어트랙션']"
CNTS_000000000022030,신천리(용궁올레),제주특별자치도 서귀포시 표선면 신천리,바다속에 일직선의 길다란 골짜기가 형성되어 용궁으로 들어가는 문이라 하여 용궁올레,33.350605,126.85242,--,region2,서귀포시,26,표선,신천리(용궁올레),12465,https://api.cdn.visitjeju.net/photomng/imgpath/201804/30/2a6f7cae-b8eb-4ddc-8ea0-7e38084b2e5f.jpg,https://api.cdn.visitjeju.net/photomng/thumbnailpath/201804/30/9cab1208-5932-4251-bddf-dd13eb8d947f.jpg,"['커플', '친구', '맑음', '경관/포토', '휴식/힐링', '해변', '도보여행', '도보', '포토스팟']"
CNTS_200000000007278,농개,제주특별자치도 서귀포시 성산읍 환해장성로111번길 4,제주의 해안을 따라 걷는 바당 올레길을 오가다 보면 볼 수 있는 농개.  올레길 3-B 코스.,33.38036669439942,126.8815193505402,,region2,서귀포시,17,성산,농개,2018052302988,https://api.cdn.visitjeju.net/photomng/imgpath/201807/25/e05b4e29-377d-47c0-9c36-80b64f4495c6.jpg,https://api.cdn.visitjeju.net/photomng/thumbnailpath/201807/25/6b2e5805-f111-4804-b6e8-a2d5eda18189.jpg,"['맑음', '휴식/힐링', '여름', '해변', '올레', '물놀이', '용천수', '낚시', '실외', '기타', ' 물놀이', '자연경관']"
CONT_000000000500154,동계 정온 유허비,제주특별자치도 서귀포시 대정읍 안성리,"제주 오현의 한사람, 동계 정온 선생의 유허비",33.250454,126.27403,064-760-2505,region2,서귀포시,22,대정,Memorial Stone for Donggye Jeong On,17512,https://api.cdn.visitjeju.net/photomng/imgpath/201804/30/9055a7ba-63aa-481a-a086-da8c4ca2afc7.jpg,https://api.cdn.visitjeju.net/photomng/thumbnailpath/201804/30/fcdee0a8-2a82-49b4-bd4e-7dd97b425e5e.jpg,"['문화유적지', '아주 어려움', '문화관광', '역사유적', '어트랙션']"
CONT_000000000500391,스프링데일CC,제주특별자치도 서귀포시 남원읍 서성로 459번지,"해발400고지에 위치, 여름에는 시원하고 겨울에는 따듯한 기온의 골프장",33.32895,126.64069,064-800-8000,region2,서귀포시,25,남원,Spring Dale Golf & Resort,18784,https://api.cdn.visitjeju.net/photomng/imgpath/201804/30/fdf007e8-838e-4f07-9de5-3fd54758c0be.jpg,https://api.cdn.visitjeju.net/photomng/thumbnailpath/201804/30/b8fa9b82-b143-475a-9736-65301ae120a8.jpg,"['골프', '액티비티', '공용주차장', '현금결제', '카드결제', '화장실', '무료 WIFI', '흡연구역', '편의점', '음료대', '유도 및 안내시설', '경보 및 피난시설', '단독접근가능', '단차없음', '저상버스 접근 가능', '장애인 전용 주차장', '어려움', '체험', '레저/체험', '어트랙션', '무장애관광']"
CNTS_200000000014275,댕댕놀이터,제주특별자치도 제주시 도근내길 56,"댕댕놀이터는 내도동에 위치하여 반려동물의 미용, 유치원, 호텔을 운영하는 곳이다.",33.4919382,126.4369959,,region1,제주시,11,제주시내,댕댕놀이터,2019022610889,https://api.cdn.visitjeju.net/photomng/imgpath/202212/15/016879d9-ee6a-4cb3-b5cc-c312f625168f.jpg,https://api.cdn.visitjeju.net/photomng/thumbnailpath/202212/15/70a3613f-e57a-4c5e-8577-2745625fdd5d.jpg,"['애견미용실', '애견호텔', '애견유치원', '반려동물', '반려동물동반입장', '혼저옵서개', '반려동물동반_기타체험', '공용주차장', '화장실', '무료 WIFI']"
CONT_000000000500382,송죽사터,제주특별자치도 서귀포시 대정읍 안성리,정온의 절개를 소나무와 대나무에 비유하여 넋을 기린 송죽사 터,33.250626,126.27805,064-760-2505,region2,서귀포시,22,대정,Songjuksa Site,18716,https://api.cdn.visitjeju.net/photomng/imgpath/201804/30/f7e69853-4183-44d4-a190-841078cfa696.jpg,https://api.cdn.visitjeju.net/photomng/thumbnailpath/201804/30/5a240aaf-248b-45b0-ab7c-1aeab37d8f62.jpg,"['문화유적지', '아이', '부모', '혼자', '친구', '미술/박물관', '올레', '역사유적', '어린이', '어트랙션']"
CNTS_000000000022845,다랑쉬마을,제주특별자치도 제주시 구좌읍 다랑쉬로 406-25,4․3사건으로 마을이 전소되어 잃어버린 북제주군 구좌읍 다랑쉬마을 터,33.470287,126.8238,--,region1,제주시,16,구좌,다랑쉬마을,16723,https://api.cdn.visitjeju.net/photomng/imgpath/201804/30/1403f4d5-c410-4a1b-aabc-8ccb070de8a8.jpg,https://api.cdn.visitjeju.net/photomng/thumbnailpath/201804/30/c1b31a8b-ed53-48bb-af6f-7b6c2a405978.jpg,"['4.3', '문화유적지', '문화관광', '제주4.3', '역사유적', '마을산책', '마을관광', '어트랙션']"
CNTS_000000000019079,신대해안,제주특별자치도 제주시 추자면 예초리 77,추자 10경 중의 하나인 신대해안길,33.952915,126.33737,--,region3,섬 속의 섬,32,추차도,Sindae Coast,4250,https://api.cdn.visitjeju.net/photomng/imgpath/201804/30/3e46c41d-b3c5-4234-a3ba-47e701207188.jpg,https://api.cdn.visitjeju.net/photomng/thumbnailpath/201804/30/9e724e02-94cf-46c0-81eb-70dcc173da29.jpg,"['해변', '경관/포토', '자연경관', '포토스팟']"
CNTS_000000000021460,돔베낭길,제주특별자치도 서귀포시 태평로92번길 49,제주에서 가장 아름다운 해안 산책길,33.239983,126.53188,064-760-4757,region2,서귀포시,21,서귀포시내,돔베낭길,11314,https://api.cdn.visitjeju.net/photomng/imgpath/201804/30/6910e4e3-3935-4b43-8e39-16a8481115de.jpg,https://api.cdn.visitjeju.net/photomng/thumbnailpath/201804/30/ba52007b-1f22-497d-955e-85bb891d937e.jpg,"['해변', '걷기/등산', '흐림', '자연경관', '도보여행', '도보', '공용주차장']"
CNTS_000000000022460,렛츠런팜 양귀비꽃,제주특별자치도 제주시 조천읍 남조로 1660,렛츠런 팜의 양귀비꽃 핀 모습.,33.41699,126.681465,--,region1,제주시,15,조천,렛츠런팜 양귀비꽃,14690,https://api.cdn.visitjeju.net/photomng/imgpath/201804/30/37d9b2be-0533-4a91-bf2f-62e51ddd8ab3.jpg,https://api.cdn.visitjeju.net/photomng/thumbnailpath/201804/30/0436689e-eaa1-405a-ba49-eb0d60d28f7b.jpg,"['테마공원', '아이', '맑음', '봄', '어린이', '어트랙션']"
CNTS_300000000015832,998서프 삼양,제주특별자치도 제주시 선사로8길 33,검은 모래 삼양바다에서 즐기는 서핑,33.5268197,126.5886254,010-5166-0998,region1,제주시,11,제주시내,998서프 삼양,2019022617496,https://api.cdn.visitjeju.net/photomng/imgpath/202306/16/4fcd987d-7e5d-4757-bb0f-b291ea99d1f6.jpg,https://api.cdn.visitjeju.net/photomng/thumbnailpath/202306/16/79e636bf-9666-41a5-898b-ccd7ba7dfde9.jpg,"['제주시내', ' 삼양', ' 서핑', '실외', '중', '1~2시간']"
CNTS_200000000012327,종달고망난돌쉼터,제주 제주시 구좌읍 종달리 112-4,종달해안도로를 지나다 하도해수욕장에 도달할 때 쯤 고망난돌쉼터를 만날 수 있다. 빠름을 좋아하는 사람들에게는 그 모습을 드러내지 않는 곳이기도 하다. 그야말로 모르고 가면 그냥 지나치기 쉬운 숨은 명소이다.,33.50992996378095,126.90735711256157,,region1,제주시,16,구좌,종달고망난돌쉼터,2019022591056,https://api.cdn.visitjeju.net/photomng/imgpath/202111/23/70be1b3b-f420-4aa6-8b0a-172a2f499be1.jpg,https://api.cdn.visitjeju.net/photomng/thumbnailpath/202111/23/0f1274e1-250b-49ca-b02b-d7942e9666e2.jpg,"['부모', '커플', '혼자', '친구', '맑음', '흐림', '비.눈', '경관/포토', '휴식/힐링', '드라이브', '봄', '겨울', '가을', '여름', '일출', '일몰', '밤', '올레', '오름', '해변', '4.3', '실내', '사계절', '청년', '중/장년', '노년', '휴식/치유', '자연경관', '제주4.3', '역사유적', '포토스팟', '어트랙션', '관광지']"
CNTS_200000000007939,신효 생활개선회,제주특별자치도 서귀포시 효돈순환로 44,제주 감귤로 만든 건강한 먹거리 체험을 할 수 있는 곳,33.2668492,126.6156145,010-9733-2268,region2,서귀포시,21,서귀포시내,신효 생활개선회,2018052309918,https://api.cdn.visitjeju.net/photomng/imgpath/201811/29/a3180862-cad8-45ea-8513-a8dd7a2d0dbf.jpg,https://api.cdn.visitjeju.net/photomng/thumbnailpath/201811/29/3b717de8-7dfe-41c4-bcbe-3438577f6b27.jpg,"['체험관광', '아이', '감귤', '어린이', '어트랙션']"
CNTS_300000000012856,하모돌고래투어,제주특별자치도 서귀포시 대정읍 최남단해안로 120,드넓은 바다에서 헤엄치는 멋진 돌고래를 볼 수 있는 투어,33.21054520000001,126.2576053,010-2980-5105,region2,서귀포시,22,대정,하모돌고래투어,2019022624442,https://api.cdn.visitjeju.net/photomng/imgpath/202311/22/5534c1bd-1096-4385-8c8a-7f0e70bafbc3.jpg,https://api.cdn.visitjeju.net/photomng/thumbnailpath/202311/22/485d9b83-e3c1-47f6-9337-0469f74a1141.jpg,"['대정', ' 돌고래투어']"
CNTS_200000000007521,덕천리 팔자 좋아 길,제주특별자치도 제주시 구좌읍 중산간동로 ,덕천리영농 체험장 인근에 위치한  산책하기 좋은  숲길.,33.4827438,126.7464684,,region1,제주시,16,구좌,구실잣밤나무 숲길,2018052305881,https://api.cdn.visitjeju.net/photomng/imgpath/201809/19/49e6ef16-da7a-42ac-a616-adb188bd923d.jpg,https://api.cdn.visitjeju.net/photomng/thumbnailpath/201809/19/5b03400c-59ea-4af9-a577-dbb3b42e2b17.jpg,"['걷기/도보', '체험', '도보여행', '도보', '어트랙션']"
CNTS_000000000021436,천주교 순례길 - 신축화해길,제주특별자치도 제주시 관덕로8길 14,황사평 성지로부터 별도봉을 거쳐 제주중앙성당에 다다르는 역사적 화해의 순례길,33.51162,126.523155,070-8870-4578,region1,제주시,11,제주시내,천주교 순례길 - 신축화해길,11292,https://api.cdn.visitjeju.net/photomng/imgpath/201804/30/c1afe66a-7a6f-4377-a91e-a425ea42e02e.jpg,https://api.cdn.visitjeju.net/photomng/thumbnailpath/201804/30/e15e4b0e-609c-4e5a-805e-eb20514d2198.jpg,"['걷기/등산', '봄', '가을', '문화관광', '도보여행', '도보', '어트랙션']"
CNTS_300000000015862,서프앤조이,제주특별자치도 제주시 선사로8길 12,제주삼양해수욕장에 위치해 유소년부터 어르신까지 나이에 제한 없이 체험 가능한 서핑샵,33.5254186,126.5871267,064-711-2134,region1,제주시,11,제주시내,서프앤조이,2019022633729,https://api.cdn.visitjeju.net/photomng/imgpath/202406/17/1dd25dbd-68cd-4243-959a-e53c21c83376.jpg,https://api.cdn.visitjeju.net/photomng/thumbnailpath/202406/17/fb1eeb6c-7380-4993-ae0e-8e803c316bcb.jpg,"['제주시내', '삼양', '서핑', '패들보드', '이색체험', '공용주차장', '현금결제', '카드결제', '화장실', '무료 WIFI', '흡연구역', '편의점', '음료대', '탐나는전', ' 삼성페이', ' 네이버예약', '영어', '쉬움', '실외', '하', '해양스포츠', '서핑 강습', '2~3시간']"
CNTS_200000000015173,로봇플래닛,제주특별자치도 서귀포시 안덕면 신화역사로188번길 151,영화 속 주인공처럼 즐기는 로봇 체험,33.2991595,126.3085849,064-792-6961,region2,서귀포시,23,안덕,로봇플래닛,2019022617642,https://api.cdn.visitjeju.net/photomng/imgpath/202306/18/62236b73-36af-4d4b-9224-5e711dbd13df.jpg,https://api.cdn.visitjeju.net/photomng/thumbnailpath/202306/18/a49ad845-fc62-4b94-9ba6-d0c0bd361d6d.jpg,"['체험', '실내', '하', '1~2시간']"
CNTS_300000000016100,제주소리,제주특별자치도 제주시 신대로10길 55,제주 민요에 녹아있는 제주 사람들의 이야기,33.4908202,126.4906809,010-9087-2953,region1,제주시,11,제주시내,제주소리,2019022620089,https://api.cdn.visitjeju.net/photomng/imgpath/202307/26/69d23541-f6de-446f-9df1-442a69c72dc7.jpg,https://api.cdn.visitjeju.net/photomng/thumbnailpath/202307/26/62a2cf16-500e-4aaf-b7b7-41c5abd07d0e.jpg,"['민요', '노래', '명창', '노동요', '러닝홀리데이인제주', '2~3시간']"
CONT_000000000500145,독자봉,제주특별자치도 서귀포시 성산읍 신산리 1785,20분이면 둘러볼 수 있는 편안한 오름,33.3877114,126.85417740000003,064-782-3784,region2,서귀포시,17,성산,Dojabong Volcanic Cone,17463,https://api.cdn.visitjeju.net/photomng/imgpath/201804/30/1a983f50-2fda-43f3-9cd3-a81328bbfa48.jpg,https://api.cdn.visitjeju.net/photomng/thumbnailpath/201804/30/b46ca2a1-ae99-4ccc-9def-659ba06edcdd.jpg,"['커플', '친구', '아이', '맑음', '오름', '자연경관', '어린이', '공용주차장', '화장실']"
CNTS_200000000009500,SM 디지털아트 뮤지엄,제주특별자치도 제주시 애월읍 애월해안로 516-7,"빌라드애월호텔 전시관으로 기간별로 다양한 전시를 만나볼 수 있다.
",33.4770982,126.3602203,064-799-7578,region1,제주시,12,애월,SM디지털아트뮤지엄,2019022566361,https://api.cdn.visitjeju.net/photomng/imgpath/201911/19/210756cd-4590-42b6-9819-5a655c8cab08.JPG,https://api.cdn.visitjeju.net/photomng/thumbnailpath/201911/19/d38e1fcd-5281-46fa-b6ff-f746bace6983.JPG,"['부모', '커플', '혼자', '친구', '아이', '사계절', '실내관광지', '문화관광', '어린이', '어트랙션']"
CONT_000000000500515,입산봉(삿갓오름),제주특별자치도 제주시 구좌읍 김녕리 1033-19,망자들의 안식처 입산봉,33.54863,126.756676,064-783-5040,region1,제주시,16,구좌,Ipsanbong (Satgat Oreum Volcanic Cone),19368,https://api.cdn.visitjeju.net/photomng/imgpath/201804/30/bd1d1ddc-de1a-4580-b483-79fcaef25049.jpg,https://api.cdn.visitjeju.net/photomng/thumbnailpath/201804/30/56b55465-beb0-4adf-bb81-d83a2623a925.jpg,"['혼자', '친구', '맑음', '오름', '자연경관', '도보여행', '도보']"
CNTS_300000000016089,위디 탭댄스 스튜디오,제주특별자치도 서귀포시 대정읍 글로벌에듀로 390,나만의 리듬을 찾아 떠나는 위디 탭댄스 스튜디오,33.2797286,126.2767575,0507-1350-2208,region2,서귀포시,22,대정,위디 탭댄스 스튜디오,2019022620030,https://api.cdn.visitjeju.net/photomng/imgpath/202307/26/80509a23-bc4d-4cf4-ab84-fd384e46e898.jpg,https://api.cdn.visitjeju.net/photomng/thumbnailpath/202307/26/978f0491-eccc-481c-8797-e2f38b14b62d.jpg,"['댄스', '탭댄스', '춤', '원데이클래스', '노래', '스포츠', '운동', '러닝홀리데이인제주', '1시간 미만']"
CNTS_000000000021409,별도포구,제주특별자치도 제주시 화북1동 4269-12,"제주의 관문, 역사 속의 별도포구",33.52501,126.564995,--,region1,제주시,11,제주시내,별도포구,11248,https://api.cdn.visitjeju.net/photomng/imgpath/201804/30/0bc328fe-e905-46a8-b2b9-78c0dfac6b5b.jpg,https://api.cdn.visitjeju.net/photomng/thumbnailpath/201804/30/f8b94db7-1969-4662-9ba9-5249d9646fe6.jpg,"['포구', '해변', '문화유적지', '아주 어려움', '자연경관', '역사유적']"
CNTS_200000000014303,봉구의간식,제주특별자치도 제주시 애월읍 애월로 110,봉구의간식은 첨가물을 넣지 않은 천연 수제간식 전문점이다.,33.4645163,126.3191719,064-799-5119,region1,제주시,12,애월,봉구의간식,2019022611107,https://api.cdn.visitjeju.net/photomng/imgpath/202212/16/b2235b08-fea3-4526-9b73-00c7b77f65eb.jpg,https://api.cdn.visitjeju.net/photomng/thumbnailpath/202212/16/0ab878e4-f585-4795-b0e6-2886d3ccf020.jpg,"['반려동물', ' 반려동물동반입장', ' 혼저옵서개', ' 반려동물동반_기타체험', '공용주차장']"
CNTS_200000000010374,북촌리 4.3길,제주특별자치도 제주시 조천읍 북촌3길 3,북촌리는 조천면의 동쪽 끝에 자리 잡은 해변마을이다. ,33.5459875,126.6887641,064-783-4303,region1,제주시,15,조천,북촌리 4.3길,2019022571597,https://api.cdn.visitjeju.net/photomng/imgpath/202007/10/e6dbcd9d-80a0-40ad-bfd2-dd67def4c935.jpg,https://api.cdn.visitjeju.net/photomng/thumbnailpath/202007/10/a2374994-e705-493d-8082-3b9a746913e5.jpg,"['4.3', ' 길', ' 도보', ' 북촌', ' 너븐숭이', '길', '도보', '북촌', '너븐숭이', '자연경관', '문화관광', '체험', '제주4.3', '역사유적', '도보여행', '언택트', '2022_마을산책_봄', 'Moment_봄']"
CNTS_200000000007941,제주다,제주특별자치도 제주시 애월읍 납읍남로 65,제주조릿대로 만드는 향긋한 차 체험을 할 수 있는 곳,33.4310983,126.3293946,010-7644-0391,region1,제주시,12,애월,제주다,2018052309933,https://api.cdn.visitjeju.net/photomng/imgpath/201811/29/0536ea75-aa3e-4654-8e52-ededbaca7293.jpg,https://api.cdn.visitjeju.net/photomng/thumbnailpath/201811/29/1cfdcd77-a93b-4725-86f5-5e3c4ea3659d.jpg,"['체험관광', '아이', '차', '어린이', '어트랙션']"
CNTS_000000000021074,세화항,제주특별자치도 제주시 구좌읍 세화리,제주의 동쪽 바다에 있는 낚시 명소,33.489597,126.831665,--,region1,제주시,16,구좌,세화항,10557,https://api.cdn.visitjeju.net/photomng/imgpath/201804/30/315de0be-5bce-4fde-a211-a0cc4d2bfbe6.jpg,https://api.cdn.visitjeju.net/photomng/thumbnailpath/201804/30/4479684a-5e73-4e45-a2a6-7b54e4df2b2f.jpg,"['맑음', '자연경관', '아주 어려움']"
CNTS_300000000015858,블루버블,제주특별자치도 서귀포시 성산읍 일출로255번길 11,성산일출봉에서 즐기는 스쿠버 다이빙,33.4622602,126.9330967,0507-1353-7931,region2,서귀포시,17,성산,블루버블,2019022617706,https://api.cdn.visitjeju.net/photomng/imgpath/202306/19/c4b8285a-5f91-4934-b06a-5f17e2531ba2.jpg,https://api.cdn.visitjeju.net/photomng/thumbnailpath/202306/19/b4ee3d7b-f4a8-4848-a6a4-1a4dffccb06e.jpg,"['맑음', '체험관광', '액티비티', '해변', '성산', ' 스쿠버다이빙', ' 이색체험', '실외', '중', '2~3시간']"
CNTS_000000000019536,가메오름,제주특별자치도 제주시 애월읍 봉성리 산 125,낮고 작은 분화구를 가진 가메 오름,33.36623487350416,126.35716014766842,--,region1,제주시,12,애월,가메오름,5474,https://api.cdn.visitjeju.net/photomng/imgpath/201804/30/ddae61fc-1e34-47b2-854d-3b97ffe1b76b.jpg,https://api.cdn.visitjeju.net/photomng/thumbnailpath/201804/30/fc24c7a9-a743-4ab9-b989-86c8d07d9786.jpg,"['오름', '걷기/등산', '맑음', '자연경관', '도보여행', '도보']"
CNTS_200000000008011,느지리오름(망오름),제주특별자치도 제주시 한림읍 상명리 산 5,한림 16절경 '상명망봉'에 ,33.3653429,126.26137670000003,,region1,제주시,13,한림,느지리오름,2018052311397,https://api.cdn.visitjeju.net/photomng/imgpath/201812/19/a809a81b-e7b7-426a-85f8-c242dbc6f9f8.jpg,https://api.cdn.visitjeju.net/photomng/thumbnailpath/201812/19/31971fd8-d2aa-4239-bcb0-868bf4724e68.jpg,"['맑음', '걷기/등산', '오름', '자연경관', '도보여행', '도보', '공용주차장', '화장실']"
CNTS_200000000010339,씨에스호텔 프라이빗스파,제주특별자치도 서귀포시 중문관광로 198,"씨에스호텔 베릿네 프라이빗 스파는 독채형 사우나로 도심에서 쌓인 심신의 피로를 치유해드리는 공간으로, 아름다운 밤 하늘의 별을 바라보며 여유로운 시간을 즐길 수 있는 프라이빗한 공간이다. ",33.2429044,126.4204352,064-735-3000,region2,서귀포시,24,중문,씨에스호텔 프라이빗스파,2019022572999,https://api.cdn.visitjeju.net/photomng/imgpath/202008/18/5cb24aa2-d6d3-452a-b700-4569a69a6162.jpg,https://api.cdn.visitjeju.net/photomng/thumbnailpath/202008/18/364fcaaa-97e5-4b98-8502-c70300e0c55a.jpg,"['씨에스호텔', '프라이빗스파', '스파', '호텔', '어트랙션']"
CNTS_200000000007659,푸른콩 방주영농조합법인,제주특별자치도 서귀포시 중산간서로 740(중문동),"제주 고유 식재료 ‘푸른 콩’으로 만드는 된장과 간장, 고추장",33.2632854,126.4361834,064-738-7778,region2,서귀포시,24,중문,한라산 청정촌,2018052307353,https://api.cdn.visitjeju.net/photomng/imgpath/201810/23/27c4c27e-f6d6-4071-814c-cf155b1c89e8.png,https://api.cdn.visitjeju.net/photomng/thumbnailpath/201810/23/b1c53676-456c-4d37-b8db-9b42032b72ef.png,"['체험관광', '휴식/치유', '6차산업', '체험', '어트랙션']"
CNTS_200000000015187,탐라승마장,제주특별자치도 제주시 조천읍 비자림로 1044,온 가족이 함께 즐기는 승마체험,33.4180631,126.6534847,064-782-5577,region1,제주시,15,조천,탐라승마장,2019022617973,https://api.cdn.visitjeju.net/photomng/imgpath/202306/20/89bcbb87-2b33-470b-a4e9-704b97412889.jpg,https://api.cdn.visitjeju.net/photomng/thumbnailpath/202306/20/39152789-4521-455a-83b5-809872bc4a60.jpg,"['조천', ' 교래리', ' 승마', ' 이색체험', '실외', '중', '1시간 미만']"
CONT_000000000500375,송계순집터,제주특별자치도 서귀포시 대정읍 안성리 1681-1,추사가 대정에 와서 처음 머문 집터,33.25089,126.27759,064-760-2505,region2,서귀포시,22,대정,"Site of Song Gye-sun’s House,",18664,https://api.cdn.visitjeju.net/photomng/imgpath/201804/30/b0ff5a47-b970-4036-9fe7-18523014a073.jpg,https://api.cdn.visitjeju.net/photomng/thumbnailpath/201804/30/729d92ef-2b69-493d-a93a-55fb17c7f478.jpg,"['맑음', '문화유적지', '사계절', '유도 및 안내시설', '자연경관', '문화관광', '역사유적', '어트랙션']"
CNTS_000000000022853,대정면 4.3사건 위령비,제주특별자치도 서귀포시 대정읍 동일하모로 158-3,4.3 사건 당시 죽은 주민의 원혼을 달래기 위해 세워진 비,33.22536,126.24849,--,region2,서귀포시,22,대정,대정면 4.3사건 위령비,16739,https://api.cdn.visitjeju.net/photomng/imgpath/201804/30/ee544e0c-cfc8-4b12-8659-fab6a207d188.jpg,https://api.cdn.visitjeju.net/photomng/thumbnailpath/201804/30/d0d3e440-8d44-4db7-b524-6c83bcf1b3ae.jpg,"['4.3', '문화유적지', '문화관광', '제주4.3', '역사유적', '어트랙션']"
CNTS_200000000008015,금붕사,제주특별자치도 제주시 구좌읍 일주동로 3618-1,"구좌읍 하도리에 있는 한국불교 태고종 사찰.
",33.5011847,126.8887876,064-783-3202,region1,제주시,16,구좌,금붕사,2018052311415,https://api.cdn.visitjeju.net/photomng/imgpath/201812/19/ecd49ba0-3ce0-4967-abc9-fbde3fcf0c85.JPG,https://api.cdn.visitjeju.net/photomng/thumbnailpath/201812/19/352ebd28-772c-46f5-8a87-af5d93ea99b3.JPG,"['문화유적지', ' 사찰', ' 휴식', ' 절', '공용주차장', '화장실', '사찰', '휴식', '절', '실내관광지', '체험', '역사유적', '어트랙션']"
CNTS_300000000013688,전이수갤러리 걸어가는늑대들,제주특별자치도 제주시 조천읍 조함해안로 556,순수한 시선이 담긴 작품을 만날 수 있는 제주 동쪽의 특별한 갤러리,33.5307681,126.6673798,0507-1344-9482 ,region1,제주시,15,조천,전이수갤러리 걸어가는늑대들,2019022655611,https://api.cdn.visitjeju.net/photomng/imgpath/202508/19/38f4c98a-f1b6-4656-9da0-89da5222bf34.jpg,https://api.cdn.visitjeju.net/photomng/thumbnailpath/202508/19/0e400c62-866c-4208-8c2b-f5e9438337d8.jpg,"['갤러리', ' 미술관', ' 전이수', ' 작가', ' 그림책', ' 함덕', '현금결제', '카드결제', '공용주차장', '화장실']"
CNTS_300000000016079,그녀들의 글수다,제주특별자치도 제주시 주르레남길 25,"'엄마의 주례사', '오드리햅번이 하는 말'의 저자 김재용 작가가 제주에서 글쓰기 강좌를 진행한다.",33.4413569,126.4823157,010-3531-2129,region1,제주시,11,제주시내,그녀들의 글수다,2019022619961,https://api.cdn.visitjeju.net/photomng/imgpath/202307/26/67115d19-e42b-40b4-957f-c2744947ad7b.jpg,https://api.cdn.visitjeju.net/photomng/thumbnailpath/202307/26/303d9e76-5ac7-4027-afba-477f4f66a3a5.jpg,"['여성', '글수다', '작가', '글쓰기', '책', ' 러닝홀리데이인제주']"
CNTS_000000000022002,아홉굿마을 낙천리 농어촌체험마을,한경면 낙수로 97,주민들이 직접 만든 1000개의 의자가 있는 마을,33.499622,126.53119,064-773-1964,region1,제주시,14,한경,아홉굿마을 낙천리 농어촌체험마을,12342,https://api.cdn.visitjeju.net/photomng/imgpath/201804/30/6a3afba3-1139-4258-a344-0b34ab44d1e4.png,https://api.cdn.visitjeju.net/photomng/thumbnailpath/201804/30/fdf832e8-95c2-4e57-b8bf-ff99930ee402.png,"['체험관광', '아이', '사계절', '체험', '마을산책', '마을관광', '어린이', '어트랙션', '화장실']"
CNTS_200000000014278,도그앤캣,제주특별자치도 서귀포시 홍중로 119-2  601동 107호,도그앤켓은 서귀포시 서홍동에 위치한 반려동물 미용실이다.,33.2639577,126.5507293,0507-1308-7585,region2,서귀포시,21,서귀포시내,도그앤캣,2019022610908,https://api.cdn.visitjeju.net/photomng/imgpath/202212/15/7c3a8ebb-7808-438a-9d30-6152f27fd362.jpg,https://api.cdn.visitjeju.net/photomng/thumbnailpath/202212/15/dcdf4be3-f3b5-404f-8958-f8036697a130.jpg,"['애견유치원', '애견미용실', '반려동물', '반려동물동반입장', '혼저옵서개', '반려동물동반_기타체험', '공용주차장', '화장실', '무료 WIFI']"
CNTS_200000000007280,오래물,제주특별자치도 제주시 서해안로 170,깊은 땅속에서 솟아오르는 용천수로 물의 양이 풍부하고 수질이 좋기로 유명해 마을을 상징하는 명물,33.5043899,126.4671347,064-712-4567,region1,제주시,11,제주시내,오래물,2018052303312,https://api.cdn.visitjeju.net/photomng/imgpath/201807/31/6846c694-6893-4d77-88b3-75eb4fdbf665.jpg,https://api.cdn.visitjeju.net/photomng/thumbnailpath/201807/31/85bb8164-b50f-47f4-a0e0-613bbdae4f5d.jpg,"['맑음', '여름', '수영장', '물놀이', '목욕탕', '용천수', '자연경관', '실외', '1~2시간']"
CNTS_300000000012993,쿨다이브,제주특별자치도 서귀포시 솔동산로10번길 39-1 (서귀동) ,"쿨다이브만의 다이빙 전용 보트를 보유하고 있으며, 숙소, 장비, 각종 편의 시설로 쾌적한 다이빙을 즐길 수 있는 공간",33.2413014,126.5627409,010-9399-0096,region2,서귀포시,21,서귀포시내,쿨다이브,2019022632800,https://api.cdn.visitjeju.net/photomng/imgpath/202404/24/9f88a636-7dce-4d3f-8bf8-25de4f87f66d.png,https://api.cdn.visitjeju.net/photomng/thumbnailpath/202404/24/ac39222a-2075-4749-af4d-94498ee86cfc.png,"['체험다이빙', '스쿠버다이빙', '펀다이빙', '교육', '자격증', '서귀포시', 'PADI', '해양스포츠', '현금결제', '카드결제', '화장실', '무료 WIFI', '', '영어', '단차없음', '어려움', '중', '스쿠버다이빙 ', '2~3시간']"
CNTS_200000000009551,한라의향기,제주특별자치도 서귀포시 안덕면 병악로 58,감귤체험장,33.2809176,126.3638977,010-8662-9059,region2,서귀포시,23,안덕,한라의향기,2019022591104,https://api.cdn.visitjeju.net/photomng/imgpath/202111/24/86814c0b-c439-4dc0-b1f9-2e1cbfc644e1.jpg,https://api.cdn.visitjeju.net/photomng/thumbnailpath/202111/24/fc1f8d62-37c0-4fb0-9cf5-c0c63cf1ec7b.jpg,"['체험', ' 감귤', ' 감귤따기', '현금결제', '1시간 미만', '감귤', '감귤따기', '자연경관', '어트랙션']"
CONT_000000000500451,영천악(영천오름),제주특별자치도 서귀포시 516로 652,마음의 여유를 찾는 영천악,33.28478410625129,126.60477938017584,064-760-2913,region2,서귀포시,21,서귀포시내,Yeongcheonak Volcanic Cone (Yeongcheon Oreum Volcanic Cone),19076,https://api.cdn.visitjeju.net/photomng/imgpath/201804/30/282ace17-1408-44dc-9c49-dd2a8d4302d3.jpg,https://api.cdn.visitjeju.net/photomng/thumbnailpath/201804/30/476e44e4-f5d4-4a55-a916-203dd5394012.jpg,"['커플', '혼자', '친구', '오름', '경관/포토', '맑음', '자연경관', '도보여행', '도보', '포토스팟', '언택트']"
CNTS_000000000021461,구엄포구,제주특별자치도 제주시 애월읍 구엄리,제주에서만 볼 수 있는 특별한 모습,33.479736,126.381935,--,region1,제주시,12,애월,구엄포구,11316,https://api.cdn.visitjeju.net/photomng/imgpath/201804/30/ff0473c6-03cc-4844-a481-704f4a4181ca.jpg,https://api.cdn.visitjeju.net/photomng/thumbnailpath/201804/30/04d1c65d-d024-48d3-ac97-cd7e2dea589d.jpg,"['포구', '해변', '문화유적지', '맑음', '공용주차장', '자연경관', '역사유적']"
CNTS_300000000016098,제주향토음식보전연구원,제주특별자치도 제주시 수덕5길 23,제주 식문화 클래스에서 경험하는 제주의 맛,33.4859178,126.476044,010-3692-0628,region1,제주시,11,제주시내,김지순 명인&양용진 원장의 제주향토음식보전연구원,2019022620078,https://api.cdn.visitjeju.net/photomng/imgpath/202307/26/cff1a11e-9c64-44ef-b6f9-2085a6e8980c.jpg,https://api.cdn.visitjeju.net/photomng/thumbnailpath/202307/26/40b836a2-d795-491d-be19-d63c3ed8f54c.jpg,"['제주향토음식', '요리', '빙떡', '지름떡', '고기국수', '러닝홀리데이인제주']"
CNTS_200000000014277,도도펫,제주특별자치도 제주시 우령8길 63-16,"도도펫은 제주 외도에 위치한 반려견샵으로 강아지 미용과 호쿠도 마이크로버블 탄산스파 (피부보습, 민감성 피부, 아토피), 호텔링이 가능한 곳이다. ",33.4854023,126.4339576,,region1,제주시,11,제주시내,도도펫,2019022610900,https://api.cdn.visitjeju.net/photomng/imgpath/202212/15/0922b10e-b2dc-4ac4-b77d-5140ee052a19.jpg,https://api.cdn.visitjeju.net/photomng/thumbnailpath/202212/15/f3adcf03-7a4c-4d19-b832-97f8cf3bbfe4.jpg,"['애견미용실', '애견호텔', '반려동물', '반려동물동반입장', '혼저옵서개', '반려동물동반_기타체험', '공용주차장', '화장실', '무료 WIFI']"
CNTS_300000000012710,달중이네펫호텔,제주특별자치도 제주시 정존15길 20,달중이네 펫호텔은 반려동물에게 필요한 서비스를 전부 제공하는 곳이다.,33.4869252,126.4776171,,region1,제주시,11,제주시내,달중이네펫호텔,2019022621569,https://api.cdn.visitjeju.net/photomng/imgpath/202308/22/151e5914-eed0-4cbd-9526-cb13c0d4a93f.jpg,https://api.cdn.visitjeju.net/photomng/thumbnailpath/202308/22/21ba983b-3bdf-4501-91ba-bd103a89c72f.jpg,"['펫호텔', '펫놀이방', '반려동물', '반려동물동반입장', '혼저옵서개', '반려동물동반_기타체험', '공용주차장', '화장실', '무료 WIFI']"
CNTS_300000000015874,서프서프,제주특별자치도 제주시 구좌읍 해맞이해안로 468,입문자에게 딱 맞는 월정 서핑체험,33.5553336,126.7966229,0507-1366-3987,region1,제주시,16,구좌,서프서프,2019022617843,https://api.cdn.visitjeju.net/photomng/imgpath/202306/19/c539f1dd-755f-46cc-aaa3-edcf84775884.jpg,https://api.cdn.visitjeju.net/photomng/thumbnailpath/202306/19/05267a66-0f92-4ee6-9dc2-8f7e7553219d.jpg,"['구좌읍', ' 월정리', ' 서핑', ' 이색체험', '실외', '중', '3시간 이상']"
CNTS_200000000009893,일출랜드 아트센터,제주특별자치도 서귀포시 성산읍 중산간동로 4150-30,일출랜드 아트센터는 쪽 염색을 체험하는 전문 공간이다. 이곳의 쪽 염색이 특별한 이유는 쪽풀을 직접 재배하기 때문이다. 쪽은 3~4월에 씨를 뿌려 키운 후 7~8월에 수확하는데 60~70cm 정도 자란 풀을 수작업으로 발효시켜 염료로 만든다. 쪽은 빛깔도 아름답지만 살균과 항균력이 높아 예부터 귀한 옷과 문서를 염색하는데 많이 쓰였다고 한다. 천연 염색은 수고로움을 동반하지만 정성이 더해질수록 더욱 진하고 깊은 색을 얻을 수 있다.,33.3833933,126.84245,064-782-7654,region2,서귀포시,17,성산,일출랜드 아트센터,2019022569470,https://api.cdn.visitjeju.net/photomng/imgpath/202002/24/0a302cd6-2523-4934-96ce-d7ac536b6f5a.JPG,https://api.cdn.visitjeju.net/photomng/thumbnailpath/202002/24/c5e0a856-acc8-4fb2-8b42-a1614b39f4d7.JPG,"['휴식/힐링', '테마공원', '휴식/치유', '자연경관', '체험', '어트랙션', '공용주차장', '현금결제', '카드결제', '화장실', '무료 WIFI', '편의점', '음료대', '유도 및 안내시설', '경보 및 피난시설', '실내+실외']"
CNTS_000000000018869,산호레저,제주특별자치도 제주시 우도면 우도해안길 73,"ATV, 스쿠터, 전기자전거 대여 가능",33.49299,126.9511,064-784-0701,region3,섬 속의 섬,31,우도,Sanho Leisure,3819,https://api.cdn.visitjeju.net/photomng/imgpath/201804/30/d6a0d3b5-01d0-49d4-bc1d-feff4d5b41cc.jpg,https://api.cdn.visitjeju.net/photomng/thumbnailpath/201804/30/13adb175-e66d-4b14-96de-d9d0b985f430.jpg,"['액티비티', '맑음', '체험', '레저/체험', '수상레저', '어트랙션']"
CNTS_200000000010801,질그랭이센터,제주특별자치도 제주시 구좌읍 세평항로 46-9,"구좌읍 세화리 마을주민 477명이 모여 만든 세화마을협동조합이 멋진 풍광의 세화리 바닷가에 질그랭이센터를 오픈했다. 지상 4층 규모로 건축된 질그랭이센터는 1층은 세화리사무소가 업무를 보는 공간과 여행자센터가 있고, 2층에는 카페와 지구별가게, 3층은 공유오피공간과 세미나실이 있어 대관하고 있으며 4층은 세화밖거리(숙박시설)를 갖추고 있다.",33.48959660000001,126.8316644,064-783-2009,region1,제주시,16,구좌,질그랭이센터,2019022575643,https://api.cdn.visitjeju.net/photomng/imgpath/202011/03/8566cf4a-bc03-4fb4-a5ad-334802f188e5.jpg,https://api.cdn.visitjeju.net/photomng/thumbnailpath/202011/03/e08731b1-53ea-4d99-8403-f7b8f1693ab7.jpg,"['겨울', '체험', '마을관광', '어트랙션']"
CNTS_200000000011916,남원항 (남원포구),제주특별자치도 서귀포시 남원읍 남태해안로 140,올레길 5코스의 시작 지점으로 잘 알려져 있는 남원포구. 이곳은 옛날의 포구가 내항으로 있는데 돌로 쌓은 모양을 그대로 간직해 더욱 매력이 있는 곳이다. 한여름 낮엔 해수풀장에서 아이들이 뛰어 노는 소리로 가득찼던 곳이지만 지금은 거리두기 시행으로 운영을 하지 않고 있다. 저녁이 되면 포구를 둘러싸고 낚시하는 낚시꾼들이 오는데 무늬오징어 등이 잡힌다고 한다. 남원포구는 남원 읍내 가운데 있기 때문에 남원의 맛집들이 근처에 있어 식사하기에도 좋다.,33.2778272,126.7198433,,region2,서귀포시,25,남원,남원항 (남원포구),2019022582041,https://api.cdn.visitjeju.net/photomng/imgpath/202109/01/d3934305-c7ae-40c4-bca8-4fcadc8c26a4.JPG,https://api.cdn.visitjeju.net/photomng/thumbnailpath/202109/01/46570343-291e-433e-bc03-333783f3303b.JPG,"['맑음', '경관/포토', '문화유적지', '사계절', '자연경관', '역사유적', '포토스팟', '언택트', '관광지']"
CNTS_200000000011915,신흥리 동백 & 향나무길,제주특별자치도 서귀포시 남원읍 수망리 59,"동백 시즌에는 초겨울부터 이른 봄까지 많은 이들이 찾는 명소이다. 재래종동백, 애기동백, 카네이션 동백 등 다양한 동백이 우리를 반긴다. 꽃이 피는 시기가 동백마다 다르니 갈 때마다 다른 동백을 만날 수 있다.",33.32996840405765,126.73214372762041,,region2,서귀포시,25,남원,신흥리 동백 & 향나무길,2019022582033,https://api.cdn.visitjeju.net/photomng/imgpath/202109/01/16786f18-d226-404c-adab-808928fc4436.JPG,https://api.cdn.visitjeju.net/photomng/thumbnailpath/202109/01/10f98341-de1e-461b-96fd-954fa08a6ce1.JPG,"['커플', '친구', '맑음', '경관/포토', '겨울', '청년', '휴식/치유', '자연경관', '체험', '도보여행', '도보', '동백', '포토스팟', '관광지']"
CNTS_000000000022541,이호털보네배낚시,제주특별자치도 제주시 이호1동 1787,초보자도 쉽게 할수 있는 배낚시 체험,33.497173,126.44942,064-743-1287,region1,제주시,11,제주시내,이호털보네배낚시,15227,https://api.cdn.visitjeju.net/photomng/imgpath/201804/30/16b1192f-c65a-401c-b4b0-93c0afb40ade.jpg,https://api.cdn.visitjeju.net/photomng/thumbnailpath/201804/30/dc3445c8-54f5-466c-88b1-e95604fb6feb.jpg,"['낚시', '액티비티', '친구', '체험', '레저/체험', '어트랙션']"
CONT_000000000500387,수악 (물오름),제주특별자치도 서귀포시 남원읍 516로 1042,가슴을 청아하게 물들이는 오름,33.3616666,126.5291666,,region2,서귀포시,25,남원,Suak Oreum Volcanic Cone (Mul Oreum Volcanic Cone),18755,https://api.cdn.visitjeju.net/photomng/imgpath/201804/30/480c3134-391b-4bf9-abd1-838577b7e97c.jpg,https://api.cdn.visitjeju.net/photomng/thumbnailpath/201804/30/cb4ee893-b640-412a-a3e6-cf46e86ab536.jpg,"['오름', '부모', '커플', '혼자', '친구', '맑음', '경관/포토', '휴식/힐링', '사계절', '자연경관', '도보여행', '도보', '포토스팟']"
CNTS_000000000022738,들렁모루 산책길,제주특별자치도 서귀포시 서홍동 2437,한라산과 서귀포바다를 볼수 있는 짧은 숲속산책길,33.282448,126.54274,--,region2,서귀포시,21,서귀포시내,들렁모루 산책길,16325,https://api.cdn.visitjeju.net/photomng/imgpath/201804/30/207664d0-c182-4e26-a9a6-d9402ca8a74f.jpg,https://api.cdn.visitjeju.net/photomng/thumbnailpath/201804/30/41953601-ce1b-4336-89ba-c457cbe635e4.jpg,"['걷기/등산', '흐림', '맑음', '가을', '자연경관', '도보여행', '도보']"
CNTS_300000000013546,중문서핑스쿨,"제주특별자치도 서귀포시 중문관광로 94 (색달동, 토산품할인마트) 중문서핑스쿨",온몸으로 느끼는 짜릿한 서핑의 맛! 아름다운 중문색달해변에서 즐겁고 유쾌한 서핑 | 제주도 서귀포 중문 서핑강습,33.2507278,126.4145161,010-7932-7770,region2,서귀포시,24,중문,중문서핑스쿨,2019022652007,https://api.cdn.visitjeju.net/photomng/imgpath/202506/04/ba138996-816e-4499-ba9b-34b1eb4988b3.jpg,https://api.cdn.visitjeju.net/photomng/thumbnailpath/202506/04/ed8894b1-6f8e-4229-9a25-6ccb84ee7e2b.jpg,"['서핑', ' 액티비티', ' 물놀이', ' 중문', ' 색달해수욕장', ' 바다', ' 해수욕장', ' 강습', ' 체험', ' 클래스', ' 개인강습', '공용주차장', '현금결제', '카드결제', '화장실', '무료 WIFI', '음료대', '', '영어', '실내+실외', '해양스포츠', '체험', '3시간 이상']"
CONT_000000000500360,세미오름(샘이오름),제주특별자치도 제주시 조천읍 대흘리 산 27-8,고운 오름에 샘이 나는 세미오름,33.473663,126.66965,,region1,제주시,15,조천,세미오름(샘이오름),2019022559444,https://api.cdn.visitjeju.net/photomng/imgpath/201908/08/ff93f788-fdca-4e26-8743-8a11b444e4b2.jpg,https://api.cdn.visitjeju.net/photomng/thumbnailpath/201908/08/10c2b5d3-1018-4f88-8248-175016e32e41.jpg,"['오름', '걷기/등산', '자연경관', '도보여행', '도보']"
CNTS_300000000013532,아일로사,제주특별자치도 제주시 조천읍 북촌5길 6,아름다운 장미와 수국을 만날 수 있는 정원,33.54803880000001,126.6925813,064-752-1507,region1,제주시,15,조천,아일로사,2019022651607,https://api.cdn.visitjeju.net/photomng/imgpath/202505/23/b92a3be4-4655-4b87-bbff-3d86201e6f8b.jpg,https://api.cdn.visitjeju.net/photomng/thumbnailpath/202505/23/c45e4bae-a6f7-4376-883c-4b686d2e49bd.jpg,"['장미', ' 정원', ' 장미정원', ' 꽃', ' 화훼', ' 사진', ' 인생샷', ' 여름꽃', ' 수국', ' 아일로사', '현금결제', '카드결제', '화장실', '무료 WIFI', '음료대', '공용주차장', '단독접근가능', '실내+실외', '하', '체험', '사진찍기', '1시간 미만']"
CONT_000000000500366,소병악 (족은오름),제주특별자치도 서귀포시 안덕면 상창리 산 2-1,울창한 자연림의 숲을 이루고 있는 소병악,33.309055,126.37453,,region2,서귀포시,23,안덕,Sobyeongak Volcanic Cone (Jokeun Oreum Volcanic Cone),18588,https://api.cdn.visitjeju.net/photomng/imgpath/201804/30/74fad680-273a-4513-8e0a-f0a69695552b.jpg,https://api.cdn.visitjeju.net/photomng/thumbnailpath/201804/30/588b4966-27ea-4df3-a680-7832877e34a8.jpg,"['혼자', '친구', '맑음', '오름', '자연경관', '도보여행', '도보']"
CNTS_300000000015856,범서프,제주특별자치도 제주시 선사로8길 11,입문자도 즐길 수 있는 서핑 체험,33.5255346,126.5867411,0507-1422-2281,region1,제주시,11,제주시내,범서프,2019022617687,https://api.cdn.visitjeju.net/photomng/imgpath/202306/19/340db41f-878f-472e-9e0f-e1448fc2dc6b.jpg,https://api.cdn.visitjeju.net/photomng/thumbnailpath/202306/19/9d4a84c6-b151-4685-a0cd-50a2aa4cb4a5.jpg,"['제주시내', ' 삼양해수욕장', ' 서핑', '실외', '중', '3시간 이상']"
CNTS_000000000019659,골프탕탕,제주특별자치도 서귀포시 안덕면 산록남로 762번길 71,"제주도 푸른 잔디 위에서 펼쳐지는 이색 Outdoor Activity 미니 그라운드 골프 ""골프탕탕""",33.305763,126.38885,064-793-6005,region2,서귀포시,23,안덕,Golf Tangtang,5918,https://api.cdn.visitjeju.net/photomng/imgpath/201804/30/55d71cbb-3e6d-47d9-862a-b5ea68aa442c.png,https://api.cdn.visitjeju.net/photomng/thumbnailpath/201804/30/be595b2b-1823-428a-8dfb-fbcf4fa080a3.png,"['골프', '액티비티', '친구', '커플', '공용주차장', '현금결제', '카드결제', '화장실', '편의점', '체험', '레저/체험', '어트랙션']"
CNTS_000000000021507,대수포구,제주특별자치도 제주시 한림읍 수원리 1027-7,비양도가 보이는 작고 아담한 포구,33.426956,126.27057,--,region1,제주시,13,한림,대수포구,11439,https://api.cdn.visitjeju.net/photomng/imgpath/201804/30/5e5e9a70-c1bd-47ea-9421-c96ca1a01282.jpg,https://api.cdn.visitjeju.net/photomng/thumbnailpath/201804/30/dd73d76d-b15b-4d0d-8b8c-2228f663b5be.jpg,"['포구', '해변', '문화유적지', '아주 어려움', '자연경관', '역사유적']"
CONT_000000000500017,각시바우오름,제주특별자치도 서귀포시 호근동 2112,어느 여인의 한이 서린 각시바위,33.2767541,126.52702879999993,064-710-6032,region2,서귀포시,21,서귀포시내,Gaksibau Oreum Volcanic Cone,16975,https://api.cdn.visitjeju.net/photomng/imgpath/201804/30/8dd65907-17fa-4317-8193-4e45b074de36.jpg,https://api.cdn.visitjeju.net/photomng/thumbnailpath/201804/30/c84492c3-bc8d-4939-b2b4-827184d43a28.jpg,"['커플', '친구', '혼자', '맑음', '오름', '자연경관', '도보여행', '도보']"
CNTS_300000000015869,일레븐프리다이빙 제주센터,제주특별자치도 서귀포시 색달로 8,바다를 유영하는 색다른 다이빙 체험,33.259137,126.4049584,0507-1308-6353,region2,서귀포시,21,서귀포시내,일레븐프리다이빙 제주센터,2019022617800,https://api.cdn.visitjeju.net/photomng/imgpath/202306/19/142d42c8-9914-4158-ae7c-824cf8d2dab7.jpg,https://api.cdn.visitjeju.net/photomng/thumbnailpath/202306/19/c4786a8f-9e90-409b-8e5a-d8248b174df3.jpg,"['서귀포', ' 색달동', ' 프리다이빙', ' 이색체험', '실내+실외', '중', '2~3시간']"
CNTS_000000000019470,제주해양레저,제주특별자치도 서귀포시 중문관광로 192,중문관광단지 내 대한민국 최고의 종합해양레저시설,33.243168,126.41885,0507-1440-5111,region2,서귀포시,24,중문,제주해양레저,5349,https://api.cdn.visitjeju.net/photomng/imgpath/201804/30/85eb5979-1665-4e91-a338-a63596bcccb7.jpg,https://api.cdn.visitjeju.net/photomng/thumbnailpath/201804/30/5e30b9ed-165b-4e49-874c-09343b05c5ac.jpg,"['해수욕장', '액티비티', '맑음', '체험', '레저/체험', '해변', '물놀이', '수상레저', '어트랙션']"
CNTS_200000000009863,제주미래교육연구원 과학탐구체험장,제주특별자치도 제주시 산록북로 421,제주미래교육연구원 과학탐구체험장은 한라산이 올려다 보이는 산록북로 가운데 위치해있다. 한라산을 옆에 두고 달리다 보며 어느새 과학탐구체험장에 닿는다. 이곳에는 아이들은 물론 어른들도 흥미롭게 관람할 수 있는 시설들이 많다. ,33.3616666,126.5291666,064-710-0800,region1,제주시,11,제주시내,제주미래교육연구원 과학탐구체험장,2019022569249,https://api.cdn.visitjeju.net/photomng/imgpath/202002/20/f586694e-8471-43ba-8e21-1101c25e5abe.JPG,https://api.cdn.visitjeju.net/photomng/thumbnailpath/202002/20/3ae59bdc-e71b-4f6c-ba27-dd390a99393d.JPG,"['아이', '부모', '어린이', '어트랙션']"
CNTS_000000000021384,제주불교성지 순례길 절로 가는길 - 보시의 길,제주특별자치도 제주시 애월읍 수산곰솔길 56,'전법의 신행' 수천 년 동안 이어져 온 부처님 법을 세상으로 전하는 길,33.473495,126.386086,--,region1,제주시,12,애월,제주불교성지 순례길 절로 가는길 - 보시의 길,11188,https://api.cdn.visitjeju.net/photomng/imgpath/201804/30/d9467f12-29ec-48c3-a28f-8a5bc1f40968.jpg,https://api.cdn.visitjeju.net/photomng/thumbnailpath/201804/30/c74ab63e-1654-4d8c-b848-975dd5d1607d.jpg,"['걷기/등산', '봄', '가을', '문화관광', '도보여행', '도보', '어트랙션']"
CONT_000000000500486,웃세오름(족은오름),제주특별자치도 제주시 애월읍 평화로,3개의 웃세오름 중 막내인 족은오름,33.409966,126.398865,064-710-7826,region1,제주시,12,애월,Utse Oreum Volcanic Cone [Jokeun Oreum Volcanic Cone],19220,https://api.cdn.visitjeju.net/photomng/imgpath/201804/30/fdc8ca9c-c974-4fb0-9fe1-0f160c84270a.jpg,https://api.cdn.visitjeju.net/photomng/thumbnailpath/201804/30/71a59c32-63d2-47b1-8b0a-aae25a594faf.jpg,"['오름', '걷기/등산', '친구', '자연경관', '도보여행', '도보']"
CNTS_200000000015508,제주아세안홀,제주특별자치도 서귀포시 중문관광로 227-24,"한국과 아세안에 대한 이해 증진을 위한 강좌, 워크숍, 체험학습 등 다양한 행사가 진행되는 다목적 공간",33.2446048,126.421732,,region2,서귀포시,24,중문,제주아세안홀,2019022613494,https://api.cdn.visitjeju.net/photomng/imgpath/202305/10/888e79e8-df2e-452a-ac98-eecffc29cf4b.jpg,https://api.cdn.visitjeju.net/photomng/thumbnailpath/202305/10/b9105a68-778c-46f9-a74c-3898a5be6a02.jpg,"['전시와 행사', '제주아세안홀', '문화공간']"
CNTS_000000000022066,금룡사 템플스테이,제주특별자치도 제주시 구좌읍 김녕로 148-11,"금룡사는 제주의 동쪽 김녕리에 자리한 금룡사는 너럭바위와 소나무 등이 어우러져 청룡, 황룡의 조화를 이루는 천연도량이다.",33.55384,126.75357,064-783-3663,region1,제주시,16,구좌,금룡사 템플스테이,2019022585256,https://api.cdn.visitjeju.net/photomng/imgpath/202110/27/0d85f8f1-0e9f-4376-a5c9-73cd12b9c98a.jpg,https://api.cdn.visitjeju.net/photomng/thumbnailpath/202110/27/091b59bc-0413-495c-a349-c582e276740d.jpg,"['템플스테이', '실내', '휴식/힐링', '커플', '흐림', '사계절', '문화관광', '체험', '어트랙션']"
CONT_000000000500484,웃세오름(누운오름),제주특별자치도 제주시 애월읍 1100로 1579-25,길게 누워있다고 하여 붙여진 누운오름,33.35865267324373,126.4607188460327,064-710-7826,region1,제주시,12,애월,Utse Oreum Volcanic Cone [Nuun Oreum Volcanic Cone],19215,https://api.cdn.visitjeju.net/photomng/imgpath/201804/30/b3a29197-5b94-46f5-bd5e-dab9e9d429d5.jpg,https://api.cdn.visitjeju.net/photomng/thumbnailpath/201804/30/b6c252b9-aa22-4ea4-9cf6-d28abac5861a.jpg,"['오름', '걷기/등산', '친구', '자연경관', '도보여행', '도보']"
CNTS_300000000013737,와그라운드,제주특별자치도 제주시 조천읍 함대로 194-2,"와그라운드 제주도 함덕 <<초대형 에어바운스>>,수영, 캠핑체험, 불멍, 바베큐, 놀이터를 한 곳에서 즐기는 곳으로 잠은 집에서, 캠핑장 아니고 캠크닉장입니다.",33.5275814,126.6580625,064-702-5148,region1,제주시,15,조천,와그라운드 [수정],2019022656215,https://api.cdn.visitjeju.net/photomng/imgpath/202509/08/f6c3397e-4054-4449-b519-bdc9cc76b357.jpg,https://api.cdn.visitjeju.net/photomng/thumbnailpath/202509/08/8fc933c4-e82d-4683-9b24-925443e3d005.jpg,"['함덕캠프장', ' 조천수영장', ' 조천캠프장', ' 에어바운스', ' 불멍', ' 캠핑체험', '공용주차장', '현금결제', '카드결제', '화장실']"
CNTS_300000000015760,루씨쏜 아뜰리에,제주특별자치도 서귀포시 보목로64번길 138 (보목동) 보목로 64번길 138 1층,켜켜이 쌓아가는 제주민화의 매력을 배우다,33.24119750000001,126.5930741,0507-1329-1215,region2,서귀포시,21,서귀포시내,루씨쏜 아뜰리에,2019022619999,https://api.cdn.visitjeju.net/photomng/imgpath/202307/26/7328ebb0-50a0-4f22-a3a3-65932952cd3e.jpg,https://api.cdn.visitjeju.net/photomng/thumbnailpath/202307/26/d39909cb-c1c4-441c-859e-ee6ba2ee6966.jpg,"['체험관광', '민화갤러리', '미화그리기체험', '전시', '교육', '문화행사', '러닝홀리데이인제주', '2023_관광10선_가을', '현금결제', '카드결제', '화장실', '무료 WIFI', '흡연구역', '음료대', '유도 및 안내시설', '경보 및 피난시설', '', '영어', '일본어', 'English', '단독접근가능', '청각장애인 접근성', '시각장애인 접근성', '저상버스 접근 가능', '수동 휠체어 대여 가능', '쉬움', '실내', '하', '체험', '유아시설', '공연/전시', '민화 그리기 체험', ' 미술관람', ' 아트상품', ' 카페이용', ' 전통북 독서', ' 한국화 민화 정규수업', '2~3시간']"
CNTS_300000000012723,펫플러스,제주특별자치도 제주시 신광로 52,"펫 플러스는 제주도 내 최대 규모의 애견용품 할인매장으로써, 매장의 마스코트‘신’이라는 강아지가 손님을 반겨준다.",33.4876493,126.4895315,064-742-1550,region1,제주시,11,제주시내,펫플러스,2019022621686,https://api.cdn.visitjeju.net/photomng/imgpath/202308/23/ac4b15eb-3800-4dea-8643-535bd82ea6e3.jpg,https://api.cdn.visitjeju.net/photomng/thumbnailpath/202308/23/27d39614-8a79-4f96-bb1b-a017c91b3091.jpg,"['애견용품', '반려동물', '반려동물동반입장', '혼저옵서개', '반려동물동반_기타체험', '공용주차장', '화장실', '무료 WIFI', '유도 및 안내시설', '경보 및 피난시설']"
CNTS_200000000009490,버디프렌즈 플래닛,제주특별자치도 서귀포시 천제연로 70,생태문화전시관 <버디프렌즈 플래닛>은 신비롭고 소중한 제주도의 자연을 새롭게 발견할 수 있도록 아이부터 어른까지 누구나 즐길 수 있는  다양한 전시와 콘텐츠가 준비된 공간이다.,33.2814107,126.4111118,064-798-2000,region2,서귀포시,21,서귀포시내,더 플래닛(THE PLANET),2019022601111,https://api.cdn.visitjeju.net/photomng/imgpath/202205/30/2d5882af-6749-430e-8926-3c85ea894ef1.jpg,https://api.cdn.visitjeju.net/photomng/thumbnailpath/202205/30/334bb3f1-da25-4a04-b124-4b68d984bb82.jpg,"['부모', '커플', '혼자', '친구', '아이', '전시와 행사', '생태문화', '체험', '실내관광지', '어린이', '어트랙션', '안전여행스탬프', '무장애관광', '공용주차장', '화장실', '무료 WIFI', '경보 및 피난시설', '임산부 휴게시설', '카드결제', '현금결제', '카카오페이', ' 위챗페이', ' 알리페이', '영어', '중국어', '저상버스 접근 가능', '장애인 화장실', '장애인 전용 주차장', '쉬움', '실내+실외', '중', '공연/전시', '쇼핑', '1~2시간']"
CNTS_200000000014288,제라펫,제주특별자치도 제주시 용담로20길 28,제라펫은 제주 공항 근처에 위치한 반려견 미용실이다.,33.5078807,126.5134968,,region1,제주시,11,제주시내,제라펫,2019022610973,https://api.cdn.visitjeju.net/photomng/imgpath/202212/15/94399bc4-07db-40bd-bb99-4b16603f1b85.jpg,https://api.cdn.visitjeju.net/photomng/thumbnailpath/202212/15/97c27fd4-4f9e-4622-8132-af9579933b4d.jpg,"['애견미용실', '반려동물', '반려동물동반입장', '혼저옵서개', '반려동물동반_기타체험', '공용주차장', '화장실', '무료 WIFI']"
CONT_000000000500087,남문지못,제주특별자치도 서귀포시 대정읍 인성리 392,추사의 유배시절 모습을 그린 입석이 세워져 있는 곳,33.24656,126.276405,064-794-2618,region2,서귀포시,22,대정,Nammunjimot Pond ,17259,https://api.cdn.visitjeju.net/photomng/imgpath/201804/30/f4a30612-ccad-4b5a-9a86-c26737ce3f4a.jpg,https://api.cdn.visitjeju.net/photomng/thumbnailpath/201804/30/c841ee17-df1b-46ca-8b28-c5acea5e4ef1.jpg,"['문화유적지', '자연경관', '문화관광', '역사유적', '아주 어려움']"
CONT_000000000500418,"알밤(알바매기, 알밤오름)",제주특별자치도 제주시 조천읍 선흘남4길 229,오름 모양이 밤알같이 생겼다하여 붙여진 오름,33.4777041,126.7135515,,region1,제주시,15,조천,"Albam (Albamaegi, Albam Oreum Volcanic Cone)",18922,https://api.cdn.visitjeju.net/photomng/imgpath/201804/30/e0756790-460f-492b-b00b-47cebe527fef.jpg,https://api.cdn.visitjeju.net/photomng/thumbnailpath/201804/30/d0cd0181-99b5-46ab-885a-f8bce94a4e2f.jpg,"['부모', '커플', '혼자', '친구', '아이', '맑음', '오름', '자연경관', '도보여행', '도보', '어린이']"
CNTS_000000000022900,제주다이브 체험다이빙,제주특별자치도 서귀포시 월드컵로 84,스쿠버 체험 및 전문 교육을 받을 수 있는 제주다이브,33.242176,126.50496,064-739-3333,region2,서귀포시,21,서귀포시내,제주다이브 체험다이빙,16836,https://api.cdn.visitjeju.net/photomng/imgpath/201804/30/9f38133c-b11e-4422-9076-cb0b702c12cd.jpg,https://api.cdn.visitjeju.net/photomng/thumbnailpath/201804/30/f8581642-6609-4784-8c01-e5399a065665.jpg,"['커플', '혼자', '친구', '액티비티', '다이빙체험', '스쿠버교육', '공용주차장', '현금결제', '카드결제', '화장실', '무료 WIFI', '편의점', '음료대', '유도 및 안내시설', '단독접근가능', '아주 어려움', '체험', '레저/체험', '수상레저', '어트랙션', '무장애관광']"
CNTS_000000000021034,예초리,제주특별자치도 제주시 추자도 예초리,"묵리, 신양 2리와 함께 하추자도에 위치한 마을",33.947014,126.3201,--,region3,섬 속의 섬,32,추차도,예초리,10438,https://api.cdn.visitjeju.net/photomng/imgpath/201804/30/176e466e-2257-4fdf-a827-5a455166971b.gif,https://api.cdn.visitjeju.net/photomng/thumbnailpath/201804/30/39457a76-11cb-4cb5-a0b8-14b0aee5be1d.gif,"['친구', '혼자', '커플', '휴식/힐링', '올레']"
CNTS_200000000008153,포토갤러리 자연사랑미술관,제주특별자치도 서귀포시 표선면 가시리 1920-1,가시초등학교를 활용한 사진갤러리,33.3537012,126.7714295,064-787-3110,region2,서귀포시,26,표선,포토갤러리 자연사랑미술관,2018052312427,https://api.cdn.visitjeju.net/photomng/imgpath/201901/18/4fdc91b9-7dd5-4305-bc4c-9fdcd381fb37.jpg,https://api.cdn.visitjeju.net/photomng/thumbnailpath/201901/18/27959955-aa16-4331-b847-36c2a6b24440.jpg,"['사진', '전시관', '갤러리', '문화관광', '미술관', '실내관광지', '어트랙션']"
CONT_000000000500540,제주국제평화센터,제주특별자치도 서귀포시 중문 관광로 227-24,세계 평화의 섬 이미지 구현의 구심점 역할,33.2444,126.4219,064-735-6550,region2,서귀포시,24,중문,International Peace Center Jeju ,19503,https://api.cdn.visitjeju.net/photomng/imgpath/201804/30/7cdd9eb6-8040-4938-9e37-7bd5a9581608.jpg,https://api.cdn.visitjeju.net/photomng/thumbnailpath/201804/30/0de9a5a8-28be-4e30-ae14-49111fdadcfb.jpg,"['실내', '미술/박물관', '비.눈', '사계절', '실내관광지', '어트랙션', '무장애관광', '공용주차장', '현금결제', '카드결제', '화장실', '무료 WIFI', '음료대', '유도 및 안내시설', '경보 및 피난시설', '임산부 휴게시설', '엘리베이터', '단독접근가능', '단차없음', '청각장애인 접근성', '시각장애인 접근성', '저상버스 접근 가능', '장애인 화장실', '승강기', '장애인 전용 주차장', '수동 휠체어 대여 가능', '테이블 비치', '쉬움', '하', '공연/전시', '1시간 미만']"
CONT_000000000500023,갓전시관[갓전수교육관],제주특별자치도 제주시 조천읍 남조로 1904,문화유산을 배우고 체험하는 공간,33.436024,126.671844,070-8656-6885,region1,제주시,15,조천,Gat Exhibition Hall ,16997,https://api.cdn.visitjeju.net/photomng/imgpath/201804/30/c29255fc-704b-40ef-baa0-729fe2ae04cd.jpg,https://api.cdn.visitjeju.net/photomng/thumbnailpath/201804/30/f1c3afc3-6985-44fd-a670-5d2bd433bb6f.jpg,"['실내', '미술/박물관', '부모', '비.눈', '사계절', '실내관광지', '어트랙션', '무장애관광', '공영관광지', '공용주차장', '화장실', '무료 WIFI', '유도 및 안내시설', '경보 및 피난시설', '단독접근가능', '단차없음', '저상버스 접근 가능', '장애인 화장실', '장애인 전용 주차장', '어려움', '중', '공연/전시', '1시간 미만']"
CNTS_300000000013379,사쉬요가,제주특별자치도 제주시 남광로 44 1충 사쉬요가,빈야사 요가와 명상을 주로하는 제주 시내 전문 요가원 ,33.494112,126.5402179,0507-1303-2794,region1,제주시,11,제주시내,사쉬요가,2019022648118,https://api.cdn.visitjeju.net/photomng/imgpath/202412/11/16cfc00f-9585-4929-96c3-dcc95d5493de.jpg,https://api.cdn.visitjeju.net/photomng/thumbnailpath/202412/11/81a99453-3eb4-4fd6-8211-7a4c8d0f15e0.jpg,['#제주요가 #요가 #힐링 #명상 #빈야사요가 #제주요가원 #제주요가원데이']
CNTS_200000000007222,삼양 셋다리물,제주특별자치도 제주시 삼양1동 1938-9,용천수가 나오는 노천탕.,33.5294857,126.5894095,,region1,제주시,11,제주시내,삼양 셋다리물,2018052302269,https://api.cdn.visitjeju.net/photomng/imgpath/201807/12/51fec2a5-00b6-4561-bbfa-cef43ce45c72.JPG,https://api.cdn.visitjeju.net/photomng/thumbnailpath/201807/12/7df28597-e184-48e8-9e08-3430c462e411.JPG,"['여름', '아이', '용천수', '노천탕', '화장실', '자연경관', '체험', '어린이', '수상레저']"
CNTS_300000000012631,생약누리,제주특별자치도 서귀포시 돈내코로 260 (상효동) 생약누리,‘ ‘생약’과 세상을 의미하는 ‘누리’의 합성어로 다양한 전시와 체험프로그램을 통해 생약의 모든 것을 경험할 수 있는 복합문화공간,33.3059049,126.571522,064-717-8706,region2,서귀포시,21,서귀포시내,생약누리,2019022620958,https://api.cdn.visitjeju.net/photomng/imgpath/202308/17/934b8337-a2e0-4ed4-ade6-39ecc16ef9ed.jpg,https://api.cdn.visitjeju.net/photomng/thumbnailpath/202308/17/64b8719a-1aa4-45a9-9b26-981e4103585c.jpg,"['생약', ' 전시', ' 정원', ' 홍보', '공용주차장', '화장실', '무료 WIFI', '유도 및 안내시설', '', '단차없음', '시각장애인 접근성', '장애인 화장실', '승강기', '쉬움', '실내+실외', '하', '체험', '공연/전시', '생약자원관리의 중요성과 보존의 필요성을 국민에게 알리기 위해 설립', '1~2시간']"
CNTS_200000000014284,멍더랜드,제주특별자치도 제주시 월광로 147,멍더랜드는 제주 공항 주변에 위치한 반려견 유치원이다.,33.4920804,126.4734937,064-713-1067,region1,제주시,11,제주시내,멍더랜드,2019022610942,https://api.cdn.visitjeju.net/photomng/imgpath/202212/15/804d43cb-4a5b-4826-b318-e7e238758c30.jpg,https://api.cdn.visitjeju.net/photomng/thumbnailpath/202212/15/dff7fcc4-fffc-4cd1-895b-9d69bfad3fdf.jpg,"['애견미용실', '반려동물', '반려동물동반입장', '혼저옵서개', '반려동물동반_기타체험', '공용주차장', '화장실', '무료 WIFI']"
CNTS_200000000007343,예술공간 이아,제주특별자치도 제주시 중앙로14길 21,원도심을 예술로 밝히는 복합예술공간,33.510861,126.5219859,064-800-9300,region1,제주시,11,제주시내,예술공간 이아,2018052303832,https://api.cdn.visitjeju.net/photomng/imgpath/201808/08/afbe8c25-5b00-4068-9e63-de3e204535de.JPG,https://api.cdn.visitjeju.net/photomng/thumbnailpath/201808/08/3095115e-995a-48b9-981a-1cedd301221e.JPG,"['예술', '갤러리', '서점', '카페', '어트랙션', '쉬움']"
CNTS_300000000013298,농업회사법인 주식회사 목화오름,제주특별자치도 서귀포시 안덕면 광평리 319,패션의 원소재인 목화와 아마(린넨) 농사를 짓고 있으며 이를 바탕으로 패션 브랜드를 운영하고 있습니다. ,33.334141640832634,126.34803827145383,010-6848-7281,region1,제주시,11,제주시내,농업회사법인 주식회사 목화오름,2019022643793,https://api.cdn.visitjeju.net/photomng/imgpath/202410/24/13ae621c-3381-4436-8f80-00234e96d6f3.jpg,https://api.cdn.visitjeju.net/photomng/thumbnailpath/202410/24/e5b03654-b62a-4f83-8327-63a0ead75eb4.jpg,"['목화오름', '제주목화', '제주목화오름', '목화오름축제', '공용주차장', '유도 및 안내시설', '카드결제', '', '쉬움']"
CNTS_200000000008012,새시물,제주특별자치도 제주시 한림읍 상한로,상명리 주민들의 식수로 쓰였던 마을 샘터,33.36501690000001,126.2711484,,region1,제주시,13,한림,새시물,2018052311295,https://api.cdn.visitjeju.net/photomng/imgpath/201812/17/876bcaff-ddb4-4a50-a018-e8bf3de0660d.jpg,https://api.cdn.visitjeju.net/photomng/thumbnailpath/201812/17/b1da41b7-d827-4e50-a13f-a9610fd190e8.jpg,"['휴식/힐링', '자연경관']"
CNTS_000000000022082,제주불빛정원 테마파크,제주특별자치도 제주시 애월읍 평화로 2346,"아름다운 불빛 조형물과 따뜻한 모닥불, 자연과 휴식이 있는 매력적인 야경의 별이 빛나는 밤 아름다운 추억 테마파크",33.4222395,126.4092532,064-799-6996,region1,제주시,12,애월,제주불빛정원 테마파크,2019022569447,https://api.cdn.visitjeju.net/photomng/imgpath/202002/24/6eea78e0-ce91-410b-8bda-1945e5254fe4.JPG,https://api.cdn.visitjeju.net/photomng/thumbnailpath/202002/24/8969daee-4c0b-42af-945a-0da772cd3cb4.JPG,"['부모', '커플', '혼자', '친구', '아이', '맑음', '테마공원', '밤', '체험', '어린이', '어트랙션', '반려동물', '반려동물동반입장', '혼저옵서개', '반려동물동반_관광지', '현금결제', '카드결제', '화장실']"
CNTS_200000000015185,제주아리온승마장,제주특별자치도 서귀포시 안덕면 신화역사로403번길 79,어린이도 쉽게 탈 수 있는 승마체험,33.3109161,126.3341065,064-792-2016,region2,서귀포시,23,안덕,제주아리온승마장,2019022617806,https://api.cdn.visitjeju.net/photomng/imgpath/202306/19/f8363c40-625f-45a3-b192-70e0c10a1269.jpg,https://api.cdn.visitjeju.net/photomng/thumbnailpath/202306/19/d26157ca-0437-4209-8b0b-7b6d1cf0d448.jpg,"['서귀포', ' 안덕면', ' 동광리', ' 승마', ' 포니', ' 이색체험', '실내+실외', '중', '1시간 미만']"
CNTS_200000000009211,제스피 맥주협동조합 양조장,제주특별자치도 서귀포시 남원읍 서성로652번길 63-3,"제주에서만 맛볼 수 있는 특별한 맥주, 제주에서 만나는 또 다른 즐거움 ",33.3258417,126.6696618,070-4250-4099,region2,서귀포시,25,남원,제스피 맥주협동조합 양조장,2019022562137,https://api.cdn.visitjeju.net/photomng/imgpath/201909/20/22c72979-f2cd-4ea0-9d75-c370dfe79eb8.jpg,https://api.cdn.visitjeju.net/photomng/thumbnailpath/201909/20/b3df7d1a-0dd4-40aa-b350-cc46996c82fe.jpg,"['커플', '혼자', '친구', '휴식/힐링', '체험관광', '사계절', '청년', '공용주차장', '화장실', '유도 및 안내시설', '', '영어', '쉬움', '실내+실외', '하', '1시간 미만', '실내관광지', '체험', '어트랙션']"
CNTS_300000000013356,유리바닥보트,제주특별자치도 서귀포시 안덕면 화순해안로106번길 8 (화순리) 1층 유리바닥보트,세상에 없던 새로운 체험형 보트투어 유리바닥보트,33.2385082,126.336399,064-782-0888,region2,서귀포시,23,안덕,유리바닥보트,2019022647979,https://api.cdn.visitjeju.net/photomng/imgpath/202412/04/3e5177c4-f205-4aa2-a125-c8fd518e1dff.jpg,https://api.cdn.visitjeju.net/photomng/thumbnailpath/202412/04/fea73b1f-a803-4854-9f99-0e070bf33b1b.jpg,"['커플', '부모', '체험관광', '사계절', '휴식/치유', '공용주차장', '현금결제', '카드결제', '화장실', '무료 WIFI', '흡연구역', '음료대', '유도 및 안내시설', '경보 및 피난시설', '카카오페이', '애플페이', '영어', '', '실외', '하', '해양스포츠', '체험', '물놀이', '요트투어 및 관광', '1시간 미만']"
CONT_000000000500659,파군봉(바굼지오름),제주특별자치도 제주시 애월읍 하귀1리 688-1,하귀리 마을의 유일한 오름,33.479167462316795,126.41244381772154,,region1,제주시,12,애월,Pagunbong Volcanic Cone (Bagumji Oreum Volcanic Cong),20139,https://api.cdn.visitjeju.net/photomng/imgpath/201804/30/4f0001e0-8313-46db-a64e-4371694f703e.jpg,https://api.cdn.visitjeju.net/photomng/thumbnailpath/201804/30/c3d23d31-1380-4d56-8eb7-4246d96c94e4.jpg,"['오름', '걷기/등산', '자연경관', '도보여행', '도보', '공용주차장']"
CNTS_000000000022941,문서프,제주특별자치도 제주시 애월읍 곽지7길 1,아름다운 에메랄드빛 바다에서 여유롭게 즐기는 서핑,33.45005,126.30845,010-4757-3364,region1,제주시,12,애월,문서프,2018052300024,https://api.cdn.visitjeju.net/photomng/imgpath/201805/23/d6a36fb3-ee3a-4652-a79d-4d3c18898c6e.jpg,https://api.cdn.visitjeju.net/photomng/thumbnailpath/201805/23/48094b15-c1e2-418a-b9af-4fac4f5b696b.jpg,"['서핑', ' 곽지', ' 곽지해수욕장', ' 애월', '공용주차장', '현금결제', '카드결제', '화장실', '무료 WIFI', '흡연구역', '편의점', '어려움', '곽지', '곽지해수욕장', '애월', '해변', '해수욕장', '물놀이', '어트랙션']"
CNTS_000000000019570,애월연대,제주특별자치도 제주시 애월읍 애월리 1975,횃불과 연기를 이용하여 정치·군사적으로 급한 소식을 전하던 통신수단 애월 연대,33.46564,126.31318,064-728-2731,region1,제주시,12,애월,Aewol Signaling Site,5549,https://api.cdn.visitjeju.net/photomng/imgpath/201804/30/f1383d4d-d905-4d39-8afa-73158c4c5725.jpg,https://api.cdn.visitjeju.net/photomng/thumbnailpath/201804/30/521637a2-baf1-4fcc-a7bd-505f32445fd2.jpg,"['부모', '혼자', '친구', '아이', '맑음', '경관/포토', '문화유적지', '문화관광', '역사유적', '포토스팟', '어린이']"
CNTS_300000000013059,남국사,제주특별자치도 제주시 중앙로 738-16,"수국과 어우러진 삼나무 숲길, 제주 시내 작은 절 남국사",33.459019,126.5487621,064-702-0141,region1,제주시,11,제주시내,남국사,2019022634125,https://api.cdn.visitjeju.net/photomng/imgpath/202406/25/e40c7432-5c71-4a0e-a0af-3e05bb28e23f.jpg,https://api.cdn.visitjeju.net/photomng/thumbnailpath/202406/25/7787f12e-b07b-40e5-814a-2d2bf58519ed.jpg,"['수국', ' 절', ' 제주도사찰', ' 제주도유명사찰', ' 제주도절', ' 사진명소', ' 수국명소', ' 제주수국명소', ' 수국축제', '공용주차장', '화장실', '쉬움', '실외', '포토스팟', '절', ' 사찰', '1~2시간']"
CNTS_200000000007916,핸즈웍스,제주특별자치도 제주시 한림읍 귀덕로 78,"손으로 만든 모든 것, 핸즈웍스 가죽공방",33.4376238,126.2970018, 010-2542-5326,region1,제주시,13,한림,핸즈윅스,2018052309223,https://api.cdn.visitjeju.net/photomng/imgpath/201811/20/5f684b84-6596-4d03-a842-9520fb47c8ac.jpg,https://api.cdn.visitjeju.net/photomng/thumbnailpath/201811/20/1a2a513a-051c-4894-b0a7-e37d4e4651ff.jpg,"['가죽공방', '핸드메이드', '체험관광', '체험', '어트랙션', '무료 WIFI']"
CNTS_000000000021534,민오름(오라동),제주특별자치도 제주시 오라2동 산 12,"야생화와 숲의 조화, 민오름",33.476444,126.50659,--,region1,제주시,11,제주시내,민오름(오라동),11503,https://api.cdn.visitjeju.net/photomng/imgpath/201804/30/e4cd8f3b-0c0c-4474-aef7-202877a42318.jpg,https://api.cdn.visitjeju.net/photomng/thumbnailpath/201804/30/654ebcd8-43d5-48bd-882f-6c57c5a687b2.jpg,"['커플', '친구', '혼자', '맑음', '오름', '화장실', '자연경관', '도보여행', '도보']"
CONT_000000000500121,다려도,제주특별자치도 제주시 조천읍 북촌리,제주시의 숨은 비경 31 중 한 곳,33.555916,126.69623,064-783-8522,region1,제주시,15,조천,Daryeodo Island,17343,https://api.cdn.visitjeju.net/photomng/imgpath/201804/30/b2e7ce0a-ae4b-4337-990e-72b36ea72823.jpg,https://api.cdn.visitjeju.net/photomng/thumbnailpath/201804/30/0c351421-e479-459d-aa27-54362c22acef.jpg,"['경관/포토', '휴식/힐링', '해변', '자연경관', '포토스팟']"
CNTS_300000000016081,슬리핑라이언,제주특별자치도 서귀포시 안덕면 화순서동로 151,머릿속을 비우고 오감을 깨우는 제주 트레킹,33.2621473,126.3327229,010-6350-0032,region2,서귀포시,23,안덕,슬리핑라이언,2019022619986,https://api.cdn.visitjeju.net/photomng/imgpath/202307/26/59790da9-8de2-401d-b311-cc0be9555936.jpg,https://api.cdn.visitjeju.net/photomng/thumbnailpath/202307/26/667096c1-5a83-43b7-9d7c-64add751ec2a.jpg,"['휴식/힐링', '휴식/치유', '트레킹', '자연', '러닝홀리데이', '곶자왈', '오름', '러닝홀리데이인제주', '2023_관광10선_가을', '실외', '1~2시간']"
CNTS_300000000015886,파인더웨이브,제주특별자치도 제주시 애월읍 일주서로 6079,입문하기 딱 좋은 곽지해수욕장 서핑샵,33.4533803,126.3087106,010-9297-4222,region1,제주시,12,애월,파인더웨이브,2019022617993,https://api.cdn.visitjeju.net/photomng/imgpath/202306/20/a918db59-df7c-494d-9168-9d8de06cb749.jpg,https://api.cdn.visitjeju.net/photomng/thumbnailpath/202306/20/6cdaa37c-58ef-4966-b890-b2f8e23b930c.jpg,"['애월', ' 곽지', ' 서핑', ' 윈드서핑', ' 이색체험', '실외', '중', '2~3시간']"
CNTS_300000000013490,제주신화월드 신화가든,제주특별자치도 서귀포시 안덕면 신화역사로304번길 38,계절별 꽃을 가꾸어 제주신화월드 내 인기 있는 포토존 명소입니다.,33.3037876,126.3164303,1670-1188,region2,서귀포시,23,안덕,제주신화월드 신화가든,2019022650712,https://api.cdn.visitjeju.net/photomng/imgpath/202504/04/be6e69a7-3682-44d3-9004-f054452a1061.jpg,https://api.cdn.visitjeju.net/photomng/thumbnailpath/202504/04/ba0fbe5b-5068-4810-8d7f-2e1d97535071.jpg,"['제주', ' 서귀포', ' 제주신화월드', ' 신화가든', ' 코스모스', ' 유채꽃', ' 포토존명소']"
CNTS_300000000016085,오후 세시의 고양이,제주특별자치도 제주시 설촌로6길 18, 오일 파스텔로 기록하는 행복,33.5228322,126.5833031,0507-1462-0244,region1,제주시,11,제주시내,오후 세시의 고양이,2019022620008,https://api.cdn.visitjeju.net/photomng/imgpath/202307/26/878ebd0f-7bfd-44ca-88c4-42ae595110f6.jpg,https://api.cdn.visitjeju.net/photomng/thumbnailpath/202307/26/69d0490a-3bcf-4d48-953c-202f44a26f96.jpg,"['휴식/힐링', ' 오일파스텔', ' 미술', ' 예술', ' 러닝홀리데이인제주', '실내', '1~2시간']"
CNTS_000000000019639,중문승마공원,제주특별자치도 서귀포시 이어도로 244,중문에서 즐기는 승마 체험,33.24225,126.44533,064-738-1942,region2,서귀포시,21,서귀포시내,중문승마공원,5864,https://api.cdn.visitjeju.net/photomng/imgpath/201804/30/90b8a33e-038b-4100-ad0d-41c0030e5573.jpg,https://api.cdn.visitjeju.net/photomng/thumbnailpath/201804/30/9d4e5e53-1325-41e7-8718-d5efbb0fd105.jpg,"['커플', '친구', '아이', '액티비티', '봄', '가을', '승마', '체험', '레저/체험', '어린이', '어트랙션', '공용주차장', '현금결제', '카드결제', '화장실', '아주 어려움']"
CNTS_200000000015155,바람불어좋은날 천연염색 공방,제주특별자치도 서귀포시 안덕면 사계로 68,산방산 바라보며 쪽빛 염색 체험하기,33.2372398,126.2978859,064-794-1066,region2,서귀포시,23,안덕,바람불어좋은날 천연염색 공방,2019022620110,https://api.cdn.visitjeju.net/photomng/imgpath/202307/28/4ede283c-4a8f-42ff-9ee9-0654e8ead164.jpg,https://api.cdn.visitjeju.net/photomng/thumbnailpath/202307/28/60b235d0-2159-4e7c-a556-95d7fc9b5f27.jpg,"['서귀포', '안덕면', '사계리', '염색공방', '이색체험', '러닝홀리데이인제주', '실내+실외', '하', '1~2시간']"
CNTS_200000000011554,고포잇다이브센터,제주특별자치도 서귀포시 이어도로 685-1,고포잇다이브센터는 PADI 협회를 기반으로 체계적인 교육 시스템으로 안전과 즐거움을 추구하는 스쿠버 전문 교육센터이다.,33.2347181,126.4890963,010-5326-3709,region2,서귀포시,21,서귀포시내,고포잇다이브센터,2019022581083,https://api.cdn.visitjeju.net/photomng/imgpath/202105/31/54d0ee76-3f3f-4afc-b2d2-4ceb78d85142.jpg,https://api.cdn.visitjeju.net/photomng/thumbnailpath/202105/31/828b785c-8501-4a86-84e3-25467396d095.jpg,"['체험관광', '액티비티', '카드결제', '현금결제', '계좌이체', '', '체험', '레저/체험', 'waterleisure', '수상레저', '어트랙션', '관광지']"
CNTS_000000000001510,제주힐CC,제주특별자치도 제주시 516로 2596-117,한라산 중산간 영평동에 위치한 골프장,33.4399611,126.6020248,064-702-8400,region1,제주시,11,제주시내,제주힐CC,838,https://api.cdn.visitjeju.net/photomng/imgpath/201804/30/ebd5f9ee-c830-4dc6-a993-13712cb0b177.jpg,https://api.cdn.visitjeju.net/photomng/thumbnailpath/201804/30/b507f0c7-dfb4-4d0e-8e6a-cb33b799967b.jpg,"['골프', '액티비티', '체험', '레저/체험', '어트랙션', '공용주차장', '현금결제', '카드결제', '화장실', '무료 WIFI', '흡연구역', '편의점', '음료대', '유도 및 안내시설', '경보 및 피난시설', '아주 어려움']"
CNTS_000000000022868,불카분낭 (불타버린 나무),제주특별자치도 제주시 조천읍 선흘리 1136-2,선흘리가 초토화되면서 같이 탔지만 지금껏 살아있는 나무,33.510834,126.70725,--,region1,제주시,15,조천,불카분낭 (불타버린 나무),16769,https://api.cdn.visitjeju.net/photomng/imgpath/201804/30/4fb1ddfc-8807-4d78-acfe-d69109727216.jpg,https://api.cdn.visitjeju.net/photomng/thumbnailpath/201804/30/dd1ebc9a-6c31-4f1a-97a8-0782ae618789.jpg,"['4.3', '문화유적지', '문화관광', '제주4.3', '역사유적', '어트랙션']"
CNTS_300000000013415,(주)마라도가는여객선,"제주특별자치도 서귀포시 대정읍 송악관광로 424 (상모리, 마라도유람선매표소) 송악산항여객터미널",송악산항에서 출발하는 마라도 정기여객선 입니다.,33.207476,126.2904973,064-794-6661,region2,서귀포시,22,대정,(주)마라도가는여객선,2019022649201,https://api.cdn.visitjeju.net/photomng/imgpath/202412/30/f424e78a-f921-41a9-ab95-082cee55591a.jpg,https://api.cdn.visitjeju.net/photomng/thumbnailpath/202412/30/ad9b1bae-a8eb-4342-ba34-b971fa24628c.jpg,"['제주', ' 마라도', ' 여객선', ' 마라도 여행', ' 가족', ' 친구', ' 자연경관', '공용주차장', '화장실', '무료 WIFI', '카드결제', '현금결제', '', '장애인 화장실', '장애인 전용 주차장', '쉬움', '실외', '등산', '해양스포츠', '체험', '#마라도여행 #최남단여행 #마라도가는여객선 #송악산항', '2~3시간']"
CNTS_300000000012852,아랑조을거리,제주특별자치도 서귀포시 천지로 2,서귀포 시내에 위치한 대표 먹자골목,33.2489036,126.5596148,,region2,서귀포시,21,서귀포시내,아랑조을거리,2019022624396,https://api.cdn.visitjeju.net/photomng/imgpath/202311/22/1cb93e9f-a6b2-4981-b5a4-fb35e1f6d0cb.jpg,https://api.cdn.visitjeju.net/photomng/thumbnailpath/202311/22/51962541-dafc-4f0f-ab23-68bfe258e1b3.jpg,"['서귀포', ' 흑돼지', ' 해산물']"
CNTS_300000000015882,제주해바라기공방,제주특별자치도 제주시 구좌읍 김녕로17길 23,제주 감성소품을 직접 만드는 체험공방,33.5573504,126.7534934,010-3417-0526,region1,제주시,16,구좌,제주해바라기공방,2019022617926,https://api.cdn.visitjeju.net/photomng/imgpath/202306/20/64ba8185-53c3-4d4a-a39e-6e0a76b13406.jpg,https://api.cdn.visitjeju.net/photomng/thumbnailpath/202306/20/4778ade5-6bc1-4029-b851-e7d04dc2dc28.jpg,"['구좌읍', ' 김녕', ' 마그넷', ' 캔들', ' 레진아트', ' 이색체험', '실내', '하', '1시간 미만']"
CNTS_300000000013115,구두미포구,제주특별자치도 서귀포시 보목동 1351,낮에는 스노쿨링과 다이버 성지... 저녁엔 일몰스팟... ‘구두미포구’,33.23683616410932,126.59646865455322,,region2,서귀포시,21,서귀포시내,구두미포구,2019022636913,https://api.cdn.visitjeju.net/photomng/imgpath/202407/25/56e6d0b4-ee84-4363-93ad-433aa708c8c3.jpg,https://api.cdn.visitjeju.net/photomng/thumbnailpath/202407/25/2c06697d-80b4-4c31-ae8c-4c1e4483bfbc.jpg,"['제주도', '제주여행', '제주올레길', '제주스노쿨링', '제주바다', '제주해변', '제주다이빙', '다이빙', '실외', '하', '물놀이', '2~3시간']"
CNTS_000000000022882,육시우영,제주특별자치도 제주시 애월읍 하가리,4.3사건 당시 하가리 주민들을 공개적으로 집단학살한 곳.,33.45789,126.35208,--,region1,제주시,12,애월,육시우영,16794,https://api.cdn.visitjeju.net/photomng/imgpath/201804/30/0ccbec08-c5d1-4390-b5c6-770532de4b97.jpg,https://api.cdn.visitjeju.net/photomng/thumbnailpath/201804/30/fa36bbfe-ed1b-4653-9691-7a31cfb1f5db.jpg,"['4.3', '문화유적지', '문화관광', '제주4.3', '역사유적', '어트랙션']"
CNTS_200000000011334,율랜드 다이브센터,제주특별자치도 서귀포시 칠십리로 490,"서귀포 스쿠버다이빙 체험,투어 및 교육 전문업체",33.2415286,126.6031469,0507-1474-0097,region2,서귀포시,21,서귀포시내,율랜드 다이브센터,2019022578829,https://api.cdn.visitjeju.net/photomng/imgpath/202104/20/3f0ce3b6-48de-49b9-b368-17855d42449a.jpg,https://api.cdn.visitjeju.net/photomng/thumbnailpath/202104/20/bd5274ee-428d-424f-9a53-42d203ed72b8.jpg,"['액티비티', '커플', '친구', '체험', '레저/체험', '수상레저', '어트랙션', '관광지', '현금결제', '카드결제', '화장실', '무료 WIFI', '흡연구역', '음료대', '유도 및 안내시설', '경보 및 피난시설', '', '실내+실외', '하', '2~3시간']"
CNTS_000000000018513,돈대산,제주특별자치도 제주시 추자면 예초리 산 67-1,제주 해협의 추자군도를 구성하는 하추자도 북부에 있으며 추자군도에서 가장 높은 산,33.94892872614782,126.32073519672849,--,region3,섬 속의 섬,32,추차도,Dondaesan Mountain,3205,https://api.cdn.visitjeju.net/photomng/imgpath/201804/30/1225067f-31f9-46ff-9cda-e9eb79b386c0.jpg,https://api.cdn.visitjeju.net/photomng/thumbnailpath/201804/30/625b4fe0-1d78-4728-a23d-7828cde63c46.jpg,"['커플', '친구', '맑음', '오름', '자연경관']"
CNTS_200000000007491,유리멘탈 스튜디오,제주특별자치도 제주시 한경면 낙수로12길,스테인드글라스로 캔들 홀더와 모빌 소품을 만드는 원데이클래스를 운영하는 곳,33.3412645,126.2286517,,region1,제주시,14,한경,유리멘탈 스튜디오,2018052305534,https://api.cdn.visitjeju.net/photomng/imgpath/201809/11/44211b70-3832-416d-9566-a89b90855573.jpg,https://api.cdn.visitjeju.net/photomng/thumbnailpath/201809/11/8c098baa-c07f-46e0-b1ea-f12165934c1b.jpg,"['혼자', '친구', '휴식/힐링', '체험관광', '원데이클래스', '스테인글라스', '캔들홀더', '모빌', '공용주차장', '현금결제', '실내', '체험', '스테인글라스 소품 만들기 (캔들 홀더 or 모빌)', '1~2시간', '어트랙션']"
CNTS_300000000013007,색놀이터 그린점,제주특별자치도 서귀포시 말질로 147-1 (강정동) 1층 색놀이터,미취학 아동들을 위한 퍼포먼스 미술수업을 진행하는 색놀이터 그린점,33.2382715,126.4798894,010-2132-9929,region2,서귀포시,21,서귀포시내,색놀이터 그린점,2019022632956,https://api.cdn.visitjeju.net/photomng/imgpath/202405/08/eecb1eae-c779-43a2-8460-8224bd46b0a1.jpg,https://api.cdn.visitjeju.net/thumbnail/photomng/imgpath/202405/08/eecb1eae-c779-43a2-8460-8224bd46b0a1.jpg,"['제주키즈카페', '제주실내놀이터', '제주미술놀이공간', '색놀이터', '제주미술수럽', '제주클래스', '현금결제', '카드결제', '화장실', '무료 WIFI', '', '실내', '하', '1~2시간']"
CNTS_200000000007465,쁘램 요가,제주특별자치도 제주시 연북로 88,제주 시내에서 만날 수 있는 쁘램 요가원의 테랍툴 요가를 소개한다. 이곳에서 체험할 수 있는 테랍툴 요가는 Therapy와 Tool의 합성어로 도구로 몸을 치유한다는 의미를 가지고 있다.,33.4814949,126.490701,010-3455-9989,region1,제주시,11,제주시내,쁘램 요가,2018052305109,https://api.cdn.visitjeju.net/photomng/imgpath/201809/03/de9512db-18b8-4553-a593-6033a20df4ba.jpg,https://api.cdn.visitjeju.net/photomng/thumbnailpath/201809/03/90e0e7d0-edaa-49e6-9910-79e5e8688e0d.jpg,"['혼자', '휴식/힐링', '요가', '플라잉요가', '메디컬요가', '빈야사요가', '하타요가', '테랍툴요가', '어트랙션', '공용주차장', '현금결제', '카드결제', '화장실', '체험', ' 메디컬 요가', ' 빈야사 요가', ' 테랍툴 요가', ' 하타요가', '1~2시간']"
CNTS_200000000015147,타오하우스,제주특별자치도 제주시 도두봉6길 9-1,맛과 향을 만끽하는 핸드드립 커피체험,33.5082788,126.4723912,0507-1404-0328,region1,제주시,11,제주시내,타오하우스,2019022617971,https://api.cdn.visitjeju.net/photomng/imgpath/202306/20/5500f4f9-99e7-4a0b-9c73-73f4eb4a91aa.jpg,https://api.cdn.visitjeju.net/photomng/thumbnailpath/202306/20/c45a88dd-6485-43f8-b358-aeda2bb2a3c2.jpg,"['제주시내', ' 도두', ' 커피', ' 핸드드립', ' 이색체험', '실내', '하', '3시간 이상']"
CNTS_200000000009853,비양도 연평리 야영지,제주특별자치도 제주시 우도면 연평리 3,우도가 품은 작은 섬 비양도에 있는 야영지,33.5151524,126.9568199,064-728-4323,region3,섬 속의 섬,31,우도,비양도 연평리 야영지,2019022569123,https://api.cdn.visitjeju.net/photomng/imgpath/202002/19/178947f2-5d79-4ccb-a026-9050b0a68616.jpg,https://api.cdn.visitjeju.net/photomng/thumbnailpath/202002/19/83a66c82-d9f1-4b4c-84d3-341463a7018d.jpg,"['맑음', '흐림', '실외', '캠핑', '자연경관', '체험', '캠핑장', '언택트', '어트랙션']"
CNTS_000000000021402,한동환해장성,제주특별자치도 제주시 구좌읍 해맞이해안로 858-1,아름다운 동쪽 해안길을 걸으며 역사를 되짚어보다,33.551777,126.82788,--,region1,제주시,16,구좌,한동환해장성,11198,https://api.cdn.visitjeju.net/photomng/imgpath/201804/30/d7c81e3b-977d-4c95-bcf6-9f5c0bd19575.jpg,https://api.cdn.visitjeju.net/photomng/thumbnailpath/201804/30/ab0dad0b-0b74-4014-a951-0152262a5e9f.jpg,"['경관/포토', '문화유적지', '쉬움', '자연경관', '역사유적', '포토스팟']"
CONT_000000000500286,산방산 랜드,제주특별자치도 서귀포시 안덕면 사계남로216번길 24-32,웅장하고 신비로운 산방산을 배경으로 우리나라에서 가장 높게 올라가는 짜릿한 바이킹을 즐거보세요,33.233696,126.311775,064-794-1425,region2,서귀포시,23,안덕,Sanbangsan Land,18198,https://api.cdn.visitjeju.net/photomng/imgpath/201804/30/0a1153e3-088a-4a99-a89b-4001ccb64fff.gif,https://api.cdn.visitjeju.net/photomng/thumbnailpath/201804/30/4d993a89-3e7f-4cc0-a0fb-0738ac78ab76.gif,"['액티비티', '친구', '커플', '공용주차장', '현금결제', '카드결제', '화장실', '무료 WIFI', '편의점', '음료대', '유도 및 안내시설', '경보 및 피난시설', '아주 어려움', '체험', '레저/체험', '어트랙션']"
CNTS_300000000013657,오투힐 제주점,제주특별자치도 제주시 명림로 100 (봉개동) 2층 오투힐 제주점,오투힐 제주점은 다양한 명상 프로그램 서비스를 제공한다.,33.477401223405614,126.60725221645978,064-782-1040,region1,제주시,15,조천,오투힐 제주점,2019022654733,https://api.cdn.visitjeju.net/photomng/imgpath/202507/31/e49bcf62-5717-47d0-b59a-6de0676b7fe8.JPG,https://api.cdn.visitjeju.net/photomng/thumbnailpath/202507/31/e60933b4-f72f-4cc0-90e0-8283000c015f.JPG,"['오투힐', ' 오투힐 제주', ' 웰니스', ' 명상', ' 액티브명상', ' 마음챙김명상', ' 제주힐링프로그램', ' 요가', ' 힐링', ' 치유여행', '공용주차장', '현금결제', '카드결제', '화장실', '무료 WIFI', '흡연구역', '음료대', '', '영어']"
CNTS_200000000007536,걸서악오름,제주특별자치도 서귀포시 남원읍 하례로 393-1,"시원한 하례리 마을 풍경과 범섬, 섭섬 풍경을 한 번에 볼 수 있는 걸서악오름",33.282197659559515,126.6198354319824,064-733-8009,region2,서귀포시,25,남원,걸서악오름,2018052306121,https://api.cdn.visitjeju.net/photomng/imgpath/201809/21/1b9aa957-5f51-4403-90ec-8ace20655002.jpg,https://api.cdn.visitjeju.net/photomng/thumbnailpath/201809/21/392d742a-c07b-4cba-b65e-ca632dbfe310.jpg,"['친구', '맑음', '경관/포토', '오름', '자연경관', '도보여행', '도보', '포토스팟', '실외', '하', '등산', '오름 오르기']"
CNTS_000000000021254,누운오름(한림읍),제주특별자치도 제주시 한림읍 금악리 188-2,조망하기에 알맞은 낮은 오름,33.36381,126.32422,--,region1,제주시,13,한림,누운오름(한림읍),10913,https://api.cdn.visitjeju.net/photomng/imgpath/201804/30/0e63602d-a5c7-48c4-b36e-72eae156a8d7.jpg,https://api.cdn.visitjeju.net/photomng/thumbnailpath/201804/30/826cba9a-a17e-4669-9fd4-7f40f2fafc9b.jpg,"['오름', '걷기/등산', '친구', '자연경관', '도보여행', '도보']"
CNTS_300000000015868,아틀리에1950,제주특별자치도 제주시 신광로1길 44 4층,삶을 예술로 만드는 특별한 공예 체험,33.4919423,126.4904629,064-782-1951,region1,제주시,11,제주시내,아틀리에1950,2019022617790,https://api.cdn.visitjeju.net/photomng/imgpath/202306/19/3eb3c776-7b41-48d0-bba8-9b701fe3f3ca.jpg,https://api.cdn.visitjeju.net/photomng/thumbnailpath/202306/19/8252fb40-7f5e-421d-ad84-ca137513b4a2.jpg,"['제주시내', ' 연동', ' 원데이클래스', ' 이색체험', '실내', '중', '2~3시간']"
CNTS_300000000013224,액트몬 제주점,제주특별자치도 서귀포시 중문관광로 205,"다채로운 즐거움이 한 자리에 모였다, ‘액트몬 제주점’",33.2436726,126.4215188,064-739-2839,region2,서귀포시,24,중문,액트몬 제주점,2019022641092,https://api.cdn.visitjeju.net/photomng/imgpath/202409/23/60665038-b99b-4b20-a451-f562161db01b.JPG,https://api.cdn.visitjeju.net/photomng/thumbnailpath/202409/23/b18e4d81-254a-4f28-a31d-66df1a577c96.JPG,"['제주도관광', ' 제주도놀거리', ' 제주갈만한곳', ' 실내여행지', ' 테마파크', ' 게임', ' 방탈출', ' 포토존', ' 서바이벌', '공용주차장', '현금결제', '카드결제', '화장실', '무료 WIFI', '어려움', '실내', '하', '체험', '1~2시간']"
CNTS_200000000010493,제주잠수함(국제리더스클럽),제주특별자치도 제주시 조천읍 조함해안로 321-21,"에메랄드빛 제주 바다에서 즐기는 해양레포츠 테마파크 국제리더스클럽!
",33.5445942,126.6518287,064-783-0000,region1,제주시,15,조천,제주잠수함(국제리더스클럽),2019022573023,https://api.cdn.visitjeju.net/photomng/imgpath/202008/19/51dbcfc6-4e82-438d-bb75-5d0246a879dd.png,https://api.cdn.visitjeju.net/photomng/thumbnailpath/202008/19/0db87d52-42ad-4225-b795-f8063ace5f94.png,"['액티비티', '부모', '아이', '신흥', '체험', '레저/체험', '어린이', '수상레저', '어트랙션', '공용주차장', '현금결제', '카드결제', '화장실', '흡연구역', '유도 및 안내시설', '실외']"
CNTS_000000000021487,추사 유배길 - 1코스 집념의 길,제주특별자치도 서귀포시 대정읍 추사로 44,총 길이 8.6km로 추사선생이 주로 머물던 마을 주변과 후학들을 가르치기 위해 찾았던 대정향교 등을 잇는 코스,33.25022,126.27838,--,region2,서귀포시,22,대정,추사 유배길 - 1코스 집념의 길,11391,https://api.cdn.visitjeju.net/photomng/imgpath/201804/30/a6546640-564d-42a2-b5b3-bb32832c39d3.jpg,https://api.cdn.visitjeju.net/photomng/thumbnailpath/201804/30/2fcdda19-acac-4319-ad4d-bb09afca668f.jpg,"['걷기/등산', '흐림', '봄', '가을', '문화관광', '도보여행', '도보', '어트랙션']"
CNTS_000000000018117,제주컨트리클럽,제주특별자치도 제주시 영평동 2263-5,한라산을 배경으로 태평양을 바라보며 즐기는 골프,33.43041,126.58238,064-702-0451,region1,제주시,11,제주시내,Jeju Country Club,1058,https://api.cdn.visitjeju.net/photomng/imgpath/201804/30/af2bef84-dd24-40bb-aaec-ac7b33d663ca.jpg,https://api.cdn.visitjeju.net/photomng/thumbnailpath/201804/30/fc1c7e58-7bbe-44cd-b8e6-2fd01c0ed8b7.jpg,"['골프', '액티비티', '체험', '레저/체험', '어트랙션', '공용주차장', '현금결제', '카드결제', '화장실', '무료 WIFI', '흡연구역', '음료대', '유도 및 안내시설', '경보 및 피난시설', '장애인 전용 주차장', '무장애관광']"
CNTS_300000000012744,튼튼동물병원,제주특별자치도 제주시 중앙로 351,튼튼동물병원은 제주 이도2동에 위치한 병원이다.,33.4905694,126.538026,064-757-7582,region1,제주시,11,제주시내,튼튼동물병원,2019022622157,https://api.cdn.visitjeju.net/photomng/imgpath/202308/29/7fa80ab7-ad33-4d9a-9387-8960a98298e2.jpg,https://api.cdn.visitjeju.net/photomng/thumbnailpath/202308/29/aa82b25b-66b1-490e-a35d-c2aae47991d4.jpg,"['반려동물병원', '반려동물', '반려동물동반입장', '혼저옵서개', '반려동물동반_기타체험', '공용주차장', '화장실', '무료 WIFI', '유도 및 안내시설', '경보 및 피난시설']"
CONT_000000000500253,부대악오름,제주특별자치도 제주시 조천읍 선흘리 산 103,일제시대 때 일본군 부대가 주둔했다 하여 붙여진 부대악,33.46732272173379,126.7014493729248,,region1,제주시,15,조천,Budaeak Volcanic Cone,18014,https://api.cdn.visitjeju.net/photomng/imgpath/201804/30/0cd143ec-71e7-45bc-b367-052f8b6be5d2.jpg,https://api.cdn.visitjeju.net/photomng/thumbnailpath/201804/30/f44000ad-8722-45f3-a429-949343adad7b.jpg,"['오름', '걷기/등산', '자연경관', '도보여행', '도보']"
CNTS_000000000021626,기독교순례길 4코스(화해의길),제주특별자치도 서귀포시 대정읍 추사로36번길 11,눈과 마음에 평화를 얻는 화해의 길,33.251038,126.27966,--,region2,서귀포시,22,대정,기독교순례길 4코스(화해의길),11587,https://api.cdn.visitjeju.net/photomng/imgpath/201804/30/ffa7b0c7-11ab-4660-ad47-a332a3910d3f.jpg,https://api.cdn.visitjeju.net/photomng/thumbnailpath/201804/30/ef31c659-18e4-4c89-97bd-e92b2b14bfb1.jpg,"['걷기/등산', '흐림', '봄', '가을', '문화관광', '도보여행', '도보', '어트랙션']"
CNTS_200000000007918,손방둥이 ,제주특별자치도 제주시 진군남2길 10-4 101호 손방둥이 ,"가죽공예를 위한 오픈공간
",33.475807,126.4778081, 070-4038-2947,region1,제주시,11,제주시내,손방둥이 ,2018052309262,https://api.cdn.visitjeju.net/photomng/imgpath/201811/20/0c1af7ac-3c18-45e9-b22e-547ebda8db44.jpg,https://api.cdn.visitjeju.net/photomng/thumbnailpath/201811/20/6ad95c17-18d9-40dd-a54c-ec0891dcc3e8.jpg,"['가죽공방', '핸드메이드', '체험관광', '체험', '어트랙션', '무료 WIFI', '공용주차장']"
CONT_000000000500374,손지오름,제주특별자치도 제주시 구좌읍 종달리 산 52,"생김새가 한라산의 축소판이라 해서 한라산의 손자라는 의미로 ‘손지오름’이라 불린다. ‘손지’는 ‘손자’의 제주어 표현이다. 이 외에 손자봉, 손지악이란 이름도 같이 쓰인다. 관광객들이 많이 찾는 건너편 용눈이오름에 비해 손지오름은 규모도 작고 비교적 한산하다. ",33.456177,126.81989,,region1,제주시,16,구좌,손지오름,2019022569608,https://api.cdn.visitjeju.net/photomng/imgpath/202002/25/afeac110-d132-4b0a-98bb-24772504b779.jpg,https://api.cdn.visitjeju.net/photomng/thumbnailpath/202002/25/b4403abd-140a-44b4-9fa0-ed1837e601f9.jpg,"['오름', '걷기/등산', '자연경관', '도보여행', '도보']"
CNTS_300000000013694,비엠엘 병만랜드,제주특별자치도 제주시 조천읍 조천북1길 60-1,오션뷰가 아름다운 어린이들의 놀이터 ,33.5429045,126.6351903,064-782-5148,region1,제주시,15,조천,비엠엘 병만랜드,2019022655653,https://api.cdn.visitjeju.net/photomng/imgpath/202508/20/5af4b73b-36a3-455e-8933-4f1a7e8a8a51.jpg,https://api.cdn.visitjeju.net/photomng/thumbnailpath/202508/20/48a58b37-f6b2-4ba2-9723-9c87504f4fc6.jpg,"['정글의법칙', ' 체험형카페', ' 이색체험', ' 가족여행', ' 제주키즈체험', ' 오션뷰', ' 카페', '현금결제', '카드결제', '화장실', '실내']"
CNTS_000000000018860,해비치컨트리클럽제주,제주특별자치도 서귀포시 남원읍 원님로399번길 319,"""세심하게 관리된 청정 자연 속에서 골프를 """,33.3589911,126.7244129,064-766-6220,region2,서귀포시,25,남원,해비치컨트리클럽제주,2019022634504,https://api.cdn.visitjeju.net/photomng/imgpath/202407/05/e6088ee0-d972-4657-9159-f90abbe1e7c1.jpg,https://api.cdn.visitjeju.net/photomng/thumbnailpath/202407/05/56b5e945-426d-494a-8a69-fcbc346ceb34.jpg,"['골프웨어', '골프', '제주여행', '제주골프장', '제주도골프', '제주골프투어', '제주골프', '골퍼', '노캐디', '공용주차장', '현금결제', '카드결제', '화장실', '무료 WIFI', '흡연구역', '편의점', '음료대', '유도 및 안내시설', '경보 및 피난시설']"
CNTS_300000000012974,버블호텔 키즈클럽,제주특별자치도 제주시 관덕로 26 (삼도이동) 스타즈로베로호텔 B1 & B2,제주 최대 규모 어린이 체험 문화공간,33.5128705,126.5219573,064-751-9502,region1,제주시,11,제주시내,버블호텔 키즈클럽,2019022631438,https://api.cdn.visitjeju.net/photomng/imgpath/202404/09/5ab2da14-cbbd-4336-8422-6676eef4b1ee.jpg,https://api.cdn.visitjeju.net/photomng/thumbnailpath/202404/09/5a0a833b-e03f-4578-9343-7cedff41ea08.jpg,"['부모', '아이', '흐림', '비.눈', '휴식/힐링', '체험관광', '액티비티', '사계절', '휴식/치유', '아이와갈만한곳', '아이와함께', '키즈카페', '공용주차장', '현금결제', '카드결제', '화장실', '무료 WIFI', '편의점', '음료대', '', '승강기', '실내', '하', '2~3시간']"
CNTS_000000000019763,귤빛캠핑장,제주특별자치도 제주시 조천읍 함와로 428,"취사실, 화장실, 샤워실, 매점, 와이파이가 준비된 귤빛캠핑장 입니다.",33.504955,126.67441,064-782-0110,region1,제주시,15,조천,Gyulbit Campground,6311,https://api.cdn.visitjeju.net/photomng/imgpath/201804/30/45779962-2f52-47a4-b149-7b34e6976bb1.jpg,https://api.cdn.visitjeju.net/photomng/thumbnailpath/201804/30/f2dfbb03-4f4b-4448-a226-25f1209e53d5.jpg,"['야영장', '캠핑장', '액티비티', '커플', '맑음', '여름', '체험', '레저/체험', '캠핑', '언택트', '어트랙션', '숙박', '반려동물', '반려동물동반입장', '혼저옵서개', '반려동물동반_숙소']"
CNTS_300000000012948,무지개요트,제주특별자치도 제주시 도두항길 28-8 (도두일동) 도두항길 28-8,제주시 도두항에서 출발하는 90인승 크루즈급 요트투어,33.5064315,126.466705,064-745-1324,region1,제주시,11,제주시내,무지개요트,2019022630536,https://api.cdn.visitjeju.net/photomng/imgpath/202402/01/f7be03f2-d863-430e-bf0d-55131f48d223.jpg,https://api.cdn.visitjeju.net/photomng/thumbnailpath/202402/01/a558f064-c319-442c-a0f4-fa485250217f.jpg,"['요트투어', ' 제주시', ' 이색여행', ' 해양', ' 크루즈', '공용주차장', '현금결제', '카드결제', '화장실', '무료 WIFI', '흡연구역', '음료대', '유도 및 안내시설', '', '중국어', '단독접근가능', '단차없음', '청각장애인 접근성', '시각장애인 접근성', '쉬움', '실내+실외', '하', '1~2시간']"
CNTS_300000000013581,요가베르데,제주특별자치도 제주시 구좌읍 비자림로 1999-6,제주 자연 속에서 요가 원데이 클래스를 운영하는 요가원,33.4844346,126.7870743,0507-1393-6090,region1,제주시,16,구좌,요가 베르데,2019022653285,https://api.cdn.visitjeju.net/photomng/imgpath/202506/24/23f3ab17-e320-45f1-af97-2965d33965a9.jpg,https://api.cdn.visitjeju.net/photomng/thumbnailpath/202506/24/a37dd581-c25b-4ec8-a2aa-6d6a79b05df1.jpg,"['요가', ' 원데이클래스', ' 체험', ' 야외', ' 차담', ' 글쓰기', ' 프로그램', ' 명상', '현금결제', '카드결제', '공용주차장']"
CNTS_000000000019556,금덕무환자나무및팽나무군락,제주특별자치도 제주시 애월읍 유수암리 1920,제주특별자치도 시도기념물 제6호인 제주시 유수암리에 있는 무환자나무와 팽나무로 이루어진 군락.,33.441765,126.40065,064-728-2731,region1,제주시,12,애월,Geumdeok Soapberry and Hackberry Tree Colony,5513,https://api.cdn.visitjeju.net/photomng/imgpath/201804/30/9bca7f64-9c1f-41d2-bcac-0c435d94d98a.jpg,https://api.cdn.visitjeju.net/photomng/thumbnailpath/201804/30/fbe9bae6-326b-4af2-9794-7307b6739870.jpg,"['문화유적지', '자연경관', '문화관광', '역사유적']"
CNTS_300000000012786,필코 스튜디오,제주특별자치도 제주시 한경면 저지12길 62-5 (저지리) ,"제주도의 허파, 곶자왈과 함께하는 창의력 워크샵",33.3383311,126.2631944,010-4049-6488,region1,제주시,14,한경,필코 스튜디오,2019022623282,https://api.cdn.visitjeju.net/photomng/imgpath/202310/12/2571fecd-4638-4d98-8200-0ae36732dcd3.jpeg,https://api.cdn.visitjeju.net/photomng/thumbnailpath/202310/12/7d86b7f3-cbba-4273-bb21-8eb32ca8e9d6.jpeg,"['아이', '맑음', ' 워크숍', ' 글쓰기', ' 창의력', ' 키즈프로그램', ' 어린이', ' 영어프로그램', '공용주차장', '현금결제', '카드결제', '화장실', '무료 WIFI', '', '영어', '중국어', '어려움', '실내+실외', '중', '2~3시간']"
CONT_000000000500008,해피맘하우스,제주특별자치도 제주시 애월읍 애월해안로 306-3,제주 인형만들기 체험장,33.4488627,126.3042586,064-799-6222,region1,제주시,12,애월,Happy Mom House,16952,https://api.cdn.visitjeju.net/photomng/imgpath/201804/30/6eab266b-df6d-427d-8e81-ccaffaa7a463.jpg,https://api.cdn.visitjeju.net/photomng/thumbnailpath/201804/30/f87c9153-8b6d-4033-a465-d6048b6a8de3.jpg,"['체험관광', ' 비', ' 실내 ', '현금결제', '카드결제', '화장실', '무료 WIFI', '음료대', '경보 및 피난시설', '단차없음', '아주 어려움', '비', '실내', '실내관광지', '어트랙션', '무장애관광']"
CNTS_200000000010697,바릇스파 ,제주특별자치도 제주시 한림읍 한림로 392 3층,사람들은 보통 떠오르는 일출 앞에 서면 소망을 빌거나 앞으로의 각오를 다짐하고는 한다. 반면에 붉은 노을을 바라볼 때는 평소 일상에 지쳐있던 긴장을 내려놓고 분위기에 취한다. 제주시 애월읍 신엄리 신엄포구 앞 해안도로는 해질 무렵 드라이브하기 좋은 코스 중 하나. 이곳에 일상생활에 지친 사람들의 마음과 영혼을 잠시 쉬어가게 해 주는 아늑한 공간이 있다. 제주어로 바다를 뜻하는 ‘바릇’을 붙인 바릇스파가 그 곳이다. 작은 숲 너머 해안도로와 애월 바다가 보이는 올레리조트 단지 안에 위치한 바릇스파는 공간도 아늑한 분위기가 느껴진다. ,33.3970766,126.244507,064-799-8133,region1,제주시,13,한림,바릇스파 ,2019022574479,https://api.cdn.visitjeju.net/photomng/imgpath/202010/07/54dd96f1-6ac8-43d2-970e-b1e619769f19.jpg,https://api.cdn.visitjeju.net/photomng/thumbnailpath/202010/07/1dbca91c-e6f3-4582-83b6-01a60fcfa171.jpg,"[' 스파', ' 필링', '스파', '필링', '어트랙션']"
CNTS_200000000007288,동귀방파제,제주특별자치도 제주시 애월읍 하귀리,하귀입구 사거리에서 포구 방향으로 가면 보이는 조그마한 방파제,33.4622313,126.4171977,,region1,제주시,12,애월,동귀방파제,2018052303148,https://api.cdn.visitjeju.net/photomng/imgpath/201807/26/eee95939-8c78-47d2-b2da-97f95f04f619.JPG,https://api.cdn.visitjeju.net/photomng/thumbnailpath/201807/26/d7778991-005e-4986-b55a-a0f630032307.JPG,"['여름', '일몰', '해변', '낚시', '자연경관', '어트랙션']"
CNTS_000000000021382,제주불교성지 순례길 절로 가는길 - 인욕의 길,제주특별자치도 제주시 산록북로 660,'존자의 신행' 나한존자와 발타라존자를 친견하기 위한 길,33.422096,126.55877,--,region1,제주시,11,제주시내,제주불교성지 순례길 절로 가는길 - 인욕의 길,11183,https://api.cdn.visitjeju.net/photomng/imgpath/201804/30/63f4a7d4-b8f8-49bf-89fd-7b2a45d6538f.jpg,https://api.cdn.visitjeju.net/photomng/thumbnailpath/201804/30/1934e813-3402-4341-806d-b01747a8ed88.jpg,"['걷기/등산', '맑음', '문화관광', '도보여행', '도보', '어트랙션']"
CNTS_200000000011919,감귤박물관 월라봉 산책로 - 생이소리길,제주특별자치도 서귀포시 효돈순환로 441,감귤박물관에는 생이소리길이라는 월라봉 산책로가 잘 꾸며져 있다. 생이소리길로 감귤박물관 주변을 산책할 수 있는데 산책 코스는 천천히 걸으면 1시간 정도의 코스로 월라봉 정상바위까지 갈 수 있다. 정상바위에 오르면 저 멀리 지귀도까지 보인다. 탁 트인 공간을 마주하며 가슴이 뻥 뚫리는 시원한 느낌이 드는 곳이다.,33.2722449,126.6087952,,region2,서귀포시,21,서귀포시내,감귤박물관 월라봉 산책로,2019022582098,https://api.cdn.visitjeju.net/photomng/imgpath/202109/01/3e850914-7398-4c34-b6a4-687888d2479e.JPG,https://api.cdn.visitjeju.net/photomng/thumbnailpath/202109/01/501100c5-a95e-4196-835f-83175cfe22d8.JPG,"['부모', '커플', '맑음', '휴식/힐링', '자연경관', '체험', '실내관광지', '문화관광', '박물관', '도보여행', '도보', '언택트', '어트랙션', '관광지']"
CNTS_200000000007281,정모시쉼터,제주특별자치도 서귀포시 부두로5번길 9,정방폭포로 흐르는 물줄기가 지나가는 쉼터,33.244876,126.5709843,,region2,서귀포시,21,서귀포시내,정모시쉼터,2018052303315,https://api.cdn.visitjeju.net/photomng/imgpath/201807/31/28c80858-41aa-4e21-b41b-1f981146e9c4.jpg,https://api.cdn.visitjeju.net/photomng/thumbnailpath/201807/31/d02b1d49-7910-418e-a79e-6adc89bac4bb.jpg,"['친구', '맑음', '휴식/힐링', '여름', '물놀이', '용천수', '실외', '자연경관', '어트랙션']"
CNTS_200000000007284,삼양방파제,제주특별자치도 제주시 벌랑길,삼양3동 포구에 위치한 방파제,33.5232424,126.5764205,,region1,제주시,11,제주시내,삼양방파제,2018052303095,https://api.cdn.visitjeju.net/photomng/imgpath/201807/26/241fa67f-9e0b-4afb-9422-206d1b538733.JPG,https://api.cdn.visitjeju.net/photomng/thumbnailpath/201807/26/a33fd80b-8d35-40a2-9681-422130c78860.JPG,"['맑음', '휴식/힐링', '여름', '해변', '낚시', '자연경관', '어트랙션']"
CNTS_000000000021520,족은노꼬메오름,제주특별자치도 제주시 애월읍 유수암리,큰노꼬메오름의 형제인 족은노꼬메오름,33.409443,126.41184,--,region1,제주시,12,애월,족은노꼬메오름,11471,https://api.cdn.visitjeju.net/photomng/imgpath/201804/30/79791b31-a4cc-409d-a780-7ed0d18a3c70.jpg,https://api.cdn.visitjeju.net/photomng/thumbnailpath/201804/30/1ebc5eaf-6213-4484-98a7-11b21f0221ef.jpg,"['오름', '걷기/등산', '커플', '봄', '자연경관', '도보여행', '도보', '반려동물동반_오름', '반려동물', '반려동물동반입장', '혼저옵서개', '반려동물동반_자연']"
CNTS_200000000015152,하례점빵,제주특별자치도 서귀포시 남원읍 하례로 272,새콤달콤 맛 좋은 상웨빵 요리체험,33.3252261,126.5961931,064-767-4545,region2,서귀포시,25,남원,하례점빵,2019022620116,https://api.cdn.visitjeju.net/photomng/imgpath/202307/28/c43c6d86-5adb-4daa-a11c-b1dcd211b73e.jpg,https://api.cdn.visitjeju.net/photomng/thumbnailpath/202307/28/e6703e29-aedf-408d-ad45-d48903f67394.jpg,"['서귀포', ' 남원', ' 상웨빵', ' 이색체험', ' 러닝홀리데이인제주', '실내', '하', '1~2시간']"
CNTS_200000000013530,요가느림원,제주특별자치도 제주시 원노형2길 33,18년된 전통요가원,33.4833249,126.4816843,064-713-0177,region1,제주시,11,제주시내,요가느림원,2019022602005,https://api.cdn.visitjeju.net/photomng/imgpath/202206/22/01938255-2942-480c-9834-4f7564ca5b70.jpg,https://api.cdn.visitjeju.net/photomng/thumbnailpath/202206/22/52ac1fa8-8fc7-47de-8db7-184b07e41fb2.jpg,"['힐링', '요가', '체험', '관광지', '공용주차장', '현금결제', '카드결제', '화장실', '무료 WIFI', '', '영어', '어려움', '실내', '중', '명상 힐링 자세교정 ', '1~2시간']"
CNTS_300000000013690,이안도자공방,제주특별자치도 제주시 조천읍 미래로 2-60 1층,흙을 빚으며 힐링할 수 있는 도자공방,33.4888943,126.6786433,0507-1325-1772,region1,제주시,15,조천,이안도자공방,2019022655627,https://api.cdn.visitjeju.net/photomng/imgpath/202508/19/16da9361-a3f1-4a59-8c41-a19f114d0c12.jpg,https://api.cdn.visitjeju.net/photomng/thumbnailpath/202508/19/45108a40-ec18-4d35-adc6-eec1115b8913.jpg,"['도자기체험', ' 제주도자기', ' 감성체험', ' 제주감성', ' 원데이클래스', ' 이색데이트 ', '현금결제', '카드결제', '실내']"
CNTS_300000000013669,제주도작은집,제주특별자치도 서귀포시 남원읍 남한로153번길 42,제주귤밭정원 감성독채스테이,33.2881765,126.7092595,010-2370-0272,region2,서귀포시,25,남원,제주도작은집,2019022655153,https://api.cdn.visitjeju.net/photomng/imgpath/202508/07/f696bd48-87fd-4ae5-afd2-814282d50daa.jpg,https://api.cdn.visitjeju.net/photomng/thumbnailpath/202508/07/89e30ca8-a34d-429d-a5ea-cdbd9c8480c3.jpg,"['제주', ' 서귀포시', ' 남원읍', ' 감성독채스테이', ' 귤밭뷰', ' 독채숙소', ' 독체펜션', ' 독채민박', ' 서귀포시숙소', ' 남원숙소']"
CNTS_000000000020105,곤물,제주특별자치도 서귀포시 안덕면 화순서서로64번길 64-4,안덕면 화순리의 바위 아래에서 솟아나는 용천수,33.2518943,126.3328875,--,region2,서귀포시,23,안덕,Gonmul,7407,https://api.cdn.visitjeju.net/photomng/imgpath/201804/30/6bc15718-2696-4b2a-82b1-2c05985492a7.gif,https://api.cdn.visitjeju.net/photomng/thumbnailpath/201804/30/fd696b6c-e47a-4533-927a-ed9ae4a30218.gif,"['계곡', '문화유적지', '쉬움', '자연경관', '문화관광', '역사유적', '물놀이']"
CNTS_000000000022065,백제사 템플스테이,제주시 애월읍 광령남6길 54 백제사,백제사에서의 템플 스테이 프로그램을 통하여 자신을 돌아볼 수 있는 시간이 된다.,33.448807,126.42422,064-746-8009,region1,제주시,12,애월,백제사 템플스테이,2019022585201,https://api.cdn.visitjeju.net/photomng/imgpath/202110/27/322a97f2-9f86-400e-93ab-3068b0faf636.jpg,https://api.cdn.visitjeju.net/photomng/thumbnailpath/202110/27/66f3f462-c122-4599-9669-a474406e258f.jpg,"['템플스테이', '실내', '휴식/힐링', '커플', '흐림', '사계절', '문화관광', '체험', '어트랙션']"
CNTS_200000000008597,팀케이,제주특별자치도 제주시 고사마루길 67-4,"원하는 곳에서 대여, 반납 서비스를 제공하는 킥보드 렌털숍.",33.4752847,126.4730255,0507-1335-2535,region1,제주시,11,제주시내,팀케이,2019022554088,https://api.cdn.visitjeju.net/photomng/imgpath/201904/10/295f0d6f-e5a7-4fec-b1d4-e4bd003f22fc.png,https://api.cdn.visitjeju.net/photomng/thumbnailpath/201904/10/1c3748ff-c2c7-4287-9069-fc1d06ca441f.png,"['체험관광', '해변', '액티비티', '체험', '레저/체험', '어트랙션', '공용주차장', '현금결제', '카드결제', '화장실', '', '영어', '실외', '하', '전동킥보드대여', '2~3시간']"
CNTS_200000000009496,제주신화전설탐방로,제주특별자치도 서귀포시 안덕면 녹차분재로 218,신화전설 탐방로 ‘신나락 만나락’은 제주도를 본뜬 모양에 총 5개 코스와 14개 조형물 쉼터로 조성되어 있다.,33.3029712,126.2990679,064-797-5780,region2,서귀포시,23,안덕,신나락 만나락,2019022566331,https://api.cdn.visitjeju.net/photomng/imgpath/201911/19/faaf1ce3-ff87-408f-9d7f-60e57749a255.JPG,https://api.cdn.visitjeju.net/photomng/thumbnailpath/201911/19/80cd1ff6-e8ea-4da5-9578-34d9b0e35024.JPG,"['부모', '혼자', '커플', '친구', '아이', '제주신화', '신화탐방로', '신나락만나락', '자연경관', '체험', '어린이', '어트랙션']"
CNTS_000000000022010,조수리 농어촌체험마을,제주특별자치도 제주시 한경면 조수리,조수리 농어촌체험마을,33.337276,126.22851,064-773-1945,region1,제주시,14,한경,한경면 조수1리 농어촌체험마을,12390,https://api.cdn.visitjeju.net/photomng/imgpath/201804/30/2f25256d-557d-4adb-b235-1bb10ad700c1.png,https://api.cdn.visitjeju.net/photomng/thumbnailpath/201804/30/c79a0df7-3a21-49cd-8c15-3014962f4824.png,"['체험관광', '아이', '흐림', '사계절', '마을산책', '마을관광', '어린이', '어트랙션']"
CNTS_000000000022861,성산초등학교 서청특별중대 주둔지,제주특별자치도 서귀포시 성산면 성산리 171-9,성산 주민들의 아픈 기억을 간직한 곳.,33.462696,126.931915,--,region2,서귀포시,17,성산,성산초등학교 서청특별중대 주둔지,16755,https://api.cdn.visitjeju.net/photomng/imgpath/201804/30/5eb34fa8-5813-41db-9578-3f22c7426c30.jpg,https://api.cdn.visitjeju.net/photomng/thumbnailpath/201804/30/e43188f5-d2b6-4a92-b307-0b07274a3ec3.jpg,"['문화유적지', '맑음', '4.3', '문화관광', '제주4.3', '역사유적', '어트랙션']"
CONT_000000000500186,매오름,제주특별자치도 서귀포시 표선면 표선리 산 2,"마치 매가 날개를 펴고 앉아 있는 형태를 띄고 있는 오름
· 서귀포시 표선면 표선리
· 올레15코스",33.31865,126.81405,064-787-0024,region2,서귀포시,26,표선,Mae Oreum Volcanic Cone,17683,https://api.cdn.visitjeju.net/photomng/imgpath/201804/30/213b76db-705b-4f20-8da2-30704287e98a.jpg,https://api.cdn.visitjeju.net/photomng/thumbnailpath/201804/30/c51b7a3c-fc85-482d-b0f3-b88452939a24.jpg,"['커플', '혼자', '친구', '맑음', '체험관광', '오름', '휴식/치유', '자연경관', '도보여행', '도보', '어트랙션']"
CNTS_300000000012997,(재)한국의학연구소 제주검진센터,제주특별자치도 서귀포시 솔오름로 61,"1985년 설립된 KMI한국의학연구소는 안전, 청정, 정확한 건강검진을 추구하는 종합건강검진기관으로 우수한 전문 인력과 첨단의료장비를 갖추고 품겪과 가치의 차원이 다른 건강검진 서비스를 제공하고 있습니다.",33.2851229,126.5582866,064-729-6500,region2,서귀포시,21,서귀포시내,(재)한국의학연구소 제주검진센터,2019022632790,https://api.cdn.visitjeju.net/photomng/imgpath/202404/24/992c7026-075e-483f-8db7-211bd45d5b6e.jpg,https://api.cdn.visitjeju.net/photomng/thumbnailpath/202404/24/df62cabd-e7e1-489e-80db-a7174584a227.jpg,"['의료관광', ' 건강검진']"
CNTS_300000000012731,유캔들잇스튜디오,제주특별자치도 제주시 정든로 5,"유캔들잇 스튜디오는 캔들 공방으로, 원데이클래스를 통해 다양한 캔들을 경험할 수 있다.",33.498108,126.5401507,0507-1386-7370,region1,제주시,11,제주시내,유캔들잇스튜디오,2019022621798,https://api.cdn.visitjeju.net/photomng/imgpath/202308/23/e7c66d01-f61d-4de7-b68a-ead3e2aa5552.jpg,https://api.cdn.visitjeju.net/photomng/thumbnailpath/202308/23/4ab3260b-9a33-47d3-8c24-da874b34a1f1.jpg,"['캔들만들기', '이색체험', '반려동물', '반려동물동반입장', '혼저옵서개', '반려동물동반_기타체험', '화장실', '무료 WIFI']"
CNTS_000000000019922,조천만세동산,제주특별자치도 제주시 조천읍 조천리 1133-2,"제주 항일운동의 시작점, 순국선열들의 혼이 녹아있는 곳",33.53997,126.64167,--,region1,제주시,15,조천,조천만세동산,6531,https://api.cdn.visitjeju.net/photomng/imgpath/201804/30/972d7d66-6d5e-42e5-bac4-d59c8a97eaab.jpg,https://api.cdn.visitjeju.net/photomng/thumbnailpath/201804/30/0ae0c678-1a54-4ead-a67a-f195d611d243.jpg,"['문화유적지', '봄', '문화관광', '역사유적']"
CNTS_000000000019450,배령연대,제주특별자치도 제주시 한림읍 금능리 1649,제주특별자치도 제주시 한림읍 금능리에 있는 조선 시대 명월진 소속의 연대.,33.387947,126.22378,064-728-2731,region1,제주시,13,한림,Baeryeong Signaling Site,5315,https://api.cdn.visitjeju.net/photomng/imgpath/201804/30/ddb2138b-4c09-4c0b-b386-b7ab5e51794b.jpg,https://api.cdn.visitjeju.net/photomng/thumbnailpath/201804/30/c09c1db2-b223-467b-9e4e-41d4bd1e08ed.jpg,"['문화유적지', '문화관광', '역사유적']"
CNTS_200000000009484,한국건강관리협회 제주특별자치도부,제주특별자치도 제주시 연북로 111,"감염병 예방 및 관리, 비전염성 만성질환의 조기 발견과 예방을 위한 효율적인 건강검진을 위하여 진료과목별 전문 의료진과 우수한 의료 인력, MRI, 123ch MDCT, HD급 내시경검사기 등 최첨단 의료장비를 갖추고 있으며 고객 중심의 의료서비스를 제공하기 위해 검진 예약에서부터 검진 과정 그리고 검진 후 관리까지 완벽한 시스템을 구축하여 안전, 안심, 신속, 정확한 고품격 건강검진을 제공하고 있습니다. ",33.48212170000001,126.4933841,064-740-0200,region1,제주시,11,제주시내,한국건강관리협회 제주특별자치도부,2019022632787,https://api.cdn.visitjeju.net/photomng/imgpath/202404/24/214912f9-8c91-4869-a5e2-d02dc13fdb43.jpg,https://api.cdn.visitjeju.net/photomng/thumbnailpath/202404/24/e04bb933-4e37-4b24-b3c1-3f04a3c241a3.jpg,['의료관광']
CNTS_200000000007159,신산신양해안도로 (해산물),제주특별자치도 서귀포시 성산읍 고성리,해녀에게 직접 공수 받은 해산물을 편하게 즐길 수 있는 포장마차가 있는 신산리 해안도로,33.432071427409646,126.93192072712114,,region2,서귀포시,17,성산,신산리 해안도로,2018052301314,https://api.cdn.visitjeju.net/photomng/imgpath/201807/04/6b9efdb3-e0a6-45d7-b09e-61f8fbc86760.jpg,https://api.cdn.visitjeju.net/photomng/thumbnailpath/201807/04/dc137d2c-a862-4c62-98fe-9e9d72445dae.jpg,"['부모', '커플', '친구', '경관/포토', '휴식/힐링', '드라이브', '사계절', '청년', '중/장년', '노년', '휴식/치유', '제주해산물', '해산물', '자연경관', '포토스팟']"
CNTS_300000000012727,웁스마이독,제주특별자치도 서귀포시 안덕면 사계로 112,위트있는 테마와 퀄리티 있는 소재로 제작 된 웁스!마이독은 세계적인 명문 디자인 스쿨 런던 CENTRAL ST.MARTINS 출신 디자이너 STEPHANIE SOHN이 중심이 되어 숙련된 제품 디자이너들이 드림팀을 이룬 글로벌 반려견 용품 브랜드다.,33.240297,126.3003502,0507-1447-7810,region2,서귀포시,23,안덕,웁스마이독,2019022621750,https://api.cdn.visitjeju.net/photomng/imgpath/202308/23/aba725e4-4a6f-4b02-a00e-2dd4d1d476d0.jpg,https://api.cdn.visitjeju.net/photomng/thumbnailpath/202308/23/d1d68e6a-5028-4d77-b190-ff8c9041e35b.jpg,"['반려견용품', '반려동물', '반려동물동반입장', '혼저옵서개', '반려동물동반_기타체험', '공용주차장', '무료 WIFI']"
CNTS_300000000012732,제주스런서귀포점,제주특별자치도 서귀포시 중산간서로356번길 42,제주스런 서귀포점은 제주의 편백나무를 이용해 무드등을 직접 만들어볼 수 있는 제주를 가득 담은 공방이다.,33.2626873,126.4750465,0507-1340-2799,region2,서귀포시,21,서귀포시내,제주스런서귀포점,2019022621812,https://api.cdn.visitjeju.net/photomng/imgpath/202308/23/63a7b760-7943-40cc-8ca2-93508f277404.JPG,https://api.cdn.visitjeju.net/photomng/thumbnailpath/202308/23/021eb108-53f2-45fb-a84b-4ef1bda7e8e6.JPG,"['이색체험', '예약제', '업사이클', '반려동물', '반려동물동반입장', '혼저옵서개', '반려동물동반_기타체험', '공용주차장', '화장실', '무료 WIFI']"
CNTS_200000000015192,중문승마체험장,제주특별자치도 서귀포시 상예로 349-1,중문 숲속을 거닐며 즐기는 승마체험,33.275595,126.3963467,0507-1445-8802,region2,서귀포시,21,서귀포시내,중문승마체험장,2019022617941,https://api.cdn.visitjeju.net/photomng/imgpath/202306/20/6a03454d-84a8-4503-810c-bcf9ee04968c.jpg,https://api.cdn.visitjeju.net/photomng/thumbnailpath/202306/20/9c5cf1f2-ec78-48b3-8247-592d29ab8191.jpg,"['서귀포', ' 상예동', ' 승마', ' 이색체험', '실외', '중', '1시간 미만']"
CNTS_200000000015166,덕천곤충영농조합,제주특별자치도 제주시 구좌읍 중산간동로 1875,제주에 살고 있는 다양한 곤충과 파충류를 만나볼 수 있는 곳,33.4828732,126.7482507,0507-1310-6298,region1,제주시,16,구좌,덕천곤충영농조합,2019022617546,https://api.cdn.visitjeju.net/photomng/imgpath/202306/16/ae69baa2-1366-4b51-9f5a-e8ca3e0120f3.jpg,https://api.cdn.visitjeju.net/photomng/thumbnailpath/202306/16/b14633bb-ffd8-48d2-aa29-60b58b92caab.jpg,"['구좌읍', ' 덕천리', ' 곤충', ' 파충류', ' 체험', ' 이색체험', ' 아이', '실내', '하', '1~2시간']"
CNTS_000000000022884,만벵듸 공동장지,제주특별자치도 제주시 한림읍 갯거리오름길 114,한림지서 예비검속 희생자 유족들이 61구의 시신을 수습하여 안장한 묘역,33.372234,126.2959,--,region1,제주시,13,한림,만벵듸 공동장지,16799,https://api.cdn.visitjeju.net/photomng/imgpath/201804/30/3d2b7694-09e1-43a7-b26c-6ae633e19565.jpg,https://api.cdn.visitjeju.net/photomng/thumbnailpath/201804/30/83490237-2da6-4a16-b5d7-a745cafeb855.jpg,"['문화유적지', '자연경관', '문화관광', '역사유적', '어트랙션']"
CONT_000000000500537,제주교육박물관,제주특별자치도 제주시 오복 4길 25,제주교육의 흐름을 알 수 있는 박물관,33.49451,126.53802,064-720-9114,region1,제주시,11,제주시내,Jeju Education Museum ,19471,https://api.cdn.visitjeju.net/photomng/imgpath/201804/30/b63b7e04-a250-4c18-b995-75c578a8802e.jpg,https://api.cdn.visitjeju.net/photomng/thumbnailpath/201804/30/e02a114d-6c1c-42ce-8d5f-585839e6b7c8.jpg,"['실내', '미술/박물관', '비.눈', '사계절', '실내관광지', '문화관광', '박물관', '어트랙션', '무장애관광', '공용주차장', '화장실', '무료 WIFI', '흡연구역', '음료대', '유도 및 안내시설', '경보 및 피난시설', '엘리베이터', '단독접근가능', '단차없음', '청각장애인 접근성', '시각장애인 접근성', '저상버스 접근 가능', '장애인 화장실', '승강기', '장애인 전용 주차장', '수동 휠체어 대여 가능', '쉬움', '하', '공연/전시', '1~2시간']"
CNTS_000000000021435,천주교 순례길 - 하논성당길,제주특별자치도 서귀포시 태평로 398,"환희의 길 하논성당 길, 서귀포성당에서 출발하여 이중섭거리 하논성당터를 돌아오는 순례길",33.244183,126.56304,070-8870-4578,region2,서귀포시,21,서귀포시내,천주교 순례길 - 하논성당길,11289,https://api.cdn.visitjeju.net/photomng/imgpath/201804/30/11b585fb-1a0c-474c-82bf-01ad43503f87.jpg,https://api.cdn.visitjeju.net/photomng/thumbnailpath/201804/30/919d05a9-b593-43fc-991c-88418fffce0f.jpg,"['걷기', '봄', '가을', '문화관광', '도보여행', '도보', '어트랙션']"
CONT_000000000500015,가세오름,제주특별자치도 서귀포시 표선면 녹산로 554,탐방의 소소한 재미를 주는 가세오름,33.33146,126.78151,064-787-3307,region2,서귀포시,26,표선,Gase Oreum Volcanic Cone,16969,https://api.cdn.visitjeju.net/photomng/imgpath/201804/30/d5f75de0-c66f-44f6-927f-888485d01622.jpg,https://api.cdn.visitjeju.net/photomng/thumbnailpath/201804/30/61ff2878-12c3-40e3-ab4a-48c65fab6963.jpg,"['오름', '걷기/등산', '자연경관', '도보여행', '도보', '아주 어려움']"
CNTS_000000000019073,후포해변,제주특별자치도 제주시 추자면 대서5길 87,탈의실과 편의시설을 갖춘 작은 휴양지,33.96236823562007,126.28940276875608,064-728-4292,region1,제주시,11,제주시내,Hupo Coast,4205,https://api.cdn.visitjeju.net/photomng/imgpath/201804/30/2962a0fc-d37f-4d5e-8f79-1fe5c8e8a00c.jpg,https://api.cdn.visitjeju.net/photomng/thumbnailpath/201804/30/547c21f6-5473-4dc3-ad9d-25e0941f02aa.jpg,"['해변', '경관/포토', '자연경관', '포토스팟']"
CNTS_200000000014282,앙리젤,제주특별자치도 제주시 노형12길 23,앙리젤은 노형에 위치한 프리미엄 펫 토탈샵이다. 다른 곳에서는 쉽게 볼 수 없는 제품부터 국내산 재료로 만든 건강한 간식까지 구매 가능하다. ,33.48309800000001,126.4772312,0507-1320-0062,region1,제주시,11,제주시내,앙리젤,2019022610937,https://api.cdn.visitjeju.net/photomng/imgpath/202212/15/689ad758-85d2-4093-915a-b689684554d4.jpg,https://api.cdn.visitjeju.net/photomng/thumbnailpath/202212/15/3db3a793-e3e0-48d2-8115-9a794c9f03f6.jpg,"['애견유치원', '애견미용실', '반려동물', '반려동물동반입장', '혼저옵서개', '반려동물동반_기타체험']"
CNTS_200000000008156,대정현역사자료전시관,제주특별자치도 서귀포시 대정읍 상모대서로 17,옛 대정면사무소를 활용해 만든 전시관,33.2251845,126.2563472,,region2,서귀포시,22,대정,대정현역사자료전시관,2018052312448,https://api.cdn.visitjeju.net/photomng/imgpath/201901/18/0a556dc8-93f4-4d86-9485-a705080f9592.jpg,https://api.cdn.visitjeju.net/photomng/thumbnailpath/201901/18/fb35c5d7-6b92-493c-bc42-3597922138d5.jpg,"['친구', '아이', '문화공간', '전시관', '실내관광지', '문화관광', '어린이', '어트랙션']"
CNTS_300000000015866,아일랜드 플라워,제주특별자치도 서귀포시 성산읍 서성일로 602,먹이주기 체험이 가능한 작은 동물원,33.4242279,126.8499471,064-782-0955,region2,서귀포시,17,성산,아일랜드 플라워,2019022617771,https://api.cdn.visitjeju.net/photomng/imgpath/202306/19/e8a0f80d-d892-41e5-a615-c9dd91a86f05.jpg,https://api.cdn.visitjeju.net/photomng/thumbnailpath/202306/19/c01dcf02-0732-48b4-9222-4019e2426706.jpg,"['성산', ' 동물원', ' 먹이주기체험', ' 이색체험', '실내+실외', '하', '3시간 이상']"
CNTS_000000000022031,서귀본향당,제주특별자치도 서귀포시 이중섭로 23-11,"·향토기념물유산 제3호
· 올레6코스
관광 전설 올레 보호",33.2461676,126.5648386,064-710-6703,region2,서귀포시,21,서귀포시내,서귀본향당,12472,https://api.cdn.visitjeju.net/photomng/imgpath/201804/30/457e8209-3034-41a0-a0b1-3beb5d2aa0b3.jpg,https://api.cdn.visitjeju.net/photomng/thumbnailpath/201804/30/cc064b0d-ab7a-4486-a417-9732449776a2.jpg,"['문화유적지', '문화관광', '역사유적', '어트랙션', '2023_관광10선_봄', 'Moment_봄']"
CNTS_200000000008159,예래생태체험관,제주특별자치도 서귀포시 예래로 213,예래생태마을의 자연과 문화를 느낄 수 있는 체험관,33.2443642,126.3909914,,region2,서귀포시,21,서귀포시내,예래생태체험관,2018052312458,https://api.cdn.visitjeju.net/photomng/imgpath/201901/18/e6be27c4-e60f-4ed9-88e9-4a7cf0c5a8e1.jpg,https://api.cdn.visitjeju.net/photomng/thumbnailpath/201901/18/264b4ff7-12ed-40a4-81cd-ea8055030685.jpg,"['부모', '아이', '커플', '생태', '체험', '어린이', '어트랙션', '봄꽃', '벚꽃', '매화', '공영관광지']"
CONT_000000000500196,무수천,제주특별자치도 제주시 애월읍 무수천길,"한라산의 해발 1,600m에서 내려오는 계곡 주위로 수림이 가득한 그림 같은 무수천 계곡",33.463337,126.4466,,region1,제주시,12,애월,Musucheon Stream,17730,https://api.cdn.visitjeju.net/photomng/imgpath/201804/30/53d3f71c-7e35-415e-90bd-eac85a87d4a6.jpg,https://api.cdn.visitjeju.net/photomng/thumbnailpath/201804/30/fe9860e0-fc67-41ec-ab0f-4375e76630fe.jpg,"['계곡', '휴식/힐링', '여름', '자연경관', '물놀이']"
CNTS_300000000016088,반치옥 사진관,제주특별자치도 제주시 애월읍 장전로 109-17, 카메라 렌즈를 통해 제주 들여다 보기,33.4521446,126.3892699,010-2771-9911,region1,제주시,12,애월,반치옥 사진관,2019022620025,https://api.cdn.visitjeju.net/photomng/imgpath/202307/26/a871d3c3-5954-4130-8d2e-1737308f0e9d.jpg,https://api.cdn.visitjeju.net/photomng/thumbnailpath/202307/26/56d44223-8253-45a2-9eb4-21b7d9c4d7f3.jpg,"['카메라', ' 사진', ' 출사', ' 풍경', ' 바닷가', ' 오름', ' 골목길', ' 원도심', ' 러닝홀리데이인제주', '실내+실외', '1~2시간']"
CNTS_000000000019095,참굴비조형물,제주특별자치도 제주시 추자면 묵리 산 131-1,추자도의 상징인 참굴비 조형물,33.952576,126.30432,--,region3,섬 속의 섬,32,추차도,참굴비조형물,4312,https://api.cdn.visitjeju.net/photomng/imgpath/201804/30/ba79277b-e2cd-4dde-8201-5e44abc7ebed.jpg,https://api.cdn.visitjeju.net/photomng/thumbnailpath/201804/30/afd3f757-a56f-4379-8adf-6014105700bb.jpg,"['포토스팟', '부모', '친구', '커플', '혼자', '휴식', '비/바람/눈', '안개/흐림', '맑음', '봄', '여름', '가을', '겨울', '중/장년', '청년', '노년', '어트랙션']"
CNTS_300000000013187,고스트타운,제주특별자치도 제주시 애월읍 부룡수길 35-14,"유령과 공포를 만나는 이색 체험, ‘고스트타운’",33.476195,126.3569347,064-748-4245,region1,제주시,12,애월,고스트타운,2019022640170,https://api.cdn.visitjeju.net/photomng/imgpath/202409/11/92ce1511-3334-441b-9312-afc4da78226d.jfif,,"['제주도관광', ' 제주도갈만한곳', ' 제주도볼거리', ' 유령의집', ' 테마파크', ' VR체험', ' 유령', ' 할로윈', '공용주차장', '현금결제', '카드결제', '화장실', '무료 WIFI', '아주 어려움', '실내+실외', '중', '체험', '포토스팟', '1~2시간']"
CNTS_300000000012726,아지트포독,제주특별자치도 서귀포시 중앙로 198-20,"서귀포시 동홍동에 위치한 반려견 전용 프리미엄 토탈 케어샵 아지트포독은 실내 50평, 실외 28평으로 구성되어 있다.",33.2620214,126.5607593,0507-1406-0709,region2,서귀포시,21,서귀포시내,아지트포독,2019022621711,https://api.cdn.visitjeju.net/photomng/imgpath/202308/23/6bf22033-87ea-4962-8943-354428efd1c0.JPG,https://api.cdn.visitjeju.net/photomng/thumbnailpath/202308/23/dba6726c-ad57-417b-bde5-3e53ceebb143.JPG,"['반려견놀이터', '반려견미용', '반려견호텔', '반려동물', '반려동물동반입장', '혼저옵서개', '반려동물동반_기타체험', '공용주차장', '화장실', '무료 WIFI', '유도 및 안내시설']"
CNTS_300000000012741,삼화훈동물병원,제주특별자치도 제주시 동화로 12,삼화 훈 동물병원은 화북주공아파트와 동중학교 사이에 있는 큰길가 건물에 위치한   동물병원이다.,33.5187794,126.5726952,064-756-8275,region1,제주시,11,제주시내,삼화훈동물병원,2019022622105,https://api.cdn.visitjeju.net/photomng/imgpath/202308/29/e2b2af37-a639-48e2-a734-627dad562331.jpg,https://api.cdn.visitjeju.net/photomng/thumbnailpath/202308/29/46a7ebd3-fe4b-4642-ae49-bde86ac8512d.jpg,"['반려동물병원', '반려동물', '반려동물동반입장', '혼저옵서개', '반려동물동반_기타체험', '공용주차장', '화장실', '무료 WIFI', '유도 및 안내시설', '경보 및 피난시설']"
CNTS_200000000014626,유캠프,제주특별자치도 제주시 애조로 1216,제주 최고의 실내외 테니스장,33.4610584,126.5109911,0507-1393-7885,region1,제주시,11,제주시내,유캠프,2019022612394,https://api.cdn.visitjeju.net/photomng/imgpath/202303/07/a89d061a-824e-4e97-8757-46bba728f77a.jpg,https://api.cdn.visitjeju.net/photomng/thumbnailpath/202303/07/145d103e-30c1-4d4b-a5a5-fbeb1055f919.jpg,"['관광지', '공용주차장', '현금결제', '카드결제', '화장실', '무료 WIFI', '편의점', '음료대', '', '단독접근가능', '단차없음', '장애인 전용 주차장', '쉬움', '실내+실외', '테니스', '1~2시간']"
CNTS_200000000008832,스위트몽키,제주특별자치도 제주시 한경면 산양6길 6-9,청정제주에서 친환경 농법으로 키운 맛있고 건강한 무농약 바나나농장 체험 프로그램,33.2948957,126.2358783,0507-1391-0047,region1,제주시,14,한경,스위트 몽키,2019022556956,https://api.cdn.visitjeju.net/photomng/imgpath/201906/19/924b5fbc-c50f-4bf1-98b2-2e88eb93190e.jpg,https://api.cdn.visitjeju.net/photomng/thumbnailpath/201906/19/f2f964de-86fb-4123-b6c0-c84e4e89c360.jpg,"['부모', '아이', '체험관광', '실내관광지', '체험', '어린이', '어트랙션', '공용주차장', '카드결제', '현금결제', '어려움', '실내+실외', '하', '1~2시간']"
CNTS_200000000010293,제주도공방노꼬메,제주특별자치도 제주시 동문로21길 19-2,다양한 핸드메이드 공예를 체험을 할수 있는 공간 ,33.5157071,126.5368837,0507-1391-0372,region1,제주시,11,제주시내,제주도공방노꼬메,2019022571011,https://api.cdn.visitjeju.net/photomng/imgpath/202006/18/7007b247-2d35-41e9-ac0a-f96d8eb3a43f.jpg,https://api.cdn.visitjeju.net/photomng/thumbnailpath/202006/18/9f6fc978-f1e9-4df4-b600-43cf286d419e.jpg,"['공방', '구제주', '체험프로그램', '체험', '쇼핑', '상점/상가', '어트랙션', '현금결제', '카드결제', '화장실', '무료 WIFI', '편의점', '음료대', '재난지원금 ', '문화누리카드 ', '', '실내', '중', '1~2시간']"
CNTS_000000000019558,남두연대,제주특별자치도 제주시 애월읍 신엄리 2780-1,아름다운 주변에 둘러쌓인 해안 절벽 위에 세워진 연대,33.479195,126.35852,064-728-2731,region1,제주시,12,애월,Namdu Signaling Site,5517,https://api.cdn.visitjeju.net/photomng/imgpath/201804/30/1e7372af-63b3-4e86-b8f2-2a59311dbf7d.jpg,https://api.cdn.visitjeju.net/photomng/thumbnailpath/201804/30/2125d8dd-b8b7-414a-bd3d-0a0523208155.jpg,"['부모', '아이', '문화유적지', '문화관광', '역사유적', '어린이']"
CNTS_200000000014285,러블리독스,제주특별자치도 제주시 연북로 668,러블리독스는 제주 시내에 위치한 애견 카페다.,33.4924788,126.5487385,0507-1423-4769,region1,제주시,11,제주시내,러블리독스,2019022610944,https://api.cdn.visitjeju.net/photomng/imgpath/202212/15/0924394d-c64a-4542-9b30-c101eb5c8551.jpg,https://api.cdn.visitjeju.net/photomng/thumbnailpath/202212/15/495a8453-c4fe-4062-99b8-bae4318525e6.jpg,"['카페', '애견호텔', '반려동물', '반려동물동반입장', '혼저옵서개', '반려동물동반_식당카페', '공용주차장', '화장실', '무료 WIFI']"
CNTS_200000000007677,남수각 하늘길 벽화거리,제주특별자치도 제주시 중앙로13길 32,소박한 골목길에 펼쳐진 야외미술관 남수각 하늘길 벽화거리,33.5114291,126.5278268,,region1,제주시,11,제주시내,남수각 하늘길 벽화거리,2018052307699,https://api.cdn.visitjeju.net/photomng/imgpath/201810/26/cc398666-582f-4433-857c-141189f66515.jpg,https://api.cdn.visitjeju.net/photomng/thumbnailpath/201810/26/cb5ad635-1e16-4c47-bf86-99a7a8b363be.jpg,"['커플', '경관/포토', '커플스냅', '실외', '포토스팟', '문화관광', '도보여행', '도보']"
CNTS_000000000021622,기독교순례길 1코스(순종의길),제주특별자치도 제주시 애월읍 금성하안길 3,숭고한 흔적이 남아 있는 순종의 길,33.446327,126.30273,--,region1,제주시,12,애월,기독교순례길 1코스(순종의길),11581,https://api.cdn.visitjeju.net/photomng/imgpath/201804/30/166d5f5d-bd81-442b-87b2-27718b55eea3.jpg,https://api.cdn.visitjeju.net/photomng/thumbnailpath/201804/30/769a4f19-651e-416c-88e7-fa49e5982689.jpg,"['걷기/등산', '흐림', '봄', '가을', '문화관광', '도보여행', '도보', '어트랙션']"
CNTS_000000000019115,추자도등대,제주특별자치도 제주시 추자면 영흥4길 43,추자면 영흥리에 있는 유인 등대로 제주도의 최북단에 위치,33.95636,126.29741,064-742-3780,region3,섬 속의 섬,32,추차도,Chujado Lighthouse,4399,https://api.cdn.visitjeju.net/photomng/imgpath/201804/30/cb883a8c-787c-4c6b-a3f5-67cd47d638cb.jpg,https://api.cdn.visitjeju.net/photomng/thumbnailpath/201804/30/57135a25-49c8-4937-91bc-e6f5df6ca938.jpg,"['등대', '경관/포토', '맑음', '포토스팟', '어트랙션']"
CNTS_200000000015286,헌마공신 김만일기념관,제주특별자치도 서귀포시 남원읍 서성로 919,83년의 일생동안 수천여 마리의 말을 나라에 바치다!,33.3352599,126.6681117,064-805-9801,region2,서귀포시,25,남원,헌마공신 김만일기념관,2019022630294,https://api.cdn.visitjeju.net/photomng/imgpath/202401/17/45669581-0ca1-4fac-9ff7-326aef767c1a.png,https://api.cdn.visitjeju.net/photomng/thumbnailpath/202401/17/5a5c86f6-9a98-4f1a-8eaf-96aa9264d120.png,"['관광지', '안전여행스탬프', '박물관', '김만일', '공용주차장', '화장실', '무료 WIFI', '음료대', '', '단독접근가능', '단차없음', '시각장애인 접근성', '저상버스 접근 가능', '장애인 화장실', '장애인 전용 주차장', '쉬움', '실내+실외', '하', '체험', '공연/전시', '김만일 업적', '공헌을 널리 알', '1시간 미만']"
CNTS_300000000012719,슈몽슈몽,제주특별자치도 제주시 우정로18길 11,반려동물의 안전과 함께 스트레스를 최소화할 수 있도록 최선을 다하는 반려동물 미용샵이다.,33.4848464,126.4296413,0507-1333-8046,region1,제주시,11,제주시내,슈몽슈몽,2019022621655,https://api.cdn.visitjeju.net/photomng/imgpath/202308/23/5de063e9-dc1d-465a-9e9b-55eda17d82f2.jpg,https://api.cdn.visitjeju.net/photomng/thumbnailpath/202308/23/8a2bb787-7ae6-4de6-88f2-0bdabbf8d3f1.jpg,"['애견미용실', '반려동물', '반려동물동반입장', '혼저옵서개', '반려동물동반_기타체험', '공용주차장', '화장실', '무료 WIFI', '유도 및 안내시설']"
CONT_000000000500703,황금굴(한림공원),제주특별자치도 제주시 한림읍 한림로 300,원형보존이 잘 되어 있고 희귀한 용암굴,33.3879944,126.2397837,064-796-0001~4,region1,제주시,13,한림,Hwanggeumgul Lava Tube (Hallim Park),20399,https://api.cdn.visitjeju.net/photomng/imgpath/201804/30/7aae7f89-f4fd-4f01-a336-7460a7919ba8.jpg,https://api.cdn.visitjeju.net/photomng/thumbnailpath/201804/30/59ac4b28-c79f-4d37-9bff-9149d56d0f5d.jpg,"['여름', '경관/포토', '부모', '아이', '친구', '동굴', '자연경관', '포토스팟', '어린이', '무장애관광', '공용주차장', '현금결제', '카드결제', '화장실', '무료 WIFI', '흡연구역', '편의점', '음료대', '유도 및 안내시설', '경보 및 피난시설', '장애인 화장실', '장애인 전용 주차장']"
CNTS_200000000014189,파더스가든,제주특별자치도 서귀포시 안덕면 병악로 44-33, 파더스가든은 1966년부터 가꿔온 조경수농장을 힐링과 치유의 장소로 제공하고자 2021년부터 관광농원으로 지정하여 약 50여 년 만에 오픈한 공간이다. ,33.2805107,126.3655186,070-8861-8899,region2,서귀포시,23,안덕,파더스가든,2019022610105,https://api.cdn.visitjeju.net/photomng/imgpath/202212/06/952cd053-7f8c-45ef-b054-3f4ce93ff31b.jpg,https://api.cdn.visitjeju.net/photomng/thumbnailpath/202212/06/6f16d893-c01b-448c-a3f4-4ad4e4a6489c.jpg,"['반려동물', '반려동물동반입장', '혼저옵서개', '반려동물동반_관광지', '테마공원', '공용주차장', '화장실', '무료 WIFI', '흡연구역', '유도 및 안내시설']"
CNTS_200000000007335,갤러리2 중선농원,제주특별자치도 제주시 영평길 269,감귤농장을 탈바꿈한 갤러리,33.478135,126.57017,064-755-2112,region1,제주시,11,제주시내,갤러리2 중선농원,2018052303678,https://api.cdn.visitjeju.net/photomng/imgpath/201808/07/822d71b2-a356-4432-8837-d9ab579b0d2a.JPG,https://api.cdn.visitjeju.net/photomng/thumbnailpath/201808/07/1be4112a-3e69-49b6-9172-50cde5d35ae0.JPG,"['혼자', '미술/박물관', '사계절', '전시', '예술', '문화', '카페', '실내관광지', '어트랙션']"
CNTS_300000000016096,하례감귤점빵협동조합,제주특별자치도 서귀포시 남원읍 하례로 272,제주 전통 상웨떡의 변신은 무죄,33.3252261,126.5961931,064-767-4545,region2,서귀포시,25,남원,하례감귤점빵협동조합,2019022620068,https://api.cdn.visitjeju.net/photomng/imgpath/202307/26/7d7c7002-a805-483a-a51a-eaf0d6cca33d.jpg,https://api.cdn.visitjeju.net/photomng/thumbnailpath/202307/26/36a7401e-1b07-4dfa-b866-1460ea9fcd49.jpg,"['빵', '상웨떡', '전통떡', '떡', '전통', '전통음료', '쉰다리', '1~2시간']"
CNTS_000000000021167,현사포구,제주특별자치도 제주시 이호1동,낚시꾼들이 애정하는 한치 포인트,33.50021,126.45968,--,region1,제주시,11,제주시내,현사포구,10744,https://api.cdn.visitjeju.net/photomng/imgpath/201804/30/4d96fd44-f120-4ee3-80a6-830ff384aaac.jpg,https://api.cdn.visitjeju.net/photomng/thumbnailpath/201804/30/157b64e8-ebda-4b6d-bb96-480c461db007.jpg,"['커플', '친구', '일몰', '밤', '올레', '자전거', '낚시', '자연경관']"
CNTS_200000000010698,더힐하우스스파,제주특별자치도 제주시 한림읍 한창로 925-122,"제주의 청정을 그대로 유지한 자연의 품에 안겨 그 속에서 휴식과 회복, 그로부터 신체 나이를 되돌리는 데 도움을 주는 자연주의 스파, 더힐하우스스파가 바로 그곳이다. 더힐하우스스파는 블랙스톤 골프호텔 단지 내에 위치하고 있으며 편안한 분위기와 현대식 시설을 갖춘 전문 스파다. ",33.355577,126.3056877,064-795-2380,region1,제주시,13,한림,더힐하우스스파,2019022574486,https://api.cdn.visitjeju.net/photomng/imgpath/202010/07/63cccfd1-f566-4aa5-bdee-b96c470384c6.jpg,https://api.cdn.visitjeju.net/photomng/thumbnailpath/202010/07/6e9c0d2f-a13d-4f65-8432-9924ce93c71a.jpg,"['힐링', '스파', '어트랙션']"
CNTS_000000000021391,예래해안도로,제주특별자치도 서귀포시 예래해안로,여유롭고 한적한 제주의 해안을 즐길 수 있는 곳,33.233536,126.37748,--,region2,서귀포시,21,서귀포시내,예래해안도로,11192,https://api.cdn.visitjeju.net/photomng/imgpath/201804/30/87f54009-5072-4cba-815b-bc58e0b1cc9b.jpg,https://api.cdn.visitjeju.net/photomng/thumbnailpath/201804/30/a313e771-a170-4997-892b-8d48ea6efc38.jpg,"['해변', '드라이브', '맑음', '커플', '아이', '혼자', '친구', '부모', '자연경관', '어린이']"
CONT_000000000500576,제주 패러글라이딩 스쿨,"제주특별자치도 제주시 신선길 17-6, 일도주택3층(일도2동)",제주 하늘을 날아보자,33.510384,126.53031,0507-1393-2633,region1,제주시,11,제주시내,Jeju Paragliding School,19760,https://api.cdn.visitjeju.net/photomng/imgpath/201804/30/2871eb8a-31f1-46da-ac92-eef19f6762c8.jpg,https://api.cdn.visitjeju.net/photomng/thumbnailpath/201804/30/7e8c9f48-0b2a-4f71-8c94-afa3bf69d6a7.jpg,"['액티비티', '커플', '맑음', '체험', '레저/체험', '수상레저', '어트랙션']"
CNTS_300000000016097,사월의 꿩,제주특별자치도 제주시 구좌읍 번영로 2178,향토음식 장인이 만드는 유일무이 제주 보양식 꿩엿,33.4281061,126.751044,0507-1378-8501,region1,제주시,16,구좌,강주남 장인의 제주민속식품 사월의 꿩,2019022620070,https://api.cdn.visitjeju.net/photomng/imgpath/202307/26/0b128a4f-f990-4fd0-88b7-3955ff3f79c6.jpg,https://api.cdn.visitjeju.net/photomng/thumbnailpath/202307/26/8f67c313-edb1-4783-818e-14c9bb6ad4f4.jpg,"['꿩', '보양식', '엿', '꿩엿', '단체체험', '단체교육', ' 러닝홀리데이인제주', '1시간 미만']"
CONT_000000000500414,"안세미 (명도오름,明道岳)",제주특별자치도 제주시 봉개동 산2 ,청정 자연을 담은 맑은 샘이 있는 오름,33.46701910446143,126.60641338836058,064-710-6072,region1,제주시,11,제주시내,Ansemi Oreum Volcanic Cone (Myeongdo Oreum Volcanic Cone),18910,https://api.cdn.visitjeju.net/photomng/imgpath/201804/30/56d46cbe-82c4-45e1-bb1e-15507c9e73ba.jpg,https://api.cdn.visitjeju.net/photomng/thumbnailpath/201804/30/1a5eb597-ecc4-433f-b6d5-3c9f1d0a399e.jpg,"['오름', '걷기/등산', '자연경관', '도보여행', '도보', '공용주차장']"
CNTS_000000000020100,돈대산산림휴양산책로,제주특별자치도 제주시 추자면 예초리 산 67-1,추자도 돈대산에 위치한 산림휴양산책로,33.949707,126.32238,--,region3,섬 속의 섬,32,추차도,Dondaesan Sanrim Recreation Trail,7379,https://api.cdn.visitjeju.net/photomng/imgpath/201804/30/2f056406-0506-4e5e-b3a9-75ee2bb44ab2.gif,https://api.cdn.visitjeju.net/photomng/thumbnailpath/201804/30/c9665b57-183f-44ee-a257-408d0de236ed.gif,"['산', '걷기/등산', '흐림', '맑음', '자연경관', '아주 어려움']"
CNTS_300000000013010,아르떼 키즈파크 제주,제주특별자치도 제주시 애월읍 월각로 929 (봉성리) 아르떼 키즈파크 제주,가보지 못한 자연 속 즐거운 놀이 세상 Joyful Nature,33.3539314,126.3585151,064-799-7007,region1,제주시,12,애월,아르떼 키즈파크 제주,2019022633012,https://api.cdn.visitjeju.net/photomng/imgpath/202405/09/6e5ad58b-6f74-4934-af1f-a1eef3905cf1.jpg,https://api.cdn.visitjeju.net/thumbnail/photomng/imgpath/202405/09/6e5ad58b-6f74-4934-af1f-a1eef3905cf1.jpg,"['제주키즈카페', '아이와가볼만한곳', '어린이', '가족', '실내관광지', '어트랙션', '관광지', '공용주차장', '현금결제', '카드결제', '화장실', '무료 WIFI', '편의점', '음료대', '경보 및 피난시설', '엘리베이터', '', '영어', '중국어', '장애인 화장실', '장애인 전용 주차장', '실내', '체험', '유아시설', '공연/전시', '포토스팟']"
CNTS_200000000010373,신풍리 밭담길,제주특별자치도 서귀포시 성산읍 신풍하동로 39,"성산읍 신풍리는 '새롭고 풍요로운 마을을 지향한다'는 뜻을 가지고 있는는 반농반어촌 마을로, 전통문화와 생활풍속이 오늘날까지 살아있는 '어멍아방(어머니, 아버지)잔치마을'로 알려져 있다.",33.3618401,126.8405958,064-782-7445,region2,서귀포시,17,성산,신풍리 밭담길,2019022571566,https://api.cdn.visitjeju.net/photomng/imgpath/202007/10/e1d0f859-da10-40b4-bd6b-7b6ea506b101.jpg,https://api.cdn.visitjeju.net/photomng/thumbnailpath/202007/10/16522f12-1eb4-4fa4-902b-b41bc5c4cccd.jpg,"['밭담', ' 성산', ' 신풍리', ' 농촌체험마을', '성산', '신풍리', '농촌체험마을', '자연경관', '문화관광', '체험', '도보여행', '도보', '언택트']"
CNTS_300000000013476,북앤토이뮤지엄,"제주특별자치도 서귀포시 안덕면 동광로 267-7 (동광리, 토이파크) 현 북앤토이 뮤지엄 (구 제주 토이파크 뮤지엄)",남녀노소 모두에게 역사와 과학을 선물하자 북앤토이 뮤지엄 입니다,33.3190856,126.3457347,0507-1417-0334,region2,서귀포시,23,안덕,북앤토이뮤지엄,2019022650599,https://api.cdn.visitjeju.net/photomng/imgpath/202503/29/bc78608d-b909-456a-b35f-d38a1dd6672b.jpg,https://api.cdn.visitjeju.net/photomng/thumbnailpath/202503/29/4d9e2c42-300f-4646-ad11-1b1d3848243d.jpg,"['제주', ' 박물관', ' 미술관', ' 체험', ' 카페', ' 힐링', ' 역사', ' 승마 ', '공용주차장', '현금결제', '카드결제', '화장실', '무료 WIFI', '흡연구역', '편의점', '음료대', '유도 및 안내시설', '경보 및 피난시설', '', '장애인 전용 주차장', '쉬움', '실내+실외', '하', '캠핑', '체험', '유아시설', '공연/전시', '추억 행복 교육 체험 힐링 ', '1~2시간']"
CNTS_300000000015887,하효살롱 협동조합,제주특별자치도 서귀포시 효돈순환로 217-8,새콤달콤 하효감귤로 즐기는 음식 체험,33.2565119,126.6219281,064-732-8181,region2,서귀포시,21,서귀포시내,하효살롱 체험센터,2019022618011,https://api.cdn.visitjeju.net/photomng/imgpath/202306/20/aed1fff2-6ace-47db-8fe5-499d614d9436.jpg,https://api.cdn.visitjeju.net/photomng/thumbnailpath/202306/20/d1d1f257-d9bb-4d5d-b7a7-3e96cd3a8088.jpg,"['서귀포', ' 효돈', ' 감귤과즐', ' 감귤타르트', ' 이색체험', '실내', '하', '1시간 미만']"
CNTS_000000000019100,예초리포구,제주특별자치도 제주시 추자면 추자로 753,하추자도의 동북쪽에 위치한 작은 마을 예초리 포구,33.9557594,126.3324318,--,region1,제주시,11,제주시내,Yecho-ri Port,4347,https://api.cdn.visitjeju.net/photomng/imgpath/201804/30/5e778e37-96d2-4ce4-82c1-63d02740f93c.jpg,https://api.cdn.visitjeju.net/photomng/thumbnailpath/201804/30/ce86f829-a3cd-40b7-b4eb-a7be27006c3e.jpg,"['포구', '해변', '문화유적지', '문화관광', '역사유적']"
CNTS_300000000012713,뒹굴개,제주특별자치도 제주시 삼무로 74,뒹굴개는 반려견들이 편안하게 뒹굴 수 있는 공간을 의미한다.,33.489578,126.4944603,0507-1317-0732,region1,제주시,11,제주시내,뒹굴개,2019022621605,https://api.cdn.visitjeju.net/photomng/imgpath/202308/22/6677d249-26a5-4bc5-aa07-f3d724e6f36a.jpg,https://api.cdn.visitjeju.net/photomng/thumbnailpath/202308/22/71eb95b6-2ee9-41a2-b345-f363464195fd.jpg,"['반려견카페', '애견유치원', '반려동물', '반려동물동반입장', '혼저옵서개', '반려동물동반_기타체험', '화장실', '무료 WIFI', '유도 및 안내시설']"
CNTS_200000000013566,제주펫,제주특별자치도 서귀포시 남원읍 한신로531번길 22-3,반려인과 반려동물이 함께 행복을 꿈꾸는 곳,33.3204815,126.7454994,064-764-7888,region2,서귀포시,25,남원,제주펫,2019022602280,https://api.cdn.visitjeju.net/photomng/imgpath/202207/01/45c95ed1-7b52-4bd9-b1a6-46791531a310.jpg,https://api.cdn.visitjeju.net/photomng/thumbnailpath/202207/01/9cb1c754-de06-48b2-b139-26382f845231.jpg,"['카페', '음식', '관광지', '무장애관광', '반려동물', '반려동물동반입장', '혼저옵서개', '반려동물동반_기타체험', '공용주차장', '화장실', '무료 WIFI', '카드결제', '현금결제', '탐나는전', ' 제로페이', '단독접근가능', '저상버스 접근 가능', '장애인 화장실', '쉬움', '실내+실외', '하', '애견동반시설', '1~2시간']"
CNTS_000000000020983,성산~세화 해안도로,제주특별자치도 서귀포시 성산읍 해맞이해안로 2636,일출이 아름다운 해맞이 해안도로,33.475853,126.90978,--,region2,서귀포시,17,성산,성산~세화 해안도로,10339,https://api.cdn.visitjeju.net/photomng/imgpath/201804/30/bfc943f0-5372-4a9f-8d07-97c3793808db.jpg,https://api.cdn.visitjeju.net/photomng/thumbnailpath/201804/30/0e60a2f0-48ed-4e78-8597-0c6caced4e27.jpg,"['일출', '해변', '드라이브', '커플', '맑음', '여름', '아주 어려움', '자연경관']"
CONT_000000000500491,월나봉(도래오름),제주특별자치도 서귀포시 안덕면 감산리 1148 일대,제주 서부일대의 전쟁유적지를 느낄 수 있는 오름,33.245667,126.3499,,region2,서귀포시,23,안덕,Wolnabong Volcanic Cone (Dorae Oreum Volcanic Cone),19248,https://api.cdn.visitjeju.net/photomng/imgpath/201804/30/af356159-ad9d-4e3a-a8fb-2829d599b82f.jpg,https://api.cdn.visitjeju.net/photomng/thumbnailpath/201804/30/a6371f35-617b-4741-a6ef-905de3a0ada6.jpg,"['친구', '커플', '맑음', '오름', '자연경관', '도보여행', '도보']"
CNTS_300000000013676,(주)시트러스,제주특별자치도 서귀포시 남원읍 신례천로 46,제주 감귤로 만드는 제주 술! 감귤와인부터 오크숙성 감귤 증류주까지 다양한 주류를 만나보자.,33.3330338,126.6180657,,region2,서귀포시,25,남원,(주)시트러스,2019022655378,https://api.cdn.visitjeju.net/photomng/imgpath/202508/12/1f7bf8d5-a033-4efa-b9ef-f3a5e5b2cf83.PNG,https://api.cdn.visitjeju.net/photomng/thumbnailpath/202508/12/e2ae6e2a-37a8-4402-8d04-1bf355998016.PNG,"['제주', '서귀포시', ' 남원읍', ' 전통주', ' 감귤와인', ' 감귤증류주', ' 시트러스']"
CNTS_300000000015836,너도나도 ATV,제주특별자치도 제주시 조천읍 비자림로 1053,녹음이 우거진 비자림로를 달려볼 수 있는 ATV,33.4180631,126.6534847,010-7563-7254,region1,제주시,15,조천,너도나도 ATV,2019022617538,https://api.cdn.visitjeju.net/photomng/imgpath/202306/16/d60595e2-86f4-4829-96ae-7348b3c41253.jpg,https://api.cdn.visitjeju.net/photomng/thumbnailpath/202306/16/f9c43728-3508-4b64-9646-04a4de3fde0a.jpg,"['맑음', '체험관광', '액티비티', '사계절', '실외', '중', '1~2시간']"
CNTS_300000000015838,드르쿰다 제주 상효점,제주특별자치도 서귀포시 516로 619,곶자왈 품은 숲과 함께 하는 카페에서 향긋한 커피 한 잔을 즐겨보세요,33.3037607,126.598499,070-8806-5999,region2,서귀포시,21,서귀포시내,드르쿰다ATV IN 상효,2019022647779,https://api.cdn.visitjeju.net/photomng/imgpath/202411/25/ff23298a-8f96-4ae4-9224-9b940b0d9dac.jpeg,https://api.cdn.visitjeju.net/photomng/thumbnailpath/202411/25/4b34c9c7-2dce-4d5a-a3ba-0b77e087c151.jpeg,"['친구', '아이', '맑음', '테마공원', '체험관광', '액티비티', ' 서귀포', ' 상효동', ' ATV', ' 곶자왈', '화장실', '무료 WIFI', '흡연구역', '실외', '중', '1시간 미만']"
CNTS_000000000019089,오름터 민속마을,제주특별자치도 서귀포시 표선면 성읍정의현로 99,성읍민속마을 내에 위치한 제주도 전통 생활 모습을 볼 수 있는 곳,33.391445,126.80072,--,region2,서귀포시,26,표선,Oreumteu Folk Village,4293,https://api.cdn.visitjeju.net/photomng/imgpath/201804/30/3ca0e429-d9f3-42dd-9550-2c5097f12c0a.jpg,https://api.cdn.visitjeju.net/photomng/thumbnailpath/201804/30/f330b3b1-e605-447d-aa4d-1c2d519adeb3.jpg,"['오름', '문화유적지', '아이', '흐림', '문화관광', '역사유적', '도보여행', '도보', '마을산책', '마을관광', '어린이']"
CNTS_000000000021433,천주교 순례길 - 김대건길,제주특별자치도 제주시 한경면 고산로 6-3,"110여년의 역사를 간직한 묵상의 시간,고산성당에서 성 김대건신부 표착지인 용수성지까지 순례길",33.301857,126.1801,070-8870-4578,region1,제주시,11,제주시내,천주교 순례길 - 김대건길,11284,https://api.cdn.visitjeju.net/photomng/imgpath/201804/30/2c83b0ef-ce78-4682-a9f8-9a67c0b260aa.jpg,https://api.cdn.visitjeju.net/photomng/thumbnailpath/201804/30/e7abf247-9cd4-45b8-afe1-2bd06c0e1f36.jpg,"['걷기/등산', '흐림', '봄', '가을', '문화관광', '도보여행', '도보', '어트랙션']"
CNTS_300000000016083,키아나 요가,제주특별자치도 서귀포시 안덕면 사계남로50번길 1,제주 자연 속에서 진행하는 요가 수련인 키아나 요가,33.2271749,126.2957594,0507-1322-1257,region2,서귀포시,23,안덕,키아나 요가,2019022620005,https://api.cdn.visitjeju.net/photomng/imgpath/202307/26/4ffc52fb-6d96-4308-9aa9-4f16fac7cb9c.jpg,https://api.cdn.visitjeju.net/photomng/thumbnailpath/202307/26/1aef9a29-c4b9-4f19-b169-3ed27de22d4b.jpg,"['요가', '산방산', '사계해변', '힐링', '수련', '명상', ' 러닝홀리데이인제주']"
CNTS_000000000022067,금룡사,제주특별자치도 제주시 구좌읍 김녕로 148-11,"제주의 동쪽 김녕리에 자리한 금룡사는 너럭바위와 소나무 등이 어우러져 청룡, 황룡의 조화를 이루는 천연도량이다.",33.5398407,126.746583,064-783-5180,region1,제주시,16,구좌,금룡사,12687,https://api.cdn.visitjeju.net/photomng/imgpath/201804/30/d856f703-4f7d-46a0-9253-4dd849261980.jpg,https://api.cdn.visitjeju.net/photomng/thumbnailpath/201804/30/20bbd7e6-cb5b-488a-a0c9-310314103d9a.jpg,"['실내', '휴식/힐링', '사계절', '문화관광', '어트랙션']"
CNTS_200000000015146,도시해녀,제주특별자치도 제주시 애월읍 하귀미수포길 16-1,"제주의 해녀가 되는 특별한 경험
",33.4842463,126.4026164,010-2313-7412,region1,제주시,12,애월,도시해녀,2019022615286,https://api.cdn.visitjeju.net/photomng/imgpath/202305/30/5e388aab-b8a9-4895-8205-a4aac0c1742c.jpg,https://api.cdn.visitjeju.net/photomng/thumbnailpath/202305/30/dd0c6547-3a0f-446f-8fe3-39c82967bdc6.jpg,"['제주', '제주도', '해녀', '해녀체험', '제주해녀', '이색체험', '도시해녀', '제주도체험', '제주체험', '바다', '공용주차장', '카드결제', '화장실', '실외', '중', '1~2시간']"
CONT_000000000500482,"웃밤(웃바매기,웃밤오름)",제주특별자치도 제주시 조천읍 선흘리 산 84,가뭄이 와도 마르지 않는 샘이 있는 웃밤오름,33.47828,126.71444,,region1,제주시,15,조천,Utbam Oreum Volcanic Cone (Utbamaegi),19212,https://api.cdn.visitjeju.net/photomng/imgpath/201804/30/902829d3-dfcc-4b98-97f2-364b24f9e5b9.jpg,https://api.cdn.visitjeju.net/photomng/thumbnailpath/201804/30/655dbf69-68e3-441d-874d-ac62d7892e2b.jpg,"['오름', '걷기/등산', '자연경관', '도보여행', '도보']"
CNTS_200000000010796,롯데호텔 브이스파,"제주특별자치도 서귀포시 중문관광로72번길 35, lobby floor 8F","서귀포시 중문관광단지의 롯데호텔제주는 프리미엄급으로 잘 알려진 휴양시설. 이 곳 별관 1층에 위치한 브이스파는 1905년부터 명성을 이어온 스위스 프리미엄 안티에이징 브랜드 ‘발몽(Valmont)’과 딸라소 테라피의 리더, 프랑스 No.1 해양성 코스메틱 브랜드 ‘딸고(Thalgo)’를 전문으로 사용하는 고품격 스파라고 할 수 있다. 전문교육을 이수한 테라피스트의 섬세한 손길로 진행되는 다양한 프로그램과 고객 한 분만을 위한 프라이빗 서비스는 여행이나 과중한 피로에 지친 몸과 마음의 균형을 찾게 해준다.",33.2484577,126.4105487,064-731-4007,region2,서귀포시,24,중문,롯데호텔 브이스파,2019022575562,https://api.cdn.visitjeju.net/photomng/imgpath/202011/03/81b8479f-e466-4697-877b-85caaaf30eef.jpg,https://api.cdn.visitjeju.net/photomng/thumbnailpath/202011/03/36af5821-4b0f-4449-a0c3-5576eaa2ff63.jpg,"['겨울', ' 스파', '실내', '스파', '체험', '호텔', '어트랙션']"
CNTS_200000000012670,세화소품관,제주특별자치도 제주시 구좌읍 해맞이해안로 1422-3,"세화 해수욕장 인근에 위치한 세화소품관은 악세서리, 엽서, 필통, 파우치, 캔들, 방향제, 그립톡, 마그넷 등등 다양하고 예쁜 아이템들로 볼거리가 많은 소품샵이다. ",33.5255845,126.8577029,,region1,제주시,16,구좌,세화소품관,2019022596421,https://api.cdn.visitjeju.net/photomng/imgpath/202201/03/1a451353-9237-4e6e-a2c6-224835683430.jpg,https://api.cdn.visitjeju.net/photomng/thumbnailpath/202201/03/d74a5c28-b029-409a-85b9-a95748f7fdbe.jpg,"['기념품', ' 소품', ' 잡화', ' 선물', '공용주차장', '소품', '잡화', '선물', '음식', '관광지']"
CNTS_300000000016076,제주일상식탁,제주특별자치도 서귀포시 남원읍 태위로 402,"제주 음식 문화를 소개하고, 제주의 로컬음식을 즐길 수 있는 곳",33.302706,126.6568975,064-764-6369,region2,서귀포시,25,남원,<제주일상食탁>,2019022619933,https://api.cdn.visitjeju.net/photomng/imgpath/202307/26/9e0ac8ff-17bb-4254-bf6a-e1a3ad495f55.jpg,https://api.cdn.visitjeju.net/photomng/thumbnailpath/202307/26/cf8d1322-abb3-4a50-9cc4-cf44993681c6.jpg,"['러닝홀리데이인제주', '원데이클래스', '단체체험', '단체체험활동', '쿠킹클래스', '음식', '제철음식', '2~3시간']"
CNTS_200000000010957,새별프렌즈 (새별헤이요목장),제주특별자치도 제주시 애월읍 평화로 1529,"새별오름 인근에 위치한 새별헤이요목장은 알파카, 말, 당나귀, 염소, 양들과 만날 수 있는 목장이다. 귀여운 동물친구들과 즐거운 추억을 만들어보자.",33.364338,126.3552026,0507-1474-2832,region1,제주시,12,애월,새별프렌즈 (새별헤이요목장),2019022643127,https://api.cdn.visitjeju.net/photomng/imgpath/202410/16/ae46a29d-1a6b-427a-aebd-a938cf6263c0.jpg,https://api.cdn.visitjeju.net/photomng/thumbnailpath/202410/16/3c394ac0-8b9f-493f-a0c0-9f4388cbb75c.jpg,"['제주도여행', ' 제주도아이와가볼만한곳', ' 제주도체험', '  제주동물원', ' 제주도놀거리', ' 동물농장', ' 제주서쪽', ' 새별오름', '카드결제', '현금결제', '실외', '중', '1~2시간']"
CNTS_300000000012978,탐라해상풍력단지,제주특별자치도 제주시 한경면 금등3길 59,매일 일몰 후 10시까지 해상풍력 발전기 조명이 연출되는 야간관광명소,33.3622345,126.1905711,064-720-3069,region1,제주시,14,한경,탐라해상풍력발전단지,2019022631411,https://api.cdn.visitjeju.net/photomng/imgpath/202404/09/88f6a3e8-902d-40c8-a35a-772f9687a66d.jpg,https://api.cdn.visitjeju.net/photomng/thumbnailpath/202404/09/26cb1c9d-8967-4990-b3f9-a69e9e730418.jpg,"['야간명소', '한경면', '포토스팟', '뷰포인트', '야간관광명소']"
CNTS_300000000013307,제주스카이랩,"제주특별자치도 제주시 월산북길 77 (노형동, 노형휴팰리스) 2401호",2인승 패러글라이딩 체험과 패러글라이딩 교육을 전문으로 진행하는 항공스포츠 업체 입니다. ,33.4735526,126.4627945,010-4498-2676,region1,제주시,11,제주시내,(주)제주스카이랩,2019022644238,https://api.cdn.visitjeju.net/photomng/imgpath/202410/28/84e17fe1-6264-4804-ba72-67ded69e387b.jpg,https://api.cdn.visitjeju.net/photomng/thumbnailpath/202410/28/92bf241a-d9b2-4cce-9a50-c9cc1c4303f2.jpg,"['제주패러글라이딩', '공용주차장', '현금결제', '카드결제', '화장실', '무료 WIFI', '계좌이체 가능합니다', '영어', '일본어', '', '어려움', '실외', '하', '1시간 미만']"
CNTS_300000000013520,빛의 섬 루미버스,제주특별자치도 서귀포시 표선면 민속해안로 631-34 (표선리) 제주 민속촌(야간 개장),제주 설화를 모티브로 탄생한 로컬힙(Local-Hip) 컬쳐테인먼트 야간 테마파크,33.3243319,126.8431795,064-787-5688,region2,서귀포시,26,표선,<빛의 섬 루미버스>,2019022651375,https://api.cdn.visitjeju.net/photomng/imgpath/202505/15/dc2ffedb-5810-4c3e-9273-5856ccb41cb9.jpg,https://api.cdn.visitjeju.net/photomng/thumbnailpath/202505/15/fd92a245-e2cc-4047-8f4e-acbdda2c802c.jpg,"['야간관광', ' 테마파크', ' 제주설화', ' 제주신화', ' 로컬힙', ' 야간개장', ' 민속촌', ' 야간가볼만한곳', ' 퍼레이드', ' 체험', '공용주차장', '카드결제', '화장실', '유도 및 안내시설', '', '단독접근가능', '장애인 화장실', '장애인 전용 주차장', '쉬움', '실외', '중', '체험', '공연/전시', '야간 멀티미디어 캐릭터 테마파크', '1~2시간']"
CNTS_000000000022226,제주문예회관,제주특별자치도 제주시 동광로 69,"제주특별자치도 문화예술진흥원에서 운영하는 문화예술 공연, 전시관",33.5043089,126.5353859,064-710-7632,region1,제주시,11,제주시내,제주문예회관,13502,https://api.cdn.visitjeju.net/photomng/imgpath/201804/30/1486a3fc-5ad0-4922-be67-db8d81319ccf.jpg,https://api.cdn.visitjeju.net/photomng/thumbnailpath/201804/30/31afe1b0-249a-47c9-9371-fd092ef9ecaf.jpg,"['실내', '미술/박물관', '비.눈', '사계절', '공용주차장', '문화관광', '어트랙션']"
CNTS_000000000022880,한모살 (표선백사장),제주특별자치도 제주시 표선면 표선리," 4·3 당시 표선면, 남원면 일대 주민들이 희생됐던 일상적인 총살장",33.328445,126.83669,--,region2,서귀포시,26,표선,한모살 (표선백사장),16791,https://api.cdn.visitjeju.net/photomng/imgpath/201804/30/6dbe5d52-33ab-447c-83e5-c78b505514a6.jpg,https://api.cdn.visitjeju.net/photomng/thumbnailpath/201804/30/e5085be3-2d5d-40db-a829-625972558c09.jpg,"['4.3', '문화유적지', '문화관광', '제주4.3', '역사유적', '어트랙션']"
CNTS_300000000015854,반지마을 제주 1호점,제주특별자치도 제주시 월성로4길 17 3,소중한 사람과 만드는 특별한 반지체험,33.5017139,126.5035859,064-711-4990,region1,제주시,11,제주시내,반지마을 제주 1호점,2019022617674,https://api.cdn.visitjeju.net/photomng/imgpath/202306/18/f459248e-a9fc-4ec8-a391-d78b5e9a2bcf.jpg,https://api.cdn.visitjeju.net/photomng/thumbnailpath/202306/18/1ebdd2b5-aaa2-4bff-9f7e-2edd6acc6dfe.jpg,"['제주시내', ' 용담', ' 반지만들기', ' 이색체험', '실내', '중', '1~2시간']"
CONT_000000000500125,단산과 방사탑,제주특별자치도 제주시 조천읍 신흥로1길 25,박쥐의 모습을 닮은 오름 단산과 단산의 나쁜 기운을 막기 위해 세운 방사탑,33.548756,126.65135,064-760-2505,region2,서귀포시,22,대정,Dansan Oreum Volcaninc Cone and Stone Pagoda ,17369,https://api.cdn.visitjeju.net/photomng/imgpath/201804/30/0ce93a58-7167-4c30-ab0c-fd893f70e0ae.gif,https://api.cdn.visitjeju.net/photomng/thumbnailpath/201804/30/7465db7f-db3e-4b5b-a3c3-c46f105541d3.gif,"['오름', '문화유적지', '아주 어려움', '자연경관', '역사유적']"
CNTS_000000000019892,스쿠버스쿨,제주특별자치도 제주시 서해안로 301,"탐험, 도전! 도시를 떠나 자신을 찾아 도전하라",33.5089684,126.4776764,064-713-2711,region1,제주시,11,제주시내,Scuba School,6487,https://api.cdn.visitjeju.net/photomng/imgpath/201804/30/51470d3e-dae2-42ab-ab0e-bef2b725ac2f.png,https://api.cdn.visitjeju.net/photomng/thumbnailpath/201804/30/e33652d6-16b4-4b7b-aa70-333515d686a8.png,"['커플', '혼자', '친구', '체험관광', '액티비티', '해양스포츠', '스쿠버다이빙', '공용주차장', '현금결제', '카드결제', '화장실', '체험', '레저/체험', 'waterleisure', '수상레저', '어트랙션']"
CNTS_300000000013112,김녕세기알해변,제주특별자치도 제주시 구좌읍 김녕로21길 25," 스노쿨링, 물멍, 걷기... 뭘 해도 좋은 ‘세기알해변’",33.5581466,126.7549397,,region1,제주시,16,구좌,김녕세기알해변,2019022636703,https://api.cdn.visitjeju.net/photomng/imgpath/202407/24/19ded5c5-4eea-4072-8e32-6b4c179ee8fe.jpg,https://api.cdn.visitjeju.net/photomng/thumbnailpath/202407/24/76bde2c3-c961-4a3d-a1ad-eea880776a32.jpg,"['제주도', '제주여행', '제주스노쿨링', '제주바다', '제주해변', '제주다이빙', '다이빙', '실외', '물놀이']"
CNTS_200000000008025,산지천갤러리,제주특별자치도 제주시 중앙로3길 36,"제주 사진가 또는 제주 출신의 사진사적 성취를 이룬 작고・작가의 작품을 전시하는 사진 전문 갤러리
",33.5151351,126.5284001,064-725-1208,region1,제주시,11,제주시내,산지천 갤러리,2018052311530,https://api.cdn.visitjeju.net/photomng/imgpath/201812/19/8ec9a988-8018-4519-a1bc-e5c4836e72c1.JPG,https://api.cdn.visitjeju.net/photomng/thumbnailpath/201812/19/32c6f06e-7526-45f8-851a-7bcb2368b312.JPG,"['경관/포토', '미술/박물관', '체험관광', '실내', '사계절', '실내관광지', '포토스팟', '어트랙션']"
CNTS_200000000008155,보통청춘기록실 청춘사진관,제주특별자치도 제주시 한림읍 귀덕11길 1,자연스러운 사진을 찍을 수 있는  사진관,33.4439128,126.2937119,010-7571-6071,region1,제주시,13,한림,보통청춘기록실 청춘사진관,2018052312441,https://api.cdn.visitjeju.net/photomng/imgpath/201901/18/7c005eee-a6ec-418e-9fff-7e86e56a7c55.jpg,https://api.cdn.visitjeju.net/photomng/thumbnailpath/201901/18/62787198-2b50-4006-909e-8dff2b2170c4.jpg,"['커플', '친구', '아이', '부모', '사진관', '스튜디오', '어린이']"
CNTS_300000000013602,다라요가스튜디오,제주특별자치도 제주시 조천읍 함대로 37-24 (함덕리) 2층,"[제주 함덕 요가 클래스] 제주의 자연 속 쉼, 오름 뷰 요가 체험 | 다라요가스튜디오",33.5400476,126.6593535,010-9705-9773,region1,제주시,15,조천,다라요가스튜디오,2019022653661,https://api.cdn.visitjeju.net/photomng/imgpath/202507/03/169726ee-cc77-4869-9ddf-2905cb74e4cb.jpg,https://api.cdn.visitjeju.net/photomng/thumbnailpath/202507/03/e66101ab-8f13-4f73-9697-2d169ec89d23.jpg,"['요가', ' 원데이클래스', ' 자연', ' 체험', ' 하타요가', ' 수업', '공용주차장', '현금결제', '카드결제', '화장실', '무료 WIFI', '음료대', '경보 및 피난시설', '탐나는전 사용가능', '영어', '', '실내', '하', '체험', '요가 클래스', '1~2시간']"
CNTS_300000000013440,멍쿡 펫아카데미,제주특별자치도 제주시 1100로 3198-20 (노형동) 103호 멍쿡,제주 유일한 펫푸드 아카데미,33.4730073,126.485877,010-9045-2240,region1,제주시,11,제주시내,멍쿡 펫아카데미,2019022649705,https://api.cdn.visitjeju.net/photomng/imgpath/202502/13/94b51f5b-cdb8-4011-b94c-de0a9b673c33.jpg,https://api.cdn.visitjeju.net/photomng/thumbnailpath/202502/13/100ae573-36ef-47ef-8fdc-7d7f8e7d49e4.jpg,"['부모', '커플', '체험관광', '반려동물동반_기타체험', '펫아카데미', '공용주차장', '현금결제', '카드결제', '화장실', '무료 WIFI', '', '어려움', '실내+실외', '하', '1~2시간']"
CNTS_000000000020982,신양포구,제주특별자치도 서귀포시 성산읍 고성리,성산일충봉과 섭지코지가 한눈에 보이는 신양포구,33.444576,126.9095,--,region2,서귀포시,17,성산,신양포구,10337,https://api.cdn.visitjeju.net/photomng/imgpath/201804/30/c02b8788-97bb-4ab9-8cf2-2a9f4f53a792.jpg,https://api.cdn.visitjeju.net/photomng/thumbnailpath/201804/30/11dbcc1e-2ad5-4547-ba85-54dde5fd73c4.jpg,"['포구', '해변', '문화유적지', '맑음', '아주 어려움', '자연경관', '역사유적']"
CNTS_000000000021517,금성포구,제주특별자치도 제주시 애월읍 금성리 573-1,오래된 역사를 가진 금성포구,33.44681,126.29828,--,region1,제주시,12,애월,금성포구,11465,https://api.cdn.visitjeju.net/photomng/imgpath/201804/30/cabfb895-21bf-46a4-9b9f-d6e0dac22198.jpg,https://api.cdn.visitjeju.net/photomng/thumbnailpath/201804/30/20ff45c5-4188-4dec-8beb-7b4bbfbc986d.jpg,"['포구', '해변', '문화유적지', '자연경관', '역사유적']"
CNTS_300000000013420,제주해녀체험,제주특별자치도 서귀포시 남원읍 하례망장포로 65-13,제주에서만 즐 길 수 있는  해녀체험 및 스쿠버체험다이빙 ,33.258683048409694,126.63966634371339,010-4241-6513,region2,서귀포시,25,남원,제주해녀체험,2019022649304,https://api.cdn.visitjeju.net/photomng/imgpath/202501/15/64250fd0-9097-458b-ba8d-2e0f39ca06c3.jpg,https://api.cdn.visitjeju.net/photomng/thumbnailpath/202501/15/b4167e96-64f8-4062-b2b2-c7f06e42d6d1.jpg,"['액티비티', '친구', '커플', '맑음', '체험', '레저/체험', '수상레저', '어트랙션', '공용주차장', '현금결제', '카드결제', '화장실', '무료 WIFI', '흡연구역', '', '1~2시간']"
CONT_000000000500144,도리미오름,제주특별자치도 제주시 구좌읍 송당리 산 255-1,능선을 거닐면서 한없는 안식을 얻을 수 있는 도리미오름,33.431633,126.77203,,region1,제주시,16,구좌,Dorimi Oreum Volcanic Cone,17455,https://api.cdn.visitjeju.net/photomng/imgpath/201804/30/9147c7e4-512c-4a05-aa9c-b2c13c3c425d.jpg,https://api.cdn.visitjeju.net/photomng/thumbnailpath/201804/30/04a5c1e6-265e-4b22-85a6-ba71891270b3.jpg,"['부모', '커플', '혼자', '친구', '아이', '맑음', '오름', '자연경관', '도보여행', '도보', '어린이']"
CONT_000000000500201,"물메(물미, 수산봉)",제주특별자치도 제주시 애월읍 수산리 산 1-1,동그란 분화구 안에 자연이 만든 연못을 만나다,33.4737592,126.38468260000002,,region1,제주시,12,애월,"Mulme Volcanic Cone (Mulmi, Susanbong)",17752,https://api.cdn.visitjeju.net/photomng/imgpath/201804/30/438e918b-10aa-433b-b1cb-4746af7f92b5.jpg,https://api.cdn.visitjeju.net/photomng/thumbnailpath/201804/30/ad849ad6-2d83-42dc-bda1-709945656b9f.jpg,"['커플', '혼자', '친구', '경관/포토', '휴식/힐링', '가을', '오름', '청년', '자연경관', '포토스팟', '화장실']"
CNTS_000000000022857,영남동,제주특별자치도 서귀포시 산록남로 1966-34,4·3 때 토벌대의 초토화작전으로 사라져버린 중산간 마을.,33.288883,126.496925,--,region2,서귀포시,21,서귀포시내,영남동,16747,https://api.cdn.visitjeju.net/photomng/imgpath/201804/30/4bbd3b5d-c88f-4b5f-84b4-af6b38c6ee96.jpg,https://api.cdn.visitjeju.net/photomng/thumbnailpath/201804/30/06ac2f5c-d707-42c7-9bbb-34c8154fd290.jpg,"['4.3', '문화유적지', '문화관광', '제주4.3', '역사유적', '어트랙션']"
CNTS_300000000015860,사슴공방,제주특별자치도 제주시 구좌읍 구좌로 51 3층,만드는 이의 개성이 담긴 나무반지,33.5232671,126.8570277,010-9604-0759,region1,제주시,16,구좌,사슴공방,2019022617719,https://api.cdn.visitjeju.net/photomng/imgpath/202306/19/41f3d53a-9361-43aa-8b48-64d087041db4.jpg,https://api.cdn.visitjeju.net/photomng/thumbnailpath/202306/19/f059025b-b890-4f6e-bb10-f85ca09d4353.jpg,"['구좌읍', ' 세화리', ' 반지만들기', ' 이색체험', '실내', '중', '1시간 미만']"
CNTS_200000000009483,제주한라병원,제주특별자치도 제주시 도령로 65,"1983년 10월 개원하여 현재 10층 규모 건물 2동에 권역응급의료센터, 권역외상센터, 응급의료전용헬기 외에 17개의 전문진료센터와 25개 진료과를 개설하고, 561병상을 확보하여 지역의료를 선도하고있는 최고 수준의 종합병원이다. 정부 인증 의료기관으로서 역량있는 의료진과 현대식 의료기기를 갖추고, 지역주민은 물론 제주를 찾는 내외국인 관광객의 건강을 지키고 있을 뿐 아니라 의료관광객에게는 만족도 높은 의료서비스를 제공하고 있다.",33.4898195,126.4851928,064-740-5000,region1,제주시,11,제주시내,제주한라병원,2019022632672,https://api.cdn.visitjeju.net/photomng/imgpath/202404/23/7e463400-603c-4323-8406-5841624669f1.jpg,https://api.cdn.visitjeju.net/photomng/thumbnailpath/202404/23/efeb575e-2715-4170-9452-1959bb2e1931.jpg,['의료관광']
CNTS_200000000013590,본초족욕,제주특별자치도 제주시 은수길 65,천연 족욕 테라피를 즐기면서 심신의 피로를 확 날려버릴 수 있는 곳,33.471491,126.4881721,064-749-3370,region1,제주시,11,제주시내,본초족욕,2019022602447,https://api.cdn.visitjeju.net/photomng/imgpath/202207/06/84a15d14-8f23-4124-8a3e-a5333b89691c.jpg,https://api.cdn.visitjeju.net/photomng/thumbnailpath/202207/06/d63fce70-ae02-4656-938a-fdd4f2d6711d.jpg,"['관광지', '안전여행스탬프', '체험']"
CNTS_000000000021375,제주기독교순례길,제주특별자치도 제주시 애월읍 금성하안길 3,"내 영혼의 길, 순례자의 길을 가다.",33.446327,126.30273,--,region1,제주시,13,한림,제주기독교순례길,11174,https://api.cdn.visitjeju.net/photomng/imgpath/201804/30/358e1d06-12fb-4334-acfc-2a6490e4c4da.jpg,https://api.cdn.visitjeju.net/photomng/thumbnailpath/201804/30/82313ba5-4d5d-4a2a-bddd-1624b74e7e0a.jpg,"['걷기/등산', '흐림', '봄', '가을', '문화관광', '도보여행', '도보', '어트랙션']"
CNTS_300000000015881,제주 캘리아트,제주특별자치도 제주시 남성로23길 6,나를 담아내 더 값진 우드버닝 체험,33.5097314,126.5217403,010-2420-3585,region1,제주시,11,제주시내,제주 캘리아트,2019022617922,https://api.cdn.visitjeju.net/photomng/imgpath/202306/20/4981e972-1e30-4634-b31d-0fa70039c6d8.jpg,https://api.cdn.visitjeju.net/photomng/thumbnailpath/202306/20/11dad76e-e560-491d-85de-d3c5619bf46a.jpg,"['제주시내', ' 우드버닝체험', ' 캘리그라피', ' 이색체험', '실내', '중', '2~3시간']"
CNTS_200000000007158,중문색달해변(해산물),제주특별자치도 서귀포시 중문관광로72번길 114,서퍼들의 천국이라 불릴 만큼 파도가 높아 여름에는 다이나믹한 해수욕을 즐기려는 사람들로 인산인해를 이루는 중문색달해변.,33.244972488701166,126.41164624741248,064-760-4993,region2,서귀포시,24,중문,중문색달해변,2018052301311,https://api.cdn.visitjeju.net/photomng/imgpath/201807/04/7948c7eb-345d-4c9a-96cd-5f583d325abb.jpg,https://api.cdn.visitjeju.net/photomng/thumbnailpath/201807/04/78e3185e-02e5-4766-b3aa-8e3d26bb66c5.jpg,"['부모', '커플', '혼자', '친구', '아이', '경관/포토', '휴식/힐링', '사계절', '청년', '중/장년', '휴식/치유', '화장실', '자연경관', '포토스팟', '어린이']"
CNTS_300000000013610,스트라이크볼링센터,제주특별자치도 제주시 남광로 10,도내 최대규모인 24개의 레인을 갖춘 제주시내 볼링장,33.4922677,126.5376385,0507-1422-1115,region1,제주시,11,제주시내,스트라이크볼링센터,2019022653735,https://api.cdn.visitjeju.net/photomng/imgpath/202507/04/5828ebb3-7dc4-4ef2-8222-36f0a9878979.jpg,https://api.cdn.visitjeju.net/photomng/thumbnailpath/202507/04/c5812c51-af19-4688-9f02-2d29bdf9159c.jpg,"['볼링', ' 볼링장', ' 체험', ' 놀거리', ' 실내가볼만한곳', '공용주차장', '현금결제', '카드결제', '화장실', '음료대']"
CNTS_200000000014286,도곤도곤 애견미용실,제주특별자치도 제주시 성신로1길 21,"도곤도곤 애견미용실은 소형견(말티즈, 포메, 푸들, 요키, 시츄 등)과 중형견(비숑, 베들, 스피츠, 슈나 등)이 미용을 할 수 있는 곳이다.",33.4920452,126.488127,,region1,제주시,11,제주시내,도곤도곤 애견미용실,2019022610954,https://api.cdn.visitjeju.net/photomng/imgpath/202212/15/bdd9caea-507a-48da-ac45-d3892f09e19f.jpg,https://api.cdn.visitjeju.net/photomng/thumbnailpath/202212/15/9938f256-ee58-44b8-af10-86d4a28caabe.jpg,"['애견미용실', '반려동물', '반려동물동반입장', '혼저옵서개', '반려동물동반_기타체험', '공용주차장', '화장실', '무료 WIFI']"
CNTS_300000000016087,가야금이 흐르는 제주,제주특별자치도 제주시 광양9길 27,선율의 아름다움으로 푹 몰입할 수 있는 가야금이 흐르는 제주,33.5008664,126.5326422,0507-1366-8189,region1,제주시,11,제주시내,가야금이 흐르는 제주,2019022620017,https://api.cdn.visitjeju.net/photomng/imgpath/202307/26/994275b2-e724-4afc-bba9-109f56201a21.jpg,https://api.cdn.visitjeju.net/photomng/thumbnailpath/202307/26/f1ecb5a8-c397-4102-9155-b56fb9018cc9.jpg,"['가야금', '연주', '레슨', '음악', '추억', '러닝홀리데이인제주', '1시간 미만']"
CNTS_200000000010798,휘닉스 르쏠레이테라피,제주특별자치도 서귀포시 성산읍 섭지코지로 107 휘닉스제주아일랜드리조트 블루동 1층,"스파, 커플룸, 프라이빗룸으로 구성된 르쏠레이테라피센터는 성산 휘닉스호텔앤리조트 내에 위치하고, 호텔 스파 중 유일하게 프랑스 ‘달팡’을 경험할 수 있는 곳이다. 호텔 테라피보다 저렴한 가격으로 호텔만큼의 만족을 얻을 수 있는 곳이 휘닉스 르쏠레이테라피라고 할 수 있다. 우선 르쏠레이테라피가 가장 자랑하는 건 전문교육을 이수한 테라피스트들에게 체계적인 케어서비스를 받을 수 있다는 점과 제주에서는 유일하게 프랑스 브랜드 달팡(Darphin) 제품을 사용하고 있다는 것.",33.4306514,126.9269847,064-731-7709,region2,서귀포시,17,성산,휘닉스 르쏠레이테라피,2019022575585,https://api.cdn.visitjeju.net/photomng/imgpath/202011/03/ecf9ca2b-c55c-4c59-8c30-45f6062c581b.jpg,https://api.cdn.visitjeju.net/photomng/thumbnailpath/202011/03/b7623557-c906-45b0-83e4-85559536316c.jpg,"['스파', '체험', '호텔', '어트랙션']"
CNTS_200000000009895,서귀포농업기술센터 제주농업생태원,제주특별자치도 서귀포시 남원읍 중산간동로 7413,"서귀포 중산간에 자리한 서귀포농업기술센터 제주농업생태원은 감귤에 관한 모든 궁금증을 풀어주는 곳이다. 넓은 부지에 제주감귤홍보관과 감귤품종전시실, 감귤숲길, 감귤따기 체험장 등을 갖추고 있다.",33.28809500000001,126.60703,064-760-7811,region2,서귀포시,25,남원,서귀포농업기술센터 제주농업생태원,2019022569555,https://api.cdn.visitjeju.net/photomng/imgpath/202002/25/d0a3946a-0f2c-4bd5-beb1-e7dfea773941.JPG,https://api.cdn.visitjeju.net/photomng/thumbnailpath/202002/25/1b50dd0d-35c3-4c65-be54-9b40968a3a2d.JPG,"['테마공원', '전시와 행사', '자연경관', '어트랙션']"
CNTS_300000000015839,디퍼프리다이브,제주특별자치도 서귀포시 칠십리로 157,체계적인 프리다이빙 프로그램을 토대로 이론과 해양 다이빙을 배울 수 있는 곳,33.2451378,126.5700092,010-6700-5674,region2,서귀포시,21,서귀포시내,디퍼프리다이브,2019022617564,https://api.cdn.visitjeju.net/photomng/imgpath/202306/16/d1fdd873-5276-4058-bbff-1521733c5339.jpg,https://api.cdn.visitjeju.net/photomng/thumbnailpath/202306/16/eb91439a-eaa7-4378-bf56-f68ede794f88.jpg,"['맑음', '체험관광', '액티비티', '해변', '여름', ' 서귀포시내', ' 프리다이빙', '실외', '중', '3시간 이상']"
CONT_000000000500247,"보롬이(하논, 화구구)",제주특별자치도 서귀포시 하논로 (서홍동),제주도의 유일한 논을 가지고 있는 곳,33.250164,126.54474,,region2,서귀포시,21,서귀포시내,Boromi (Hanon),17992,https://api.cdn.visitjeju.net/photomng/imgpath/201804/30/51a81bc6-5c24-42a2-868e-70277bc3ae7f.jpg,https://api.cdn.visitjeju.net/photomng/thumbnailpath/201804/30/955bbf0c-ad78-4ed0-943b-eddea206eb7c.jpg,"['커플', '친구', '맑음', '오름', '자연경관']"
CNTS_300000000013648,한담컬쳐,제주특별자치도 제주시 애월읍 애월로1길 18 (애월리) ,제주 애월 한담카페거리에 위치한 한국복합문화공간 ,33.46256316156877,126.31062094828056,064-799-8112,region1,제주시,12,애월,한담컬쳐,2019022654763,https://api.cdn.visitjeju.net/photomng/imgpath/202508/01/3e2d250f-7c24-48c2-81ac-3cdebd48cedb.png,https://api.cdn.visitjeju.net/photomng/thumbnailpath/202508/01/65a9e659-2a7c-4d5c-9f8c-fcfc17ba2ea7.png,"['한담컬쳐', ' 제주시', ' 애월', ' 전시관', ' 전시', ' 실크', ' 비단', ' 실크등', ' 비단등', ' 등', '현금결제', '카드결제', '화장실', '무료 WIFI', '음료대', '', '영어', '중국어', '일본어', '단독접근가능', '단차없음', '청각장애인 접근성', '시각장애인 접근성', '실내', '체험', '공연/전시', '한복체험(헤어+메이크업+촬영) ', ' 전통굿즈샵', ' 한국미술전시', ' ']"
CNTS_200000000008314,포레스트 사파리,제주특별자치도 제주시 조천읍 선교로 474-1,조천에 위치한 동물원 테마파크.,33.4777041,126.7135515,064-783-0300,region1,제주시,15,조천,포레스트 사파리,2019022612879,https://api.cdn.visitjeju.net/photomng/imgpath/202304/05/05e647d8-e47e-4da1-a951-9a56227aaf56.JPG,https://api.cdn.visitjeju.net/photomng/thumbnailpath/202304/05/6d600090-7b69-480f-bae4-a3d6172ecc2a.JPG,"['아이', '테마파크', '동물', '체험', '어린이', '어트랙션', '어린이동물농장']"
CNTS_000000000022243,(주)제주해양레저 투명카약,제주특별자치도 제주시 애월읍 애월로1길 22,애월&한담의 에메랄드빛 아름다운 제주바다를 가장 가까이 즐기는 법!,33.462353,126.31049,064-743-0051,region1,제주시,12,애월,(주)제주해양레저 투명카약,13626,https://api.cdn.visitjeju.net/photomng/imgpath/201804/30/df33fa41-5bb6-4276-a369-e77f1a885ba7.jpg,https://api.cdn.visitjeju.net/photomng/thumbnailpath/201804/30/59421792-5377-46a8-a68d-b4f1fe1de5aa.jpg,"['해수욕장', '액티비티', '친구', '커플', '맑음', '체험', '레저/체험', '해변', '물놀이', '수상레저', '어트랙션']"
CNTS_000000000021194,별도연대,제주특별자치도 제주시 화북1동 1537,외적의 침입을 막던 별도연대,33.526237,126.56813,--,region1,제주시,11,제주시내,별도연대,10840,https://api.cdn.visitjeju.net/photomng/imgpath/201804/30/75b64b15-5593-460d-8b9a-8742242c5c8f.jpg,https://api.cdn.visitjeju.net/photomng/thumbnailpath/201804/30/616af32a-8c23-4ddb-b649-79a25592f191.jpg,"['문화유적지', '맑음', '아주 어려움', '문화관광', '역사유적', '어트랙션']"
CONT_000000000500313,샘이오름,제주특별자치도 제주시 조천읍 516로,해송과 삼나무가 숲을 이루는 곳,33.473995,126.66965,,region1,제주시,15,조천,Saemi Oreum Volcanic Cone ,18349,https://api.cdn.visitjeju.net/photomng/imgpath/201804/30/51170c52-edf6-47bc-aeb8-8f208adb1159.jpg,https://api.cdn.visitjeju.net/photomng/thumbnailpath/201804/30/4950d22a-2bce-4eff-a988-dab5518e72e8.jpg,"['오름', '걷기/등산', '맑음', '자연경관', '도보여행', '도보']"
CNTS_300000000013113,돌낭예술원,제주특별자치도 서귀포시 남원읍 서성로 544-35 (위미리) 돌낭예술원,"40년간 준비한 쉼과 휴식,회복을 드리는 정원, 돌낭예술원입니다. ",33.3210848,126.6548304,070-8672-9435,region2,서귀포시,25,남원,돌낭예술원,2019022649278,https://api.cdn.visitjeju.net/photomng/imgpath/202501/15/e74c36f8-2bf0-482d-8fb8-ed5a026122d0.jpg,https://api.cdn.visitjeju.net/photomng/thumbnailpath/202501/15/e50fd93c-bea9-4ebd-9890-8624cca2b62b.jpg,"['반려동물', ' 반려동물동반입장', ' 혼저옵서개', ' 반려동물동반_관광지', ' 부모님과함께가볼만한곳', ' 제주가볼만한곳', ' 서귀포가볼만한곳', ' 서귀포여행지', ' 제주새로운관광지', '공용주차장', '현금결제', '카드결제', '화장실', '무료 WIFI', '', '일본어', '단차없음', '저상버스 접근 가능', '장애인 화장실', '쉬움', '실외', '중', '포토스팟', '힐링', '1~2시간']"
CONT_000000000500513,정의현 일관헌,제주특별자치도 서귀포시 표선면 성읍리 690,지방문화재 7호로 지정된 정의 현감이 정사를 보던 곳,33.38825,126.800995,064-760-2505,region2,서귀포시,26,표선,Ilgwanheon,19348,https://api.cdn.visitjeju.net/photomng/imgpath/201804/30/1651977f-df94-4cac-8203-468838cd3b4b.jpg,https://api.cdn.visitjeju.net/photomng/thumbnailpath/201804/30/01252291-54ed-4449-b269-08a32ed0234a.jpg,"['문화유적지', '맑음', '공용주차장', '화장실', '음료대', '유도 및 안내시설', '경보 및 피난시설', '단차없음', '장애인 전용 주차장', '어려움', '자연경관', '문화관광', '역사유적', '무장애관광']"
CNTS_200000000008026,용담 1동 벽화거리,제주특별자치도 제주시 서문로5길 1,"제주시 용담 1동에 조성된 벽화거리로 다양한 벽화 작품을 감상할 수 있는 곳
",33.5117427,126.5170814,,region1,제주시,11,제주시내,용담 1동 벽화거리,2018052311536,https://api.cdn.visitjeju.net/photomng/imgpath/201812/19/ccd84023-b2bc-4ec0-bc54-71a6eef3ac7f.JPG,https://api.cdn.visitjeju.net/photomng/thumbnailpath/201812/19/fde49635-103f-4be3-aff5-d75284847798.JPG,"['#예술  #경관/포토', '문화관광', '포토스팟']"
CNTS_300000000015876,제주웨이브서핑,제주특별자치도 제주시 구좌읍 월정7길 44-1,월정의 파도를 만끽할 수 있는 서핑,33.5549211,126.7969137,0507-1440-9299,region1,제주시,16,구좌,제주웨이브서핑,2019022617859,https://api.cdn.visitjeju.net/photomng/imgpath/202306/19/8e94c3b3-0ddd-47ed-98c2-323d78baac8c.jpg,https://api.cdn.visitjeju.net/photomng/thumbnailpath/202306/19/2c2663dd-0964-43f3-9438-3143ab18674c.jpg,"['구좌읍', ' 월정리', ' 서핑', ' 이색체험', '실외', '중', '3시간 이상']"
CNTS_300000000013240,비밀의 숲,제주특별자치도 제주시 구좌읍 송당리 2173,"맑은 공기를 마시며 힐링할 수 있는 숲속 산책로, ‘비밀의숲’",33.4537125,126.755313,0507-1323-4609,region1,제주시,16,구좌,비밀의 숲,2019022641810,https://api.cdn.visitjeju.net/photomng/imgpath/202409/26/dca684ce-56f6-484a-9596-4c6881e14cca.jpg,https://api.cdn.visitjeju.net/photomng/thumbnailpath/202409/26/1f751c23-e1c8-4e4b-8dc6-b9d174e621ea.jpg,"['제주여행', ' 제주도동쪽코스', ' 제주도체험', ' 힐링', ' 산책', ' 포토스팟', ' 반려동물동반', ' 가족여행', '현금결제', '카드결제', '어려움', '실외', '하', '포토스팟', '1~2시간']"
CNTS_200000000014276,놀멍쉬멍고르멍(애견카페),제주특별자치도 서귀포시 현청로 51,놀멍쉬멍고르멍은 서귀포시 서흥동에 위치한 소형견 전용 애견카페다.,33.2656788,126.5560001,0507-1409-2405,region2,서귀포시,21,서귀포시내,놀멍쉬멍고르멍(애견카페),2019022610897,https://api.cdn.visitjeju.net/photomng/imgpath/202212/15/cc01d9d3-0fed-45d7-8c64-28b4fc59cdcb.jpg,https://api.cdn.visitjeju.net/photomng/thumbnailpath/202212/15/73f21421-206a-4352-9d3c-f0d11e8b3880.jpg,"['반려동물', ' 반려동물동반입장', ' 혼저옵서개', ' 반려동물동반_식당카페', '공용주차장', '화장실', '무료 WIFI']"
CNTS_200000000009497,고흐의 정원,제주특별자치도 서귀포시 성산읍 삼달신풍로 126-5,위대한 작가 반고흐의 지난 삶을 보고 듣고 만질 수 있는 '고흐의 정원',33.3726076,126.855539,064-783-6700,region2,서귀포시,17,성산,고흐의 정원,2019022566336,https://api.cdn.visitjeju.net/photomng/imgpath/201911/19/f437e678-82e3-444c-a13d-70dfc85e63b3.JPG,https://api.cdn.visitjeju.net/photomng/thumbnailpath/201911/19/3fbed28c-f983-4169-8e4f-e2f0ade3caab.JPG,"['부모', '커플', '혼자', '친구', '아이', '사계절', '미술', '체험전시', '자연경관', '실내관광지', '문화관광', '체험', '어린이', '어트랙션', '현금결제', '카드결제', '공용주차장']"
CNTS_000000000020269,더마카트,제주특별자치도 제주시 한림읍 월림7길 155,빼어난 자연경관과 함께 도내 최대규모의 카트체험장,33.355522,126.24203,064-795-8080,region1,제주시,13,한림,Horse Park,8150,https://api.cdn.visitjeju.net/photomng/imgpath/201804/30/6a98c266-ad2f-4d75-aaa8-fc3f3e119ec9.gif,https://api.cdn.visitjeju.net/photomng/thumbnailpath/201804/30/d233c3c7-6e5f-4208-8430-00c53d1e47f9.gif,"['부모', '아이', '커플', '체험관광', '액티비티', '공용주차장', '현금결제', '카드결제', '화장실', '무료 WIFI', '편의점', '음료대', '유도 및 안내시설', '경보 및 피난시설', '체험', '레저/체험', '어린이', '어트랙션']"
CNTS_000000000019112,묵리해안포구,제주특별자치도 제주시 추자면 추자로 365-1,묵리마을에 있는 작은 포구,33.94523443379174,126.31249600912327,--,region1,제주시,11,제주시내,Mukri Coast Port,4383,https://api.cdn.visitjeju.net/photomng/imgpath/201804/30/5ce77c17-4229-4119-a55a-67d84c99e0b0.jpg,https://api.cdn.visitjeju.net/photomng/thumbnailpath/201804/30/57f635c5-4e7f-45cf-96d8-b6ecf8aeb6ae.jpg,"['포구', '해변', '문화유적지', '문화관광', '역사유적']"
CNTS_000000000019866,제주플래티늄카라반,제주시 애월읍 하귀미수포길 5-8,독일 전통 카라반 하비와 함께 애월 바닷가를 즐길 수 있는 곳,33.48435,126.40223,064-805-9999,region1,제주시,12,애월,Jeju Platinum Caravan,6440,https://api.cdn.visitjeju.net/photomng/imgpath/201804/30/77fd4684-8e05-4c86-8aa5-04c138c981a2.jpg,https://api.cdn.visitjeju.net/photomng/thumbnailpath/201804/30/b628e97e-f136-4bce-b00d-d695f3d4900f.jpg,"['야영장', '캠핑장', '액티비티', '맑음', '공용주차장', '현금결제', '카드결제', '화장실', '무료 WIFI', '음료대', '유도 및 안내시설', '경보 및 피난시설', '체험', '레저/체험', '캠핑', '언택트', '어트랙션']"
CNTS_200000000015200,산도스카발리오홀스파크,제주특별자치도 서귀포시 안덕면 산록남로 566,입문자와 숙련자 모두 즐기는 승마체험,33.3336425,126.3701635,064-792-8414,region2,서귀포시,23,안덕,산도스카발리오홀스파크,2019022617726,https://api.cdn.visitjeju.net/photomng/imgpath/202306/19/1dcec7fa-dedc-404f-9087-8e3a209a134d.jpg,https://api.cdn.visitjeju.net/photomng/thumbnailpath/202306/19/8bfa6275-ed8f-408c-83db-75622ea2653a.jpg,"['서귀포', ' 안덕면', ' 광평리', ' 승마', ' 마장마술', ' 이색체험', '실외', '중', '1시간 미만']"
CNTS_300000000013534,제주하늘바당ATV,제주특별자치도 서귀포시 남원읍 서성로 955-110 (수망리) ,남원읍 수망리에 위치한 ATV와 승마체험장,33.3435805,126.6829605,010-3897-7392,region2,서귀포시,25,남원,제주하늘바당ATV,2019022651657,https://api.cdn.visitjeju.net/photomng/imgpath/202505/26/90517cfe-52e0-4b33-b293-d19b55b5193d.jpg,https://api.cdn.visitjeju.net/photomng/thumbnailpath/202505/26/32f8a4a3-cb4d-4ab2-b347-fe05d9b93ae9.jpg,"['ATV', ' 액티비티', ' 체험', ' 오프로드', ' 라이딩', ' 승마', ' 말', ' 놀거리', ' 사륜바이크', '공용주차장', '현금결제', '카드결제', '화장실', '무료 WIFI', '흡연구역', '음료대', '', '단독접근가능', '단차없음', '쉬움', '실내+실외', '하', '체험', 'ATV체험', ' 승마체험', '1시간 미만']"
CNTS_200000000015154,올레바당체험마을,제주특별자치도 제주시 한림읍 한림해안로 267-6,어린이도 쉽게 즐기는 바다낚시 체험장,33.4254747,126.2642096,064-796-7222,region1,제주시,13,한림,올레바당체험마을,2019022617833,https://api.cdn.visitjeju.net/photomng/imgpath/202306/19/3346a943-f2df-4b2b-b425-a52aeeb6992c.jpg,https://api.cdn.visitjeju.net/photomng/thumbnailpath/202306/19/2a8e092e-b9fb-4f8e-be3b-8b5c277a70f5.jpg,"['한림', ' 테우낚시', ' 이색체험', '실외', '하', '1~2시간']"
CNTS_200000000010797,스위트호텔 아로마,제주특별자치도 서귀포시 중문관광로72번길 67,"스위트호텔 아로마는 추운 겨울여행으로 지친 다리와 몸을 따뜻하게 풀어주는 케어서비스를 제공하며, 중문관광단지에 위치해 쉽게 찾을 수 있다.  중문관광단지 내에 위치한 스위트호텔 아로마는 주변에 호텔 롯데와 신라호텔, 하얏트 등과 근접해 있다. 그럼에도 특급호텔에서 이용할 수 있는 테라피와 비교해 가장 저렴한 이용료와 오랜 경험의 노하우에 따른 케어서비스로 젊은 고객들에게 인기가 높은 아로마 전문샵이다.",33.2493465,126.4082155,0507-1318-3969,region2,서귀포시,24,중문,스위트호텔 아로마,2019022575573,https://api.cdn.visitjeju.net/photomng/imgpath/202011/03/1d59eb9b-6be4-41ff-a534-150f5b08331a.jpg,https://api.cdn.visitjeju.net/photomng/thumbnailpath/202011/03/225b1897-abae-4874-99ed-0ba750123216.jpg,"['겨울', '스파', '호텔', '체험', '어트랙션']"
CNTS_200000000015165,제이홀스클럽,제주특별자치도 제주시 월산남길 284,공항에서 차로 20분 거리에 위치해 있는 승마장,33.45006130000001,126.4717897,0507-1323-3608,region1,제주시,11,제주시내,제이홀스클럽,2019022619972,https://api.cdn.visitjeju.net/photomng/imgpath/202307/26/d0a644d5-7d00-4260-8947-ee03550d216f.jpg,https://api.cdn.visitjeju.net/photomng/thumbnailpath/202307/26/0d48e80d-da64-4074-af50-61eb4bf867d2.jpg,"['제주시', ' 중산간', ' 승마', ' 이색체험', ' 러닝홀리데이인제주', '실내+실외', '중', '1시간 미만']"
CNTS_300000000015867,아토도예공방,제주특별자치도 서귀포시 남성로 134-1,하나뿐인 나만의 도자기를 만드는 체험,33.2428508,126.5545379,010-7102-9951,region2,서귀포시,21,서귀포시내,아토도예공방,2019022617777,https://api.cdn.visitjeju.net/photomng/imgpath/202306/19/66d5696e-c8a9-4e32-99f8-5cc94376e000.jpg,https://api.cdn.visitjeju.net/photomng/thumbnailpath/202306/19/434a0b93-05e8-45a7-8621-7134985943f0.jpg,"['서귀포시내', ' 도자기체험', ' 이색체험', '실내', '하', '1시간 미만']"
CNTS_300000000012898,성안올레,제주특별자치도 제주시 사라봉동길 74,제주시 원도심을 걸어보는 올레 코스,33.518662113,126.547691497,,region1,제주시,11,제주시내,성안올레,2019022629579,https://api.cdn.visitjeju.net/photomng/imgpath/202312/22/ae87fb8b-74d5-4b00-85c0-cac0eb818a78.jpg,https://api.cdn.visitjeju.net/photomng/thumbnailpath/202312/22/5fa5a8ef-136b-4553-9293-3077be23d658.jpg,"['부모', '커플', '친구', '혼자', '액티비티']"
CNTS_200000000013591,무민랜드,제주특별자치도 서귀포시 안덕면 병악로 420,"무민랜드는 무민하우스, 미디어 아트, 아트 체험, 무민카페, 기프트숍 및 무민 정원이 갖춰져 있다. ",33.3067808,126.3817172,064-740-0420,region2,서귀포시,23,안덕,무민랜드,2019022602455,https://api.cdn.visitjeju.net/photomng/imgpath/202207/06/d66fbc34-427d-4461-b3a9-05ba865560a0.jpg,https://api.cdn.visitjeju.net/photomng/thumbnailpath/202207/06/721c0312-723b-45ff-abd8-1efcf55d6dcf.jpg,"['관광지', '안전여행스탬프', '테마공원', '어린이', '문화관광', '실내관광지', '박물관', '미술관', '어트랙션']"
CNTS_300000000013785,댕냥별,제주특별자치도 서귀포시 안덕면 신화역사로304번길 89 (서광리) 서머셋 호텔 1층 댕냥별,"아이부터 어른까지, 모두가 빠져드는 신비한 모험! 미션 임파서블! 지구별에서 위험에 처한 댕냥이를 구출하여 댕냥별로 여행을 떠나자!",33.30288850000001,126.3181117,064-792-0702,region2,서귀포시,23,안덕,댕냥별,2019022656890,https://api.cdn.visitjeju.net/photomng/imgpath/202509/22/8e97bcfc-21f6-4909-a53a-58f9eca966cb.jpg,https://api.cdn.visitjeju.net/photomng/thumbnailpath/202509/22/db7f9f25-2c03-4513-8e17-ce476b8a8387.jpg,"['제주', ' 서귀포시', ' 안덕면', ' 댕냥별', '공용주차장', '현금결제', '카드결제', '화장실', '무료 WIFI', '흡연구역', '음료대', '유도 및 안내시설', '경보 및 피난시설', '카카오페이', '알리페이', '위챗 사용가능', '영어', '독일어가능 ', '단독접근가능', '단차없음', '장애인 화장실', '승강기', '장애인 전용 주차장', '쉬움', '실내', '하', '체험', '체험형 테마파크 ', '1~2시간']"
CNTS_300000000012709,minagrooming(미나그루밍),제주특별자치도 제주시 한림읍 한림해안로 116,미나그루밍은 반려동물들이 편안하고 즐거운 시간을 보내기 적절한 장소다.,33.4134783,126.2598919,,region1,제주시,13,한림,minagrooming(미나그루밍),2019022621555,https://api.cdn.visitjeju.net/photomng/imgpath/202308/22/65790df2-6c81-4b69-ac8c-a0251eb7b39c.JPG,https://api.cdn.visitjeju.net/photomng/thumbnailpath/202308/22/d146e1a7-ed2d-42ac-86ac-7abd06c0e81e.JPG,"['미용서비스', '호텔링', '반려동물', '반려동물동반입장', '혼저옵서개', '반려동물동반_기타체험', '공용주차장', '화장실', '무료 WIFI']"
CNTS_300000000013099,뿔소라공원,제주특별자치도 서귀포시 대정읍 신도리 3125-5, 낮에는 ‘돌고래’를 저녁에는 ‘일물’... 뿔소라공원,33.27368756210708,126.17196315634463,,region2,서귀포시,22,대정,뿔소라공원,2019022636500,https://api.cdn.visitjeju.net/photomng/imgpath/202407/23/86c7188e-d4d6-4163-99e7-da8889888fab.jpg,https://api.cdn.visitjeju.net/photomng/thumbnailpath/202407/23/2da97ade-5fbf-4387-9956-1125cca74e59.jpg,"['제주도', '제주여행', '우영우', '돌고래', '제주돌고래스팟', '대정읍', '제주일몰', '일몰']"
CNTS_300000000012712,댕댕스위트,제주특별자치도 제주시 애월읍 하귀9길 2,"반려동물의 건강하고 활기찬 하루를 위해 수제간식을 제공하는 이곳은 무방부제, 무첨가믈, 무색소에 건강한 재료만을 갖고 직접 만든 수제간식을 판매하는 곳이다.",33.4865061,126.4145086,0507-1391-6144,region1,제주시,12,애월,댕댕스위트,2019022621585,https://api.cdn.visitjeju.net/photomng/imgpath/202308/22/b6b214c9-cfd7-4e83-9d2f-b116a348db45.jpg,https://api.cdn.visitjeju.net/photomng/thumbnailpath/202308/22/cd6b45e1-3c0d-43dc-bb62-9e489ae5745b.jpg,"['애견간식', '반려동물', '반려동물동반입장', '혼저옵서개', '반려동물동반_기타체험', '공용주차장', '화장실', '무료 WIFI']"
CNTS_000000000022935,백년초농장박물관,제주특별자치도 서귀포시 태평로 200,"눈으로 보고, 입으로 맛 보다",33.244675,126.54399,064-739-1777,region2,서귀포시,21,서귀포시내,백년초농장박물관,2019022561048,https://api.cdn.visitjeju.net/photomng/imgpath/201908/28/5cc37683-aa6d-40d5-b01c-d783f0a6f823.jpg,https://api.cdn.visitjeju.net/photomng/thumbnailpath/201908/28/2da4634c-c2c7-455c-84ff-c60393ef11d0.jpg,"['테마공원', '백년초', '실내관광지', '체험', '문화관광', '박물관', '어트랙션', '공용주차장', '현금결제', '카드결제', '화장실', '무료 WIFI', '쉬움']"
CONT_000000000500035,거믄여해안경승지,제주특별자치도 서귀포시 516로,올레 7코스에 속하는 아름다운 해안경승지,33.244373,126.58488,064-760-2772,region2,서귀포시,21,서귀포시내,Geomunyeo Coastal Scenic Point,17053,https://api.cdn.visitjeju.net/photomng/imgpath/201804/30/ecdac3b6-aee2-459f-98bd-b2d260befe6e.jpg,https://api.cdn.visitjeju.net/photomng/thumbnailpath/201804/30/39edc0ee-4e64-4125-9f13-3eab58819aed.jpg,"['해변', '경관/포토', '맑음', '공용주차장', '아주 어려움', '자연경관', '포토스팟']"
CNTS_200000000014281,"안녕, 상이 친구들",제주특별자치도 제주시 아란7길 47,"안녕, 상이 친구들은 배냇 미용, 대형견, 사나운 친구(긍정&훈육&행동교정) 전문 반려견 미용실이다. ",33.4261379,126.5626925,010-2070-4225,region1,제주시,11,제주시내,"안녕, 상이 친구들",2019022610929,https://api.cdn.visitjeju.net/photomng/imgpath/202212/15/88d9687f-703a-43be-acae-13801299687d.jpg,https://api.cdn.visitjeju.net/photomng/thumbnailpath/202212/15/eb71939b-001e-422a-b3e0-2efc74d09545.jpg,"['애견미용실', '예스펫존', '반려동물여행', '반려동물', '반려동물동반입장', '혼저옵서개', '반려동물동반_기타체험', '공용주차장', '화장실', '무료 WIFI']"
CNTS_200000000008028,진빌레 밭담길,제주특별자치도 제주시 구좌읍 월정리 1400-14,"제주만의 분위기를 느낄 수 있는 밭담길 코스
",33.5634623,126.7802471,064-710-3052,region1,제주시,16,구좌,진빌레 밭담길,2018052311562,https://api.cdn.visitjeju.net/photomng/imgpath/201812/19/e6b48a5f-dc93-4d0d-b518-c28fcba99adb.JPG,https://api.cdn.visitjeju.net/photomng/thumbnailpath/201812/19/eaffda32-d32b-4d6c-97f5-2e3b2d41f158.JPG,"['부모', '커플', '아이', '맑음', '걷기', '화장실', '자연경관', '체험', '도보여행', '도보', '어린이']"
CNTS_000000000019886,원앙카라반캠핑장앤야영장,제주특별자치도 서귀포시 돈내코로 120,공기좋은 곳에 위치한 조용한 캠핑장,33.306381,126.5843885,064-762-2314,region2,서귀포시,21,서귀포시내,원앙카라반캠핑장앤야영장,2019022559850,https://api.cdn.visitjeju.net/photomng/imgpath/201908/19/683f0b90-24e7-4ad2-a8ae-1aeb499a006b.jpg,https://api.cdn.visitjeju.net/photomng/thumbnailpath/201908/19/474be474-27b8-4fcd-935d-c9b8ae6759e5.jpg,"['야영장', '캠핑장', '액티비티', '친구', '맑음', '여름', '체험', '레저/체험', '캠핑', '언택트', '어트랙션']"
CNTS_200000000010334,관음사 야영장,제주특별자치도 제주시 산록북로 588,한라산 관음사야영장은 제주시 북쪽 아라동에 위치하여 제주시 도심 인근에서 캠핑을 즐길 수 있는 곳이다. ,33.4216211,126.5502658,064-756-9950,region1,제주시,11,제주시내,관음사 야영장,2019022572711,https://api.cdn.visitjeju.net/photomng/imgpath/202008/11/ac78e05a-1874-4094-86c7-f6c6b470a019.jpg,https://api.cdn.visitjeju.net/photomng/thumbnailpath/202008/11/e800336f-3d55-4b69-b7d0-d0af15df4a3b.jpg,"['캠핑', ' 관음사', ' 한라산', '관음사', '한라산', '자연경관', '체험', '캠핑장', '언택트', '어트랙션']"
CNTS_300000000012740,라이프동물병원,제주특별자치도 제주시 노형3길 21-1,라이프동물병원은 제주시 노형동 주민센터 맞은 편에 위치한 병원이다.,33.4826575,126.4760161,064-759-7975,region1,제주시,11,제주시내,라이프동물병원,2019022622099,https://api.cdn.visitjeju.net/photomng/imgpath/202308/29/c6e8b3ed-1ef3-429e-999a-de27170777ac.jpg,https://api.cdn.visitjeju.net/photomng/thumbnailpath/202308/29/1a695e21-3e66-4784-bbaa-eae996ac6b93.jpg,"['반려동물병원', '반려동물', '반려동물동반입장', '혼저옵서개', '반려동물동반_기타체험', '공용주차장', '화장실', '무료 WIFI', '유도 및 안내시설', '경보 및 피난시설']"
CNTS_300000000012866,떠오르길,제주특별자치도 제주시 구좌읍 김녕로1길 51-3,물이 빠졌을 때 수면 위로 떠오르는 인생샷 명소,33.5578652,126.7488633,,region1,제주시,16,구좌,떠오르길,2019022626143,https://api.cdn.visitjeju.net/photomng/imgpath/202311/30/bfba60fd-d1e0-4ed3-a3d3-d87353dfeb7d.jpg,https://api.cdn.visitjeju.net/photomng/thumbnailpath/202311/30/45bcbc0a-cde9-42ca-a082-7c9f0ce57f93.jpg,"['관광명소', ' 포토스팟', ' 자연', ' 바다']"
CNTS_000000000018516,나바론절벽,제주특별자치도 제주시 추자면 영흥리 산 19,추자도 풍경의 하이라이트,33.956413,126.29398,--,region3,섬 속의 섬,32,추차도,Nabaronjeolbyeok,3233,https://api.cdn.visitjeju.net/photomng/imgpath/201804/30/ec8b087f-9a1a-45e3-826b-5835d5d71ecf.jpg,https://api.cdn.visitjeju.net/photomng/thumbnailpath/201804/30/581ea9dc-fb96-49e2-94bf-e1f9069ec0e8.jpg,"['산', '경관/포토', '가을', '자연경관', '포토스팟']"
CNTS_200000000010313,제주해양레저파크,제주특별자치도 제주시 조천읍 조함해안로 519-10,바다속 걷기! 구름속 날기! 해양레저의 파라다이스~! 조용하고 한가한 예래포구에서의 각종 해양스포츠를 즐길 수 있는 해양레저파크!,33.5437787,126.6688353,010-4797-1717,region1,제주시,15,조천,제주해양레저파크,2019022571498,https://api.cdn.visitjeju.net/photomng/imgpath/202007/08/4d06d8c7-4129-47a8-af00-16d5cd4a73f7.jpg,https://api.cdn.visitjeju.net/photomng/thumbnailpath/202007/08/8c6650d0-d815-44b5-b1a8-c173d81d402b.jpg,"['예래', '서귀포', '수상레저', '해상레저', '자연경관', '체험', '레저/체험', '어린이', '테마공원', '어트랙션', '공용주차장', '현금결제', '카드결제', '화장실', '흡연구역', '경보 및 피난시설', '', '쉬움', '실외', '하', '해양스포츠', '유아시설', '물놀이', '해양레저', '1시간 미만']"
CONT_000000000500299,삼사석,제주특별자치도 제주시 화북1동 1380-1,제주 삼신인(고.양.부)이 쏘았던 화살이 꽂혔던 돌멩이를 보관한 곳,33.521027,126.5741,064-728-2735,region1,제주시,11,제주시내,Samsaseok Rock,18265,https://api.cdn.visitjeju.net/photomng/imgpath/201804/30/1ecfaff8-353d-4a0d-a3ee-8024c7086987.jpg,https://api.cdn.visitjeju.net/photomng/thumbnailpath/201804/30/1c8e5c5b-ecee-41ae-bd50-21ce801e7280.jpg,"['부모', '커플', '혼자', '친구', '아이', '문화유적지', '자연경관', '역사유적', '어트랙션']"
CNTS_300000000013755,국수문화거리,제주특별자치도 제주시 일도2동 1050-1,제주의 국수 맛을 한자리에서 즐길 수 있는 특화거리,33.51014040669438,126.53244860605903,,region1,제주시,11,제주시내,국수문화거리,2019022656388,https://api.cdn.visitjeju.net/photomng/imgpath/202509/11/8f12938d-59f1-4bef-9d9b-debb85d9f3d0.jpg,https://api.cdn.visitjeju.net/photomng/thumbnailpath/202509/11/1f8f4a6b-43a5-4b07-b7dc-45fb9b256fc0.jpg,"['제주국수', ' 고기국수', ' 제주먹거리여행', ' 제주도맛집투어', ' 제주특화거리']"
CNTS_000000000022856,조일구락부 옛터,제주특별자치도 제주시 관덕로2길 11,4․3 당시 도민들을 탄압하고 공포의 대상으로 각인되었던 서북청년단이 결성된 곳,33.511913,126.52066,--,region1,제주시,11,제주시내,조일구락부 옛터,16744,https://api.cdn.visitjeju.net/photomng/imgpath/201804/30/dc01d5ed-bece-41ad-bd52-269b5c5b98a1.jpg,https://api.cdn.visitjeju.net/photomng/thumbnailpath/201804/30/152067a9-6ce6-4a8b-a82e-c616c89e3af4.jpg,"['4.3', '문화유적지', '문화관광', '제주4.3', '역사유적', '어트랙션']"
CNTS_000000000019113,상추자항,제주특별자치도 제주시 추자면 추자로 39,굴비축제가 열리기도 하는 추자도의 항구,33.962449,126.2955716,--,region1,제주시,11,제주시내,Upper Chujado Island Harbor,4390,https://api.cdn.visitjeju.net/photomng/imgpath/201804/30/57c915d5-6ac1-4edf-ac53-54634f1aef37.gif,https://api.cdn.visitjeju.net/photomng/thumbnailpath/201804/30/c0a0e07c-d85a-43f6-92fb-f1352f32c301.gif,"['혼자', '친구', '맑음', '추자도']"
CNTS_300000000013102,행원해변(코난해변),제주특별자치도 제주시 구좌읍 해맞이해안로 648,에메랄드빛 가득 머금은 행원해변(코난해변)... “스노쿨링도 즐겨요”,33.5586383,126.8123467,,region1,제주시,16,구좌,코난해변,2019022636578,https://api.cdn.visitjeju.net/photomng/imgpath/202407/23/76eb94f6-8369-4309-8b39-1f1fa39d8876.jpg,https://api.cdn.visitjeju.net/photomng/thumbnailpath/202407/23/f3545b8f-4a67-4763-b285-dd1d0b839646.jpg,"['제주도', '제주여행', '제주해수욕장', '제주동쪽가볼만한곳', '제주바다', '제주스노쿨링', '제주동쪽스노쿨링', '실외', '중', '물놀이', '3시간 이상']"
CNTS_300000000013101,후박나무길,제주특별자치도 제주시 조천읍 선교로 807-31,후박나무 터널이 주는 여유로움과 위로... ‘후박나무길’ ,33.4402971,126.6993798,,region1,제주시,15,조천,후박나무길,2019022636695,https://api.cdn.visitjeju.net/photomng/imgpath/202407/24/7cde30f4-17c6-43b0-b063-8087c9484398.jpg,https://api.cdn.visitjeju.net/photomng/thumbnailpath/202407/24/9c4c062d-c7c3-4934-b10d-7168b639f962.jpg,"['제주도', '제주관광', '제주여행', '인생샷', '제주시가볼만한곳', '제주핫플', '선흘리', '제주힐링', '제주도인생샷 ', '실외', '포토스팟']"
CNTS_300000000012720,제주애견학교,제주특별자치도 제주시 삼의영길 72,제주애견훈련학교는 아라동에 위치하여 반려동물이 마음껏 뛰놀 수 있는 곳이다.,33.4622606,126.5536737,0507-1447-9205,region1,제주시,11,제주시내,제주애견학교,2019022621663,https://api.cdn.visitjeju.net/photomng/imgpath/202308/23/6924c202-be36-4d8b-bd6c-8ca7038a4bcd.jpg,https://api.cdn.visitjeju.net/photomng/thumbnailpath/202308/23/61214796-c461-4781-919c-ddb19323eef6.jpg,"['애견호텔', '애견수영장', '반려동물', '반려동물동반입장', '혼저옵서개', '반려동물동반_기타체험', '공용주차장', '화장실', '무료 WIFI']"
CONT_000000000500179,마오름(한경),제주특별자치도 제주시 한경면 저지리 산 56,오름의 형태가 말을 닮았다하여 붙여진 마오름,33.33803,126.24381,--,region1,제주시,14,한경,마오름(한경),2019022558531,https://api.cdn.visitjeju.net/photomng/imgpath/201907/29/e01c5d11-0a8c-49f9-88d7-4586202b30c7.jpg,https://api.cdn.visitjeju.net/photomng/thumbnailpath/201907/29/cb084f6d-efc7-4690-8111-edd79af0fccc.jpg,"['오름', '걷기/등산', '자연경관', '도보여행', '도보']"
CONT_000000000500504,이상한 나라의 앨리스,제주특별자치도 서귀포시 안덕면 중산간서로 1881,거울 형상반사로 광장처럼 느껴지며 스릴 넘치는 고대 이집트 피라미드 내부를 쉽게 탈출치 못하는 입체적 거울미로.,33.2889437,126.3218702,064-794-4700,region2,서귀포시,23,안덕,Alice in Wonderland,19312,https://api.cdn.visitjeju.net/photomng/imgpath/201804/30/da5f701f-96f3-43a3-8fd7-76393194bc52.jpg,https://api.cdn.visitjeju.net/photomng/thumbnailpath/201804/30/b09b476b-2f72-4422-9db5-656ee2b76e0b.jpg,"['실내', '테마공원', '커플', '아이', '비.눈', '사계절', '실내관광지', '어트랙션', '무장애관광', '공용주차장', '현금결제', '카드결제', '화장실', '무료 WIFI', '음료대', '유도 및 안내시설', '경보 및 피난시설', '단차없음', '장애인 화장실', '장애인 전용 주차장']"
CNTS_200000000012455,서부두명품횟집거리,제주특별자치도 제주시 서부두길 16,"150m정도의 거리에 횟집 18곳이 밀집된 원조 횟집거리로, 사시사철 싱싱한 제주 회를 한자리에서 맛볼 수 있는 곳",33.5176631,126.5284004,,region1,제주시,11,제주시내,서부두명품횟집거리,2019022594039,https://api.cdn.visitjeju.net/photomng/imgpath/202112/10/fc6d0452-8e40-48c0-9ff2-5de09a370a2b.jpg,https://api.cdn.visitjeju.net/photomng/thumbnailpath/202112/10/36223ea5-0db9-4b36-a0e6-3571df1be8e8.jpg,"['사계절', '청년', '중/장년', '노년', '휴식/치유', '체험관광', '휴식/힐링', '어트랙션', '관광지']"
CNTS_200000000009870,멍멍플레이스,제주특별자치도 제주시 애월읍 소길남길 244-5,애월읍 중산간 마을에 위치한 멍멍 플레이스는 애견인을 위한 최고의 숙소로 꼽힌다. 강아지와 편안하게 쉴 수 있는 잠자리는 물론 잔디밭에서 맘껏 뛰어 다닐 수 있는 최적의 환경을 갖추고 있다. 반려견과 제주 여행을 계획한다면 한번 눈여겨 볼 필요가 있다. ,33.4160695,126.3794271,0507-1307-4661,region1,제주시,12,애월,멍멍플레이스,2019022569379,https://api.cdn.visitjeju.net/photomng/imgpath/202002/21/1d79303f-858a-493d-aa57-881cc1a641d0.JPG,https://api.cdn.visitjeju.net/photomng/thumbnailpath/202002/21/922c7b2d-c8f4-4d65-9b33-2e81b9da7d80.JPG,"['카페', '음식', '어트랙션', '숙박', '펜션', '반려동물', '반려동물동반입장', '혼저옵서개', '반려동물동반_숙소']"
CNTS_200000000007254,레더한,제주특별자치도 서귀포시 남원읍 태위로 773-19,가죽공방으로 주문제작 판매와 교육을 진행하는 곳이다.,33.2922889,126.7393618,010-5899-4248,region2,서귀포시,25,남원,레더한,2018052302768,https://api.cdn.visitjeju.net/photomng/imgpath/201807/19/68dc36c8-6922-4f13-ad60-f1cf7dc275ff.JPG,https://api.cdn.visitjeju.net/photomng/thumbnailpath/201807/19/1de2c9af-efd0-42af-b7e1-d3ecd2633b08.JPG,"['커플', '비.눈', '체험관광', '원데이클래스', '2~3시간', '어트랙션']"
CNTS_000000000000597,아라고나이트 고온천(디아넥스호텔),제주특별자치도 서귀포시 안덕면 산록남로762번길 71,무더운 여름 시원한 수영장을 자연스레 찾는 것처럼 겨울철에는 뜨끈한 온수에 몸을 담그고 피로를 푸는 경우가 있다. 2001년 전까지만 해도 전문가들은 “제주도에는 온천 부존 가능성이 없다”고 했다. 하지만 이 정설을 뒤집고 제주에서 유일하게 아라고나이트 고온천수가 발견되었다. 수억 년 전 역사로 거슬러 올라가는 아라고나이트 고온천수 시설은 디아넥스호텔이 자부하는 최고의 힐링시설이다. 이 온천수는 300만 년 전에 모양을 갖춘 지하 화강암 위에 순수한 물이 제주 땅 중심으로 스며들면서 각종 미네랄을 함유하며 생성되었다는 게 전문가들의 의견.,33.303474,126.39206,064-793-6006,region2,서귀포시,23,안덕,아라고나이트 온천,2019022575590,https://api.cdn.visitjeju.net/photomng/imgpath/202011/03/40a75124-90a5-4d33-9617-8542d8119276.jpg,https://api.cdn.visitjeju.net/photomng/thumbnailpath/202011/03/ed59390a-40e1-49c1-89d4-3c9b0b4cb026.jpg,"['온천', '실내', '휴식/힐링', '부모', '비.눈', '겨울', '실내관광지', '호텔', '숙소', '어트랙션', '공용주차장']"
CNTS_200000000007522,이호-내도 해안도로,제주특별자치도 제주시 테우해안로 60,이호테우해변에서부터 알작지까지 바다를 감상할 수 있는 드라이브 코스.,33.4961622,126.4413081,,region1,제주시,11,제주시내,이호-내도 해안도,2018052305933,https://api.cdn.visitjeju.net/photomng/imgpath/201809/19/22a8ff96-4ae3-4e3f-862e-d6abb3686df2.jpg,https://api.cdn.visitjeju.net/photomng/thumbnailpath/201809/19/29917969-27af-449d-b819-a2270c4a7577.jpg,"['경관/포토', '포토스팟', '드라이브']"
CNTS_300000000013441,제주올레이바이크,"제주특별자치도 서귀포시 성산읍 성산등용로17번길 55 (성산리, 제주 성산 리치유 클래시아) 상가동97호","제주올레이바이크는 전기자전거 대여(임대) 사업이며, 제주도 환상의 자전거길 체험 및 성산일출봉 감성투어 전기자전거 가이드 진행 ",33.4604576,126.9296608,010-9195-1880,region2,서귀포시,17,성산,제주올레이바이크,2019022649725,https://api.cdn.visitjeju.net/photomng/imgpath/202502/14/ff6f339f-7e52-4eb1-a1ee-9a9e8315da3c.jpg,https://api.cdn.visitjeju.net/photomng/thumbnailpath/202502/14/521f2272-2b58-4cab-9658-06712b3e2f29.jpg,"['커플', '혼자', '친구', '액티비티', '사계절', '청년', '전기자전거', '환상자전거길', '공용주차장', '현금결제', '카드결제', '화장실', '무료 WIFI', '흡연구역', '경보 및 피난시설', '계좌이체 및 네이버페이', '영어', '중국어', '외국인 고객 각종 문자 서비스', '단독접근가능', '단차없음', '청각장애인 접근성', '시각장애인 접근성', '저상버스 접근 가능', '장애인 화장실', '승강기', '장애인 전용 주차장', '쉬움', '실외', '하', '체험', '친환경 전기자전거를 통한 제주도의 환상의 자전거길체험과 숙박을 연결한 상품을 협업을 통한 레포츠관광상품을 발전하는 목표를 하고있음', '1~2시간']"
CNTS_300000000013405,귤빛정원감귤체험농장,제주특별자치도 제주시 애월읍 애월원당길 101 (애월리) ,귤빛정원은 제주 애월에 위치합니다  바다뷰 지화재질 감귤농장이며 감귤 만감류 블루베리를 재배하고 체험농장을 진행하고 있어요10월부터 귤체험 5월부터블루베리체험 합니다,33.4526099,126.3223239,010-6775-5323,region1,제주시,12,애월,귤빛정원감귤체험농장,2019022649135,https://api.cdn.visitjeju.net/photomng/imgpath/202412/23/5c65a299-f95e-4c90-a1b8-46fa143e1634.jpg,https://api.cdn.visitjeju.net/photomng/thumbnailpath/202412/23/1d3c9a4a-eb9d-459f-bc1e-744096042eb1.jpg,"['제주', ' 귤', ' 감귤', ' 체험농장', ' 감귤농장', ' 감귤체험', ' 귤빛정원', '애월가볼만한곳', '공용주차장', '현금결제', '카드결제', '화장실', '무료 WIFI', '', '실내+실외', '하', '체험', '감귤 만감류 블루베리 수확체험', '1시간 미만']"
CNTS_200000000014306,그루밍제주,제주특별자치도 서귀포시 천제연로 357,그루밍제주는 야외에서 일광욕하며 친구들과 뛰어놀 수 있는 공간이다.,33.2524207,126.4428121,064-738-7577,region2,서귀포시,21,서귀포시내,그루밍제주,2019022611085,https://api.cdn.visitjeju.net/photomng/imgpath/202212/15/8ee6939f-4d73-4db4-9ecc-1c602f76f03e.jpg,https://api.cdn.visitjeju.net/photomng/thumbnailpath/202212/15/54ea32ab-bad9-4232-9ea6-86cf909d04eb.jpg,"['애견미용실', '애견호텔', '애견유치원', '반려동물', '반려동물동반입장', '혼저옵서개', '반려동물동반_기타체험', '공용주차장', '화장실', '무료 WIFI']"
CNTS_000000000020606,아라리오뮤지엄동문모텔2,제주특별자치도 제주시 산지로 23,국내외 현대미술품들을 소개하고 관람객들과 예술적 경험을 함께 향유하는 컨템포러리 아트뮤지엄,33.51495,126.52943,064-720-8203,region1,제주시,11,제주시내,아라리오뮤지엄동문모텔2,9081,https://api.cdn.visitjeju.net/photomng/imgpath/201804/30/8d50a84e-1985-462f-8af4-7ca21176018d.gif,https://api.cdn.visitjeju.net/photomng/thumbnailpath/201804/30/6e60f785-0017-49fb-b838-91a3690bbf4d.gif,"['실내', '미술/박물관', '비.눈', '사계절', '실내관광지', '문화관광', '어트랙션', '무장애관광', '현금결제', '카드결제', '화장실', '무료 WIFI', '유도 및 안내시설', '경보 및 피난시설', '엘리베이터', '승강기', '아주 어려움']"
CNTS_200000000007492,미요캔들,제주특별자치도 제주시 구남로4길 8-1,"소이캔들, 디퓨저, 향수, 티라이트 등의 원데이클래스를 진행하며 이론교육과 함께 체험이 가능한 미요캔들",33.4888785,126.5342351,064-752-9001,region1,제주시,11,제주시내,미요캔들,2018052305532,https://api.cdn.visitjeju.net/photomng/imgpath/201809/11/c6b98f14-a077-403d-b334-2b3b61eb1d73.jpg,https://api.cdn.visitjeju.net/photomng/thumbnailpath/201809/11/4df9790d-1b16-40bf-87bd-4ec4894d3920.jpg,"['친구', '커플', '체험관광', '원데이클래스', '소이캔들', '디퓨저', '향수', '티라이트', '현금결제', '카드결제', '화장실', '실내', '체험', '캔들만들기 원데이클래스', '2~3시간', '어트랙션']"
CONT_000000000500653,토산봉(망오름),제주특별자치도 서귀포시 표선면 토산리 산 13,토산리를 지켜주는 수호자,33.322395,126.77359,064-787-3307,region2,서귀포시,26,표선,Tosanbong Volcanic Cone (Mang Oreum Volcanic Cone),20113,https://api.cdn.visitjeju.net/photomng/imgpath/201804/30/2bc1a3db-372b-4d69-9ebc-9c22358c46a3.jpg,https://api.cdn.visitjeju.net/photomng/thumbnailpath/201804/30/af0c6d3b-9c43-4709-8be2-438d5bb987d2.jpg,"['친구', '혼자', '맑음', '오름', '자연경관', '도보여행', '도보']"
CONT_000000000500359,세미오름(삼의양오름),제주특별자치도 제주시 아라동 산 24-2,"뒤로는 한라산, 앞으로는 제주시내를 품고 있는 삼의양오름",33.43975,126.56141,,region1,제주시,11,제주시내,Semi Oreum Volcanic Cone (Samuiyang Oreum Volcanic Cone),18551,https://api.cdn.visitjeju.net/photomng/imgpath/201804/30/e6e06cbf-8094-45e5-93da-76469fe67d0f.jpg,https://api.cdn.visitjeju.net/photomng/thumbnailpath/201804/30/d7528e15-6f66-4ba3-acb6-943acf77e2c4.jpg,"['부모', '커플', '혼자', '친구', '아이', '오름', '자연경관', '도보여행', '도보', '어린이']"
CNTS_300000000016111,아트진,"제주특별자치도 서귀포시 신서로48번길 31 (강정동, 명성 클리닉 빌딩) 4층 아트진",색연필 보태니컬아트 화실,33.2536072,126.5086306,010-4015-1204,region2,서귀포시,21,서귀포시내,아트진,2019022620193,https://api.cdn.visitjeju.net/photomng/imgpath/202308/03/c1ac4a1a-236f-45ce-9a5b-ba1c0db7d99b.jpg,https://api.cdn.visitjeju.net/photomng/thumbnailpath/202308/03/b40f7d89-0ade-4412-856e-764e61046edf.jpg,"['체험', ' 원데이클래스', ' 보태니컬아트', ' 그림', '공용주차장', '현금결제', '카드결제', '화장실', '무료 WIFI', '음료대', '', '1~2시간']"
CNTS_300000000013593,한남사려니오름숲,제주특별자치도 서귀포시 남원읍 서성로651번길 235,천연 생태림과 인공림이 조화롭게 어우러진 생태탐방숲,33.3365547,126.6473084,064-730-7272,region2,서귀포시,25,남원,한남사려니오름숲,2019022653418,https://api.cdn.visitjeju.net/photomng/imgpath/202506/25/17e153aa-56b0-4056-8f85-aff804e02b27.jpg,https://api.cdn.visitjeju.net/photomng/thumbnailpath/202506/25/f6876c99-69e2-459d-88a6-a2795f8fcdc4.jpg,"['오름', ' 자연', ' 비밀의 숲', ' 힐링', ' 제주숲길', ' 숲해설', '공용주차장', '현금결제', '카드결제', '화장실']"
CONT_000000000500318,서귀포 궁도장(천지정),제주특별자치도 서귀포시 중산간서로 97-40,"겨울철 전지훈련장소로 최적인 궁도장, 천지정",33.2592301,126.4980473,064-739-5444,region2,서귀포시,21,서귀포시내,Seogwipo Archery Range Cheonjijeong,18369,https://api.cdn.visitjeju.net/photomng/imgpath/201804/30/a855c010-8e50-4225-836c-727765818ca7.jpg,https://api.cdn.visitjeju.net/photomng/thumbnailpath/201804/30/11fa1179-dd5f-4220-807b-335bd8d715e5.jpg,"['커플', '친구', '혼자', '액티비티', '공용주차장', '화장실', '음료대', '유도 및 안내시설', '아주 어려움', '자연경관', '체험', '레저/체험', '어트랙션']"
CNTS_200000000009752,뽀로로&타요 테마파크 제주,제주특별자치도 서귀포시 안덕면 병악로 269,"아이들에게 인기만점인 캐릭터 뽀로로와 타요를 만날 수 있는 테마파크
다양한 어트랙션이 실내와 실외에 골고루 있어 비가 와도 문제없이 즐길 수 있다.",33.3009289,126.3710876,064-742-8555,region2,서귀포시,23,안덕,뽀로로&타요 테마파크 제주,2019022568929,https://api.cdn.visitjeju.net/photomng/imgpath/202002/06/19eb3655-5106-418e-b7b8-0e0ba24dbd31.jpg,https://api.cdn.visitjeju.net/photomng/thumbnailpath/202002/06/75da3644-4efe-4f19-8a3b-2dd0c9205eb3.jpg,"['서귀포가볼만한곳', ' 제주도놀거리', ' 뽀로로테마파크제주', '  어트랙션', ' 어린이', ' 체험', ' 테마공원', ' 실내가볼만한곳', '카드결제', '현금결제', '문화누리카드', '실내+실외', '유아시설']"
CNTS_300000000016084,라이더스랩,제주특별자치도 서귀포시 성산읍 중산간동로 4328-77 (삼달리) 라이더스랩,"제주도의 특별함을 담은 승마장이다. 이 곳만의 고사리 곶자왈 코스에서 돌담길과 고사리밭, 소나무숲까지 이어진 특별한 코스를 즐길 수 있다.",33.3915592,126.830295,010-8322-2329,region2,서귀포시,17,성산,라이더스랩,2019022620099,https://api.cdn.visitjeju.net/photomng/imgpath/202307/27/a90fa238-6073-4de3-874f-b8c63425444d.jpeg,https://api.cdn.visitjeju.net/photomng/thumbnailpath/202307/27/97e212d0-1889-48e0-b221-ed221b58b809.jpeg,"['체험', ' 레저', ' 승마', ' 이색체험', ' 제주마', ' 곶자왈승마', ' 오름승마', '공용주차장', '현금결제', '카드결제', '화장실', '무료 WIFI', '흡연구역', '', '영어', '중국어', '일본어', '실내+실외', '하', '승마 체험 및 레슨 ', '1시간 미만']"
CNTS_200000000007410,아이존액트 볼링장,제주특별자치도 서귀포시 안덕면 신화역사로304번길 98,GD의 감성이 담긴 엔터테이닝 볼링펍.,33.3038299,126.3147293,070-7786-1025,region2,서귀포시,23,안덕,액트(AC.lll.T) 볼링장,2018052304586,https://api.cdn.visitjeju.net/photomng/imgpath/201808/28/0f428c8a-5aaf-4365-a261-479022630536.JPG,https://api.cdn.visitjeju.net/photomng/thumbnailpath/201808/28/ab048b0a-2bb7-4fa3-b937-19f0ff75842f.JPG,"['볼링', '맥주', '사계절', '실내관광지', '체험', '어트랙션', '무료 WIFI', '공용주차장', '실내']"
CNTS_300000000013419,제주삼성안과,"제주특별자치도 제주시 관덕로 66 (일도일동, 후생빌딩) 3층","제주도에서 20년간 제주 인근 섬지역을 포함한 제주도 전역의 도민들과 내륙에서 찾으시는 분들, 외국인들까지 모든 분들에게 정확한 진단과 치료를 하고자 최선을 다하고 있습니다.",33.5128806,126.526298,064-724-0220,region1,제주시,11,제주시내,제주삼성안과,2019022649255,https://api.cdn.visitjeju.net/photomng/imgpath/202501/07/a30bc45e-aedd-45f8-896a-9c49c72ac47f.jpg,https://api.cdn.visitjeju.net/photomng/thumbnailpath/202501/07/093f1b1a-eae1-4d98-988a-7ddf86dff55b.jpg,"['제주', ' 안과', ' 건강', ' 웰니스', ' 제주안과', '공용주차장', '현금결제', '카드결제', '화장실', '무료 WIFI', '유도 및 안내시설', '경보 및 피난시설', '', '영어', '중국어', '일본어', '단독접근가능', '청각장애인 접근성', '시각장애인 접근성', '장애인 화장실', '승강기', '장애인 전용 주차장', '수동 휠체어 대여 가능', '쉬움', '실내']"
CNTS_000000000018867,빌리바이크,제주특별자치도 제주시 우도면 우도해안길 65,최신형 스쿠터를 대여해 우도의 아름다움을 즐기자,33.492534,126.9518893,0507-1365-0034,region3,섬 속의 섬,31,우도,등머을레져,2019022637272,https://api.cdn.visitjeju.net/photomng/imgpath/202408/01/c4ef5c8c-374d-4e38-943e-c3bfb457b966.jfif,,"['제주도여행', ' 우도', ' 우도여행', ' 제주도스쿠터', ' 우도스쿠터', ' 우도여행코스', ' 우도스쿠터여행', '공용주차장', '현금결제', '카드결제', '아주 어려움', '실외', '하', '체험', '1시간 미만']"
CNTS_200000000011920,서중천탐방로,제주특별자치도 서귀포시 남원읍 서성로 755,"낙엽을 밟는 소리가 좋고, 서중천 계곡을 따라 흐르는 물소리가 좋은 곳이다. 봄에는 참꽃나무, 여름엔 시원한 물, 가을에는 단풍이 겨울엔 설경이 좋은 곳이다. 서중천을 따라 천천히 걸어보자. 다른 사람들은 발견 못한 비경을 발견할 수도 있다.",33.3305697,126.6740675,,region2,서귀포시,25,남원,서중천탐방로,2019022582128,https://api.cdn.visitjeju.net/photomng/imgpath/202109/02/0144f969-7dcd-43e6-8cd5-8da30443bfd5.JPG,https://api.cdn.visitjeju.net/photomng/thumbnailpath/202109/02/28c42327-db8a-4559-976d-8ba9eaec5f62.JPG,"['부모', '커플', '친구', '맑음', '흐림', '휴식/힐링', '자연경관', '체험', '도보여행', '도보', '어트랙션', '관광지']"
CNTS_200000000014087,스타빌,제주특별자치도 서귀포시 안덕면 광평로 34-154,중산간에서 경험하는 다채로운 액티비티,33.3390637,126.3953082,064-793-9100,region2,서귀포시,23,안덕,스타빌,2019022609166,https://api.cdn.visitjeju.net/photomng/imgpath/202211/14/e31beef5-eb48-4318-8551-2117aa642eda.jpg,https://api.cdn.visitjeju.net/photomng/thumbnailpath/202211/14/7536ee5e-62f8-4839-a545-e2cd800265e3.jpg,"['관광지', '숙소', '캠핑', '럭셔리트래블인제주']"
CNTS_200000000015408,개떼목장,제주특별자치도 서귀포시 안덕면 평화로 486 (덕수리) ,"댕댕이들이 마음껏 뛰어 놀수 있는 넓은 운동장과 카페, 반려견과 함께 여유를 만끽할 수 있는 공간 개떼목장",33.27919070000001,126.3177445,0507-1385-1723,region2,서귀포시,23,안덕,개떼목장,2019022613018,https://api.cdn.visitjeju.net/photomng/imgpath/202304/11/86d01eb9-41a6-4052-b280-d43a0cdda697.jpeg,https://api.cdn.visitjeju.net/photomng/thumbnailpath/202304/11/6641e44e-d870-4e9d-890e-33e2f6b85dac.jpeg,"['개떼목장', '애견카페', '카페', '반려동물', '반려동물동반입장', '혼저옵서개', '반려동물동반_기타체험', '공용주차장', '현금결제', '카드결제', '화장실', '무료 WIFI', '흡연구역', '음료대', '유도 및 안내시설', '', '영어', '중국어', '어려움']"
CNTS_200000000015413,제주용암수 홍보관,제주특별자치도 제주시 구좌읍 일주동로 2706-27 (한동리) 오리온 제주용암수,"40만년간 제주가 간직한 수자원 '용암해수'의 탄생부터, 우리가 마시는 물이 되는 과정을 견학할 수 있는 홍보관",33.5409551,126.8137869,064-729-9900,region1,제주시,16,구좌,제주용암수 홍보관,2019022612998,https://api.cdn.visitjeju.net/photomng/imgpath/202304/07/354ac9b0-c819-414e-bc97-14357060f047.jpg,https://api.cdn.visitjeju.net/photomng/thumbnailpath/202304/07/a825985b-db6c-4dda-9513-00457b6bb2d6.jpg,"['체험관광', '미술/박물관', '전시와 행사', '용암해수', '제주용암수 홍보관', '전시관', '공용주차장', '화장실', '경보 및 피난시설', '', '어려움', '실내', '하', '1~2시간']"
CNTS_200000000007372,한림바다체험마을,제주특별자치도 제주시 한림읍 한림해안로 200,대나무 낚시를 이용한 제주 전통 테우낚시체험과 조간대체험을 할 수 있는 아이들을 위한 최적의 바다체험 교육.,33.4197809,126.2628316,064-796-7535,region1,제주시,13,한림,한림바다체험마을,2018052304437,https://api.cdn.visitjeju.net/photomng/imgpath/201808/20/23b8b3bd-b129-49a9-915a-25c04bc3cc31.jpg,https://api.cdn.visitjeju.net/photomng/thumbnailpath/201808/20/79e14d0e-6d24-4ee2-8a41-b726438da253.jpg,"['부모', '아이', '체험관광', '액티비티', '여름', '청년', '중/장년', '공용주차장', '화장실', '무료 WIFI', '', '실외', '하', '1~2시간', '체험', '마을산책', '마을관광', '레저/체험', '어린이', '어트랙션']"
CNTS_200000000008052,청수성결교회,제주특별자치도 제주시 한경면 대한로 1067,"청수리마을 저청삼거리에 있는 마을 교회 
",33.3251954,126.2558439,064-773-0705,region1,제주시,14,한경,청수성결교회,2018052311845,https://api.cdn.visitjeju.net/photomng/imgpath/201812/21/e2627d53-0921-44f1-8a21-412e79dfe3f9.JPG,https://api.cdn.visitjeju.net/photomng/thumbnailpath/201812/21/5bfecb57-703e-4bc0-9d84-b1c766582254.JPG,"['휴식/힐링', ' 교회', '공용주차장', '교회', '실내관광지', '문화관광', '어트랙션']"
CNTS_200000000015157,카카오패밀리 로이인더정글카밀라스,제주특별자치도 제주시 구좌읍 구좌로 60,유일무이한 카카오 테이스팅 체험,33.5225689,126.8574868,064-782-1238,region1,제주시,16,구좌,카카오패밀리 로이인더정글카밀라스,2019022617962,https://api.cdn.visitjeju.net/photomng/imgpath/202306/20/06d662c3-a28b-4496-9022-3a3c8c426797.jpg,https://api.cdn.visitjeju.net/photomng/thumbnailpath/202306/20/71edd01b-9cb8-4a47-82f2-a47c8f771cda.jpg,"['구좌읍', ' 세화리', ' 초콜릿', ' 카카오테이스팅', ' 이색체험', '실내', '하', '1시간 미만']"
CNTS_200000000007463,로로 요가,제주특별자치도 제주시 구좌읍 김녕로17길 33-1 (김녕리),제주의 푸른 바다 위에서 즐기는 패들보드 요가를 만나보자. 누구나 한 번쯤은 찰랑거리는 맑은 물결 사이로 흔들림 없이 요가 동작을 선보이는 패들보드 요가를 본 적이 있을 것이다.,33.5437905,126.6688441,010-2383-3686,region1,제주시,16,구좌,로로 요가,2018052305082,https://api.cdn.visitjeju.net/photomng/imgpath/201809/03/0dfe78e6-b320-4ac7-998c-2d7d7254d5a1.jpg,https://api.cdn.visitjeju.net/photomng/thumbnailpath/201809/03/5c81d08a-4d4d-46ac-a151-75e36cc7a14f.jpg,"['친구', '혼자', '맑음', '휴식/힐링', '요가', '패들요가', '어트랙션', '실외', '체험', '패들보드', ' 요가', '1~2시간']"
CNTS_000000000021434,천주교 순례길 - 김기량길,제주특별자치도 제주시 조천읍 조천2길 19,조천 성당부터 복자 김기량 펠릭스베드로 순교헌양비까지 순례자길,33.532906,126.63163,070-8870-4578,region1,제주시,15,조천,천주교 순례길 - 김기량길,11287,https://api.cdn.visitjeju.net/photomng/imgpath/201804/30/3674d610-0710-4b0d-b48d-7110cb1b54d2.jpg,https://api.cdn.visitjeju.net/photomng/thumbnailpath/201804/30/c9d69e66-f2e2-4b8b-8d76-cd4eb914e212.jpg,"['걷기/등산', '흐림', '봄', '가을', '문화관광', '도보여행', '도보', '어트랙션']"
CNTS_300000000012849,서귀포 강정 크루즈항,제주특별자치도 서귀포시 말질로 261,제주에서 가장 큰 규모의 크루즈항										,33.2523833,126.4911269,064-720-8541,region2,서귀포시,21,서귀포시내,서귀포 강정 크루즈항,2019022624376,https://api.cdn.visitjeju.net/photomng/imgpath/202311/22/6c543533-e249-4069-8965-da29aa67742a.jpg,https://api.cdn.visitjeju.net/photomng/thumbnailpath/202311/22/369f4bcd-2136-400f-82c6-d52d80ec6f3f.jpg,"['강정', ' 크루즈']"
CNTS_200000000007190,안덕면 사계어촌계,제주특별자치도 서귀포시 안덕면 형제해안로 20,용머리해안과 하멜상선 기념관 인근에 위치한  바릇잡이 포인트.,33.229546651892626,126.30929693019402,064-792-3090,region2,서귀포시,23,안덕,안덕면 사계어촌계,2018052301659,https://api.cdn.visitjeju.net/photomng/imgpath/201807/09/dc9ccdfa-4fa3-4cfc-af55-a4dc4a0e7f0d.jpg,https://api.cdn.visitjeju.net/photomng/thumbnailpath/201807/09/5864e9f4-f0e4-4b72-81da-d26461ff60e2.jpg,"['경관/포토', '체험관광', '해변', '', '바릇잡이', '실외', '하', '체험', '물놀이', '1~2시간', '포토스팟', '어트랙션']"
CNTS_300000000013798,쏙인제주,제주특별자치도 제주시 한경면 신정로 181-30 (용수리) 1층 ,"야외 온수 욕조(자쿠지)에서 몸을 담그며 휴식을 취할 수 있는 프리미엄 ""핫텁"" 이색 체험 관광지 입니다. 핫텁 뿐만 아니라 야외 바베큐 파티, 카페, 공간 대여 등도 가능합니다.",33.321328872193945,126.20036161615099,010-8081-2477,region1,제주시,14,한경,쏙인제주,2019022656939,https://api.cdn.visitjeju.net/photomng/imgpath/202509/23/0d7a528e-2ac0-4093-aceb-53e6e5f4419d.jpg,https://api.cdn.visitjeju.net/photomng/thumbnailpath/202509/23/3bcb0a54-60ad-408f-be1b-d3d7560b341e.jpg,"['자쿠지', '핫텁', '휴식', '야외 온수 욕조', '공용주차장', '현금결제', '카드결제', '화장실', '무료 WIFI', '음료대', '유도 및 안내시설', '경보 및 피난시설', '', '영어', '중국어', '실내+실외', '하', '체험', '유아시설', '물놀이', '1~2시간']"
CNTS_300000000012795,제이원카트클럽,제주특별자치도 제주시 연북로 424,공항 10분거리 제주 최초 도심형 카트장,33.4795804,126.5266919,064-805-8060,region1,제주시,11,제주시내,제이원카트클럽,2019022623311,https://api.cdn.visitjeju.net/photomng/imgpath/202310/13/c69a14e1-5f64-4925-ab93-bd1da01a1d77.jpg,https://api.cdn.visitjeju.net/photomng/thumbnailpath/202310/13/87dfae00-d299-4c4c-9d5a-fa9f4e7e73bc.jpg,"['친구', '아이', '맑음', '체험관광', '액티비티', '스릴', '반려동물동반가능', '양궁', ' 볼링', '1시간 미만']"
CNTS_200000000015169,달다제주,제주특별자치도 제주시 조천읍 조함해안로 9,나의 그림으로 만드는 하나 뿐인 소품,33.5386293,126.6387435,070-7514-2097,region1,제주시,15,조천,달다제주,2019022617540,https://api.cdn.visitjeju.net/photomng/imgpath/202306/16/0df5d110-0ff0-486c-bf89-4b88386aafb2.jpg,https://api.cdn.visitjeju.net/photomng/thumbnailpath/202306/16/f282be8a-2932-4939-8b6b-141f63bd6ca3.jpg,"['조천', ' 소품샵', ' 공방', ' 스노우볼', ' 모빌', ' 체험', '실내', '하', '2~3시간']"
CNTS_200000000015204,삼다수목장,제주특별자치도 제주시 조천읍 비자림로 485-15,푸른 초원을 거닐며 즐기는 승마체험,33.4180631,126.6534847,064-784-1441,region1,제주시,15,조천,삼다수목장,2019022617730,https://api.cdn.visitjeju.net/photomng/imgpath/202306/19/8b87ce43-4812-41ee-aec4-3ba59d5360a5.jpg,https://api.cdn.visitjeju.net/photomng/thumbnailpath/202306/19/aec355b0-4a82-4037-be12-6d10f30e13c1.jpg,"['조천', ' 교래리', ' 승마', ' 외승', ' 이색체험', '실외', '중', '1시간 미만']"
CNTS_000000000020300,제주올레 7-1코스,제주특별자치도 서귀포시 서호동 553-1,"위로는 한라산을, 아래로는 남쪽 바다와 서귀포 전역을 바라보며",33.267822,126.520164,064-762-2190,region2,서귀포시,21,서귀포시내,Jeju Olle Course 7-1,8204,https://api.cdn.visitjeju.net/photomng/imgpath/201804/30/45d054e7-ec06-416b-98a2-a85e1959e896.jpg,https://api.cdn.visitjeju.net/photomng/thumbnailpath/201804/30/702ccd7e-335f-4415-bfc5-4adaf4fb9b8b.jpg,"['올레', '걷기/등산', '친구', '봄', '자연경관', '도보여행', '도보']"
CNTS_000000000022854,9연대 본부 옛터,제주특별자치도 서귀포시 대정읍 일주서로 2497,모슬포의 역사를 보여주는 곳.,33.229523,126.26302,--,region2,서귀포시,22,대정,9연대 본부 옛터,16741,https://api.cdn.visitjeju.net/photomng/imgpath/201804/30/775e8585-51cd-4b76-8138-2379211d9fec.jpg,https://api.cdn.visitjeju.net/photomng/thumbnailpath/201804/30/0aca43be-3db1-4ddb-a3b0-2a45f27b1e6a.jpg,"['4.3', '문화유적지', '문화관광', '제주4.3', '역사유적', '어트랙션']"
CNTS_300000000016093,미띠뽀,제주특별자치도 서귀포시 신서귀로 3, 제주를 향기로 담아내는 공간,33.2500246,126.509114,010-8021-0930,region2,서귀포시,21,서귀포시내,미띠뽀,2019022620050,https://api.cdn.visitjeju.net/photomng/imgpath/202307/26/ee33b035-c4d0-43df-9b42-7fdd84a6021c.jpg,https://api.cdn.visitjeju.net/photomng/thumbnailpath/202307/26/718e1bb8-e55a-450f-ab90-fb6cc639fddb.jpg,"['향수', ' 취향', ' 인센스', ' 비누', ' 캔들', ' 오브제', ' 러닝홀리데이인제주', '실내', '3시간 이상']"
CNTS_200000000007940,고사리숲,제주특별자치도 제주시 애월읍 평화로 2715 제주관광대학교 내 창업보육센터 본관 315호,"립밤 만들기, 비누 만들기 체험을 할 수 있는 곳",33.4487267,126.4339396,010-6572-0305,region1,제주시,12,애월,고사리숲,2018052309928,https://api.cdn.visitjeju.net/photomng/imgpath/201811/29/4d0ff6a1-851d-49cd-9e02-111bc6e7f708.jpg,https://api.cdn.visitjeju.net/photomng/thumbnailpath/201811/29/2e824a67-25e5-461f-9f49-3c0298ac590b.jpg,"['체험관광', '아이', '화장품', '자연경관', '체험', '숲', '어린이']"
CNTS_200000000007378,신효베스트마을,제주특별자치도 서귀포시 일주동로 8190,귤향과즐 만들기 체험을 할 수 있는 곳,33.26075660000001,126.6125114,064-767-6780,region2,서귀포시,21,서귀포시내,신효베스트마을,2018052304323,https://api.cdn.visitjeju.net/photomng/imgpath/201808/17/05d84093-a667-4ef9-9fad-25e109fbf0f8.jpg,https://api.cdn.visitjeju.net/photomng/thumbnailpath/201808/17/9c38c0ac-5a51-48b7-8c63-8fe8eb27dea0.jpg,"['체험관광', '아이', '귤향과즐', '마을산책', '마을관광', '어린이', '어트랙션']"
CNTS_000000000021008,눈물의십자가,제주특별자치도 제주시 추자도,천주교 백열한 개 성지 가운데 하나인 황경한의 묘의 맞은편에 내려다 보이는 물생이 바위 끝,33.954967,126.341774,--,region3,섬 속의 섬,32,추차도,눈물의십자가,10369,https://api.cdn.visitjeju.net/photomng/imgpath/201804/30/6688a74b-5ae8-4b91-b307-c471fbfb5bfc.gif,https://api.cdn.visitjeju.net/photomng/thumbnailpath/201804/30/3897b5d7-d8aa-44fb-8882-7b9c8c29327f.gif,"['문화유적지', '맑음', '아주 어려움', '문화관광', '역사유적']"
CNTS_000000000021187,화북환해장성,제주특별자치도 제주시 화북동,오랫동안 제주를 지켜주던 성벽에서 찾는 역사의 흔적,33.520233,126.56553,--,region1,제주시,11,제주시내,화북환해장성,10818,https://api.cdn.visitjeju.net/photomng/imgpath/201804/30/be01aeac-f80c-4f6c-ae41-a29e774a4823.jpg,https://api.cdn.visitjeju.net/photomng/thumbnailpath/201804/30/03e77b81-423d-4f4a-9b14-e95a9e9088ce.jpg,"['문화유적지', '문화관광', '역사유적']"
CNTS_200000000012139,월라봉 진지동굴 (안덕면),제주특별자치도 서귀포시 안덕면 감산리 1144,"안덕면의 월라봉은 오름 모양새가 마치 달이 떠오르는 모습 같다 하여 붙여진 오름이다. 다래 나무가 많이 자생하고 있어 다래오름이라도 불린다. 남쪽으론 박수기정, 북쪽으로는 안덕계곡 위치해 있다. 정상을 보고 내려오다보면 진지동굴을 만날 수 있다. 월라봉엔 7개의 진지동굴이 있다. 진지동굴을 보며 잠시나마 아픈 역사를 되짚어본다.",33.24398323800529,126.34957211436719,,region2,서귀포시,23,안덕,월라봉 (안덕면),2019022583426,https://api.cdn.visitjeju.net/photomng/imgpath/202110/19/ecf1770d-358a-4cbe-926c-2442491f25f3.JPG,https://api.cdn.visitjeju.net/photomng/thumbnailpath/202110/19/cbb8a480-6d3a-419a-8432-7246f6d278ba.JPG,"['부모', '커플', '혼자', '친구', '맑음', '흐림', '경관/포토', '사계절', '청년', '중/장년', '휴식/치유', '자연경관', '포토스팟', '언택트', '관광지']"
CNTS_200000000014302,쿠키네,제주특별자치도 제주시 애월읍 일주서로 6689,쿠키네는 애월읍 신엄리에 반려동물 미용실이다.,33.4713897,126.3668522,0507-1390-3889,region1,제주시,12,애월,쿠키네,2019022611073,https://api.cdn.visitjeju.net/photomng/imgpath/202212/15/a03f9c40-7b73-4020-b3de-960d4ff51a3e.jpg,https://api.cdn.visitjeju.net/photomng/thumbnailpath/202212/15/8941d6d2-753b-47b7-8543-180391744acf.jpg,"['반려동물', ' 반려동물동반입장', ' 혼저옵서개', ' 반려동물동반_기타체험', '공용주차장', '화장실', '무료 WIFI']"
CONT_000000000500191,모라이,제주특별자치도 서귀포시 산록남로 (색달동),오름의 모양새가 차양이 있는 모자와 비슷하다 하여 모라이라고 불리우는 오름,33.30114,126.4141,,region2,서귀포시,21,서귀포시내,Morai Oreum Volcanic Cone,17702,https://api.cdn.visitjeju.net/photomng/imgpath/201804/30/000b4435-da0d-4ebb-9b42-1c82b6eba988.jpg,https://api.cdn.visitjeju.net/photomng/thumbnailpath/201804/30/33c48684-0e34-43ab-8791-4e8e89143153.jpg,"['오름', '걷기/등산', '자연경관']"
CNTS_300000000013123,푸른바다 체험낚시,"제주특별자치도 서귀포시 남원읍 위미중앙로196번길 6-12 (위미리, 리치웨이빌리지) 위미어부 회센터 앞",서귀포시 위미항에 위치한 푸른바다 체험낚시,33.2746676,126.65976,010-2035-1094,region2,서귀포시,25,남원,푸른바다 체험낚시,2019022637622,https://api.cdn.visitjeju.net/photomng/imgpath/202408/09/1759c9fe-89b5-47a8-ad4b-8edfc5e2e8c9.JPG,https://api.cdn.visitjeju.net/photomng/thumbnailpath/202408/09/5cddd94f-ded2-45aa-ab86-987c9f66c0b0.JPG,"['제주낚시', '서귀포위미', '제주체험낚시', '공용주차장', '현금결제', '카드결제', '', '영어', '쉬움', '실외', '하', '1~2시간']"
CNTS_000000000022873,원동,제주특별자치도 제주시 애월읍 소길리 1364 일대,1948년 군인들에 의해 마을 주민 30여 명이 집단학살을 당한 곳.,33.402027,126.3803,--,region1,제주시,12,애월,원동,16779,https://api.cdn.visitjeju.net/photomng/imgpath/201804/30/ebf6fb32-03a9-4bac-9da3-e3d0f48eef71.jpg,https://api.cdn.visitjeju.net/photomng/thumbnailpath/201804/30/627d706d-0e01-4475-8fc3-6b88cf7e9b1c.jpg,"['4.3', '문화유적지', '문화관광', '제주4.3', '역사유적', '어트랙션']"
CNTS_000000000021178,동복환해장성,제주특별자치도 제주시 구좌읍 동복리,외구 침입에 대비해 쌓은 동복 환해 장성,33.53544,126.71806,--,region1,제주시,16,구좌,동복환해장성,10794,https://api.cdn.visitjeju.net/photomng/imgpath/201804/30/23bb3a3b-f646-4d38-ae51-33bfdcbc57c8.jpg,https://api.cdn.visitjeju.net/photomng/thumbnailpath/201804/30/6e9f848d-c233-4b3b-9c8f-1d2ac27f9fe4.jpg,"['문화유적지', '흐림', '문화관광', '역사유적']"
CNTS_300000000012863,사려니팜,제주특별자치도 제주시 조천읍 남조로 1785-12 (교래리) ,"한라산, 사려니숲, 삼다수마을 품은 제주 자연휴양림",33.4180631,126.6534847,064-782-4908,region1,제주시,15,조천,사려니팜,2019022629396,https://api.cdn.visitjeju.net/photomng/imgpath/202312/18/62de8069-6695-4933-8f36-73fe9c411be9.jpg,https://api.cdn.visitjeju.net/photomng/thumbnailpath/202312/18/9340b956-fc49-41f7-a985-f715889779d8.jpg,"['아이', ' 가족', ' 동물체험', ' 체험관광', ' 자연경관', ' 자연체험', ' 자연휴양림', ' 동물먹이주기', '공용주차장', '카드결제', '화장실', '무료 WIFI', '유도 및 안내시설', '', '영어', '단독접근가능', '저상버스 접근 가능', '장애인 화장실', '쉬움', '실내+실외', '하', '체험', '동물먹이체험', ' 자연휴양림산책', '2~3시간']"
CNTS_000000000021623,기독교순례길 2코스(순교의길),제주특별자치도 제주시 한림읍 협재8길 8,중산간의 푸른 들과 농지를 지나는 순교의 길,33.39475,126.2431,-796-2655,region1,제주시,13,한림,기독교순례길 2코스(순교의길),11583,https://api.cdn.visitjeju.net/photomng/imgpath/201804/30/91f0d253-a40c-4b62-8fad-716f855cbb21.jpg,https://api.cdn.visitjeju.net/photomng/thumbnailpath/201804/30/3daaa27c-9b2f-45ee-a055-cd75e761e29e.jpg,"['걷기/등산', '봄', '가을', '문화관광', '도보여행', '도보', '어트랙션']"
CNTS_000000000021250,걸매예술마을,제주특별자치도 서귀포시 서홍로 4-42,걸메예술마을에서 보는 예술작품,33.249985,126.55515,--,region2,서귀포시,21,서귀포시내,걸매예술마을,10909,https://api.cdn.visitjeju.net/photomng/imgpath/201804/30/a7f17981-d654-46dc-ac06-d089798b9c4e.jpg,https://api.cdn.visitjeju.net/photomng/thumbnailpath/201804/30/26e4a7d7-1eb1-4b05-8191-38bc784b8455.jpg,"['예술', '커플', '가을', '문화관광', '마을산책', '마을관광', '어트랙션']"
CNTS_300000000016072,다이브맵,제주특별자치도 서귀포시 서호중앙로 55,매일매일이 새로운 제주바다를 즐기는 스쿠버다이빙,33.25200480000001,126.5183408,"070-4242-2484, 010-2763-0653",region2,서귀포시,21,서귀포시내,다이브맵,2019022619916,https://api.cdn.visitjeju.net/photomng/imgpath/202307/25/fa85f42f-3ae2-42de-a6da-5c1281874194.JPG,https://api.cdn.visitjeju.net/photomng/thumbnailpath/202307/25/023279e0-4ce2-4e71-a9b8-8e488b1d9340.JPG,"['스쿠버다이빙', ' 체험', ' 레저', ' 해양스포츠', ' 러닝홀리데이인제주', '3시간 이상']"
CNTS_200000000011917,마흐니 숲길,제주특별자치도 서귀포시 남원읍 남조로 973,물영아리 맞은편 탐방로 입구부터 마흐니오름 정상까지는 편도 길이가 5.3km의 숲길이다. 총 10킬로 조금 넘으니 중간에 쉴 때 마실 물이나 김밥을 싸고 가는 것을 추천한다. 10킬로면 3시간 ~ 4시간 정도 걸린다. 숲길 처음에 들어서면 물이 조금 있는 제주의 곶자왈을 만날 수 있다.,33.3591208,126.6921366,,region2,서귀포시,25,남원,마흐니 숲길,2019022582050,https://api.cdn.visitjeju.net/photomng/imgpath/202109/01/2ddf5f46-7b08-4d62-a24e-f1ebf75cbc8c.JPG,https://api.cdn.visitjeju.net/photomng/thumbnailpath/202109/01/650197fc-4280-4d5d-b346-6695eeefc9d9.JPG,"['맑음', '커플', '친구', '부모', '휴식/힐링', '휴식/치유', '자연경관', '체험', '도보여행', '도보', '숲', '숲길', '언택트', '관광지']"
CNTS_000000000019475,제주레이크힐스컨트리클럽,제주특별자치도 서귀포시 산록남로 1391 (중문동),제주의 특성을 고스란히 코스에 옮겨놓은 환경친화적 골프장,33.306812,126.43271,064-738-8858,region2,서귀포시,24,중문,제주레이크힐스컨트리클럽,2019022559004,https://api.cdn.visitjeju.net/photomng/imgpath/201908/02/85b3e284-1f3f-4114-8d12-ada329da56a8.jpg,https://api.cdn.visitjeju.net/photomng/thumbnailpath/201908/02/af5567dc-166a-4937-9d60-dc029619d666.jpg,"['골프', '액티비티', '공용주차장', '현금결제', '카드결제', '화장실', '무료 WIFI', '흡연구역', '편의점', '음료대', '유도 및 안내시설', '경보 및 피난시설', '체험', '레저/체험', '어트랙션']"
CNTS_300000000015833,곱뜨락아띠 향수공방,제주특별자치도 서귀포시 안덕면 사계중앙로3번길 22,고급스럽고 개성 넘치는 니치향수 체험,33.2302133,126.2996522,010-9145-0002,region2,서귀포시,23,안덕,곱뜨락아띠 향수공방,2019022617503,https://api.cdn.visitjeju.net/photomng/imgpath/202306/16/3d034817-12a3-415a-b934-510db08d7e58.jpg,https://api.cdn.visitjeju.net/photomng/thumbnailpath/202306/16/94e0f94b-0d4b-4101-a690-04cf27bf7629.jpg,"['체험관광', '청년', ' 서귀포', ' 안덕면', ' 사계리', ' 향수체험', ' 향수공방', '공용주차장', '실내', '하', '1~2시간']"
CNTS_000000000018510,마라도기원정사,제주특별자치도 서귀포시 대정읍 마라로 87,우리나라 국토 최남단 마라도에 위치한 대한불교 조계종 사찰,33.115997,126.26655,064-792-8518,region3,섬 속의 섬,33,마라도,Marado Giwonjeongsa,3182,https://api.cdn.visitjeju.net/photomng/imgpath/201804/30/3329dde9-717a-4abf-8276-fa37461df58c.jpg,https://api.cdn.visitjeju.net/photomng/thumbnailpath/201804/30/68c3e58f-96ca-4d90-8b3c-8edcd017b46e.jpg,"['문화유적지', '공용주차장', '문화관광', '역사유적', '어트랙션']"
CNTS_000000000022255,제주 카약올레,제주시 애월읍 애월로1길 22,에메랄드빛 아름다운 제주바다 한담해변을 가장 가까이 즐기는 방법!,33.462325598661835,126.310482182323,0507-1338-6492,region1,제주시,12,애월,익스트림제주카약올레,2019022559521,https://api.cdn.visitjeju.net/photomng/imgpath/201908/09/25623e87-0cf2-47a8-84a9-536c645837fc.jpg,https://api.cdn.visitjeju.net/photomng/thumbnailpath/201908/09/0b45f9ce-25b9-44ce-b3a5-46a684ddddf9.jpg,"['액티비티', '커플', '맑음', '체험', '레저/체험', '수상레저', '어트랙션']"
CNTS_200000000014330,산방산둘레길,제주특별자치도 서귀포시 안덕면 사계리 112-3,산방산 둘레길은 용머리 해안 매표소에서 산방연대까지 무리하지 않고 가볍게 산책할 수 있는 산책 코스이다. ,33.2339513,126.3136258,,region2,서귀포시,23,안덕,산방산둘레길,2019022611267,https://api.cdn.visitjeju.net/photomng/imgpath/202212/22/ded3922b-0bf5-4312-9083-4ac5d7341cab.jpg,https://api.cdn.visitjeju.net/photomng/thumbnailpath/202212/22/23f47e51-0d2a-4e24-8e9c-e8a050e4f180.jpg,"['자연경관', '도보', '도보여행', '관광지', '반려동물동반_산책로', '반려동물', '반려동물동반입장', '혼저옵서개', '반려동물동반_자연', '공용주차장', '화장실', '무료 WIFI']"
CNTS_000000000022715,성클라라수도원 금악성당,제주시 한림읍 금악북로 320,성클라라수도원에 부속된 성당,33.348213,126.31942,064-796-4188,region1,제주시,13,한림,성클라라수도원 금악성당,16161,https://api.cdn.visitjeju.net/photomng/imgpath/201804/30/3e9a88bf-cf9b-4ef9-aa02-c53dd8023064.jpg,https://api.cdn.visitjeju.net/photomng/thumbnailpath/201804/30/e00e65fd-1d6b-41c4-a33d-c0dfe793b6f4.jpg,"['실내', '휴식/힐링', '흐림', '사계절', '어트랙션']"
CNTS_200000000011313,케이제주해양사업단,제주특별자치도 서귀포시 대정읍 최남단해안로 116,  다양한 레저활동 즐기고 싶다면.... 운진항으로 ,33.210630427115,126.25735613143948,070-8222-5224,region2,서귀포시,22,대정,케이제주해양사업단,2019022636476,https://api.cdn.visitjeju.net/photomng/imgpath/202407/23/2e8e3790-8811-420e-83d9-352ab6aeefe9.jfif,,"['제주도', '서귀포가볼만한곳', '제주여행', '서귀포관광지', '제주체험', '제주아이와가볼만한곳', '제주제트스키', '서귀포체험', '서귀포여행지', '공용주차장', '현금결제', '카드결제', '흡연구역', '', '실외', '하', '1시간 미만']"
CNTS_300000000013495,문화공간 휴,제주특별자치도 제주시 중앙로8길 2 (일도일동) 문화공간 휴,"한복과 옛날 교복, 메이크업과 사진 촬영 서비스를 제공하는 문화체험관입니다.",33.5150019,126.5242723,064-725-9837,region1,제주시,11,제주시내,문화공간 휴,2019022650814,https://api.cdn.visitjeju.net/photomng/imgpath/202504/13/4f99c33c-34a1-452c-a8fc-f67086fbcbe8.jpg,https://api.cdn.visitjeju.net/photomng/thumbnailpath/202504/13/5a483324-494c-4c98-b0a9-9060266b7c26.jpg,"['제주', ' 한복대여', ' 한복체험', ' 제주목관아', ' 프리미엄한복', ' 폭싹 속았수다', ' K-드라마', '현금결제', '카드결제', '화장실', '무료 WIFI', '흡연구역', '음료대', '위쳇/알리페이', '영어', '중국어', '일본어', '', '단독접근가능', '쉬움', '실내+실외', '하', '체험', '한복 및 교복 체험', ' 메이크업 및 사진촬영', '1~2시간']"
CNTS_000000000019949,용연카누클럽,제주특별자치도 제주시 흥운길 79,"태양, 물, 바람과 함께하는 제주의 카누생태관광",33.5156106,126.5139903,0507-1425-8259,region1,제주시,11,제주시내,Yongyeon Canoe Club,6754,https://api.cdn.visitjeju.net/photomng/imgpath/201804/30/237dcb8f-6d24-42c9-982e-728ec2ba33c7.gif,https://api.cdn.visitjeju.net/photomng/thumbnailpath/201804/30/43f17970-fdf9-46e4-946d-26014ea9dbba.gif,"['커플', '친구', '맑음', '경관/포토', '휴식/힐링', '체험관광', '액티비티', '청년', '휴식/치유', '체험', '레저/체험', '포토스팟', 'waterleisure', '수상레저', '어트랙션', '현금결제', '카드결제', '화장실']"
CONT_000000000500038,거친오름,제주특별자치도 제주시 명림로 520 (봉개동),노루가 뛰어노는 거친오름,33.445274,126.61945,064-728-3611,region1,제주시,11,제주시내,Geochin Oreum Volcanic Cone,17075,https://api.cdn.visitjeju.net/photomng/imgpath/201804/30/b0f73dec-a1c6-4318-aff8-d8d582efd429.jpg,https://api.cdn.visitjeju.net/photomng/thumbnailpath/201804/30/bf7ac456-d0f6-42f1-af9b-e17a4a49ec87.jpg,"['부모', '커플', '혼자', '친구', '맑음', '오름', '공용주차장', '현금결제', '카드결제', '화장실', '음료대', '유도 및 안내시설', '아주 어려움', '자연경관', '도보여행', '도보']"
CNTS_200000000008894,바구스서핑스쿨,제주특별자치도 제주시 애월읍 곽지9길 21,에메랄드빛 예쁜 바다로 유명한 애월 곽지해수욕장에서 배우는 서핑,33.4515161,126.3070429,010-5649-9437,region1,제주시,12,애월,바구스서핑스쿨,2019022557441,https://api.cdn.visitjeju.net/photomng/imgpath/201907/04/be7bb87f-e5d7-4488-a12a-64a05c9151ee.jpg,https://api.cdn.visitjeju.net/photomng/thumbnailpath/201907/04/24ea09ea-5e6b-4d01-a5fe-568ada042799.jpg,"['서핑', '서핑스쿨', '체험', '스포츠', '해양스포츠', '수상레저', '어트랙션', '공용주차장', '현금결제', '카드결제', '화장실', '무료 WIFI', '', '영어', '실외', '중', '2~3시간']"
CNTS_300000000015891,제주홀스타승마장,제주특별자치도 제주시 산록북로 8,피톤치드 가득 편백나무숲에서 승마체험,33.4220209,126.4935837,064-746-8558,region1,제주시,11,제주시내,제주홀스타승마장,2019022618046,https://api.cdn.visitjeju.net/photomng/imgpath/202306/20/e0b92583-9c5c-45e5-968d-ccae60cd990f.jpg,https://api.cdn.visitjeju.net/photomng/thumbnailpath/202306/20/9b1b2ad2-a774-4bd3-8a89-823152f28b9c.jpg,"['제주시', ' 연동', ' 중산간', ' 승마', ' 이색체험', '실외', '중', '1시간 미만']"
CNTS_000000000021985,제주오름승마랜드,제주특별자치도 제주시 조천읍 번영로 1734-15,"영화 속 한 장면처럼, 말을 타고 숲을 거니는 ‘제주오름승마랜드’",33.4492803,126.7124098,064-782-1224,region1,제주시,15,조천,제주오름승마랜드,12259,https://api.cdn.visitjeju.net/photomng/imgpath/201804/30/83e804d2-81dd-4c63-80f5-d42ba506d826.jpg,https://api.cdn.visitjeju.net/photomng/thumbnailpath/201804/30/506114d1-932c-44b5-8838-574bb8318f8f.jpg,"['제주여행', ' 제주액티비티', ' 승마', ' 오름', ' 숲길', ' 먹이주기', ' 힐링', ' 제주체험', ' 실외관광지', '공용주차장', '현금결제', '카드결제', '화장실', '제로페이', '실외', '중', '1~2시간']"
CNTS_000000000020030,아이리스촬영지(하얀등대),제주특별자치도 서귀포시 표선면,"이병헌, 김태희 주연의 KBS 인기드라마 아이리스의 촬영지",33.319492,126.84776,--,region2,서귀포시,26,표선,Iris Filming Location,7055,https://api.cdn.visitjeju.net/photomng/imgpath/201804/30/6b8a3ff2-1e2a-4472-a9a6-db6f9acf552b.jpg,https://api.cdn.visitjeju.net/photomng/thumbnailpath/201804/30/6c89b422-5181-4b3e-9e39-0ed1e4f346e5.jpg,"['등대', '경관/포토', '친구', '커플', '맑음', '포토스팟']"
CNTS_300000000012833,그랜드스윙,제주특별자치도 서귀포시 성산읍 섭지코지로 107,성산일출봉을 바라보며 타는 거대한 그네 포토존,33.4300919,126.9272996,,region2,서귀포시,17,성산,그랜드스윙,2019022624168,https://api.cdn.visitjeju.net/photomng/imgpath/202311/21/2b30d115-93cf-4da8-b407-0cc9cbc453b2.jpg,https://api.cdn.visitjeju.net/photomng/thumbnailpath/202311/21/1c7857bd-4788-4cd0-bb1b-6fc7b25a957e.jpg,"['섭지코지', ' 사진명소']"
CONT_000000000500562,제주힐링명상센터,제주특별자치도 제주시 애월읍 어음13길 196,제주를 호흡하고 명상하는 곳,33.3954954,126.3611333,064-799-7720,region1,제주시,12,애월,제주힐링명상센터,2019022581714,https://api.cdn.visitjeju.net/photomng/imgpath/202108/03/880db1bd-e027-4f8d-8246-5e43a673a13b.jpg,https://api.cdn.visitjeju.net/photomng/thumbnailpath/202108/03/92bcd732-6abd-4fa8-b0b6-fbb412abd57a.jpg,"['웰니스', '힐링', '명상', '테마공원', '부모', '가족', '반려동물', ' 반려동물동반입장', ' 혼저옵서개', ' 반려동물동반_관광지', ' 힐링여행', ' 무장애관광', '공용주차장', '현금결제', '카드결제', '화장실', '무료 WIFI', '흡연구역', '편의점', '음료대', '유도 및 안내시설', '경보 및 피난시설', '단독접근가능', '단차없음', '장애인 전용 주차장', '쉬움']"
CNTS_200000000011853,서귀포 하영올레,제주특별자치도 서귀포시 중앙로 105,"서귀포시가 원도심의 매력을 듬뿍 느낄 수 있는 도보코스. 제주관광공사와 서귀포시, 제주올레가 함께 개발하고 운영하는 이 하영올레는 '하영'이라는 말에서 유래하듯, 서귀포 원도심 주변의 풍부한 관광자원과 6개의 도심공원(걸매생태공원, 칠십리시공원, 새섬공원, 자구리공원, 정모시공원, 솜반천), 3개의 특화거리(이중섭거리, 칠십리음식특화거리, 아랑조을거리)를 융합하여 서귀포의 자연과 인문, 문화가 융합된 관광객과 도민 모두가 다양한 방법으로 즐길 수 있는 길로 구성되어있다.",33.2540922,126.5601945,064-760-2651,region2,서귀포시,21,서귀포시내,서귀포 하영올레,2019022581751,https://api.cdn.visitjeju.net/photomng/imgpath/202108/12/bc406d9e-c5a2-4aa7-91f7-afc917f5ad86.jpg,https://api.cdn.visitjeju.net/photomng/thumbnailpath/202108/12/671bf906-3ed8-4392-b3a1-50a8caccea44.jpg,"['휴식/힐링', '휴식/치유', '자연경관', '체험', '도보여행', '도보', '관광지']"
CNTS_300000000016099,담화헌,제주특별자치도 제주시 주르레길 55,제주 흙으로 빚는 숨쉬는 제주 옹기,33.4493168,126.4804463,010-9087-2953,region1,제주시,11,제주시내,담화헌,2019022620084,https://api.cdn.visitjeju.net/photomng/imgpath/202307/26/bb1f5e09-a5c8-4fbf-b481-dfe176f1ee79.JPG,https://api.cdn.visitjeju.net/photomng/thumbnailpath/202307/26/e9414fa5-a487-4564-8a5b-ecf217cd0804.JPG,"['옹기', '그릇', '흙', '제주옹기', '원데이 체험', '원데이 클래스', ' 러닝홀리데이인제주', '1~2시간']"
CNTS_200000000015163,행복공방 에치비,제주특별자치도 서귀포시 중산간서로 188,고즈넉한 분위기에서 즐기는 도예 체험,33.2604907,126.4948354,010-2859-9504,region2,서귀포시,21,서귀포시내,행복공방 에치비,2019022618032,https://api.cdn.visitjeju.net/photomng/imgpath/202306/20/239f7c62-8189-4d4b-a049-22c4a7b45e27.jpg,https://api.cdn.visitjeju.net/photomng/thumbnailpath/202306/20/84d3c65c-d710-4ba1-a89f-e2fe750e2414.jpg,"['서귀포시내', ' 도자기체험', ' 이색체험', '실내', '중', '1시간 미만']"
CNTS_000000000021058,성읍승마장,제주특별자치도 서귀포시 표선면 번영로 2650,30년 전통 도내 최대 길이의 제주 최초 승마장,33.398746,126.78733,064-787-5324,region2,서귀포시,26,표선,성읍승마장,10507,https://api.cdn.visitjeju.net/photomng/imgpath/201804/30/69a0bd54-97fa-49b5-b59e-5986b8e48ecf.jpg,https://api.cdn.visitjeju.net/photomng/thumbnailpath/201804/30/3493d5ca-7b48-4e55-b49a-d6467d0b29a3.jpg,"['승마', '액티비티', '공용주차장', '아주 어려움', '체험', '레저/체험', '어트랙션']"
CNTS_300000000013569,제주 크리스마스빌리지,"제주특별자치도 제주시 중앙로 470 (아라일동, 제주성안교회) 제주성안교회 앞마당",제주성안교회 앞마당에서 열리는 제주 크리스마스 축제입니다.,33.4811111,126.5416667,064-745-9191,region1,제주시,11,제주시내,제주 크리스마스빌리지,2019022652683,https://api.cdn.visitjeju.net/photomng/imgpath/202506/16/80afa5cd-7257-4a05-ab6f-a86109aa7309.png,https://api.cdn.visitjeju.net/photomng/thumbnailpath/202506/16/1f380d6a-b518-4646-9b8d-8b8d4ddcd99f.png,"['크리스마스', ' 빌리지', ' 성탄절', ' 연휴', ' 마켓', ' 플리마켓', ' 포토존', ' 부스', ' 공연', ' 겨울', ' 축제', ' 연말', ' 야외관광지', '공용주차장', '현금결제', '화장실', '무료 WIFI', '', '단독접근가능', '장애인 화장실', '쉬움', '실내+실외', '하', '체험', '공연/전시', '크리스마스 마켓', '3시간 이상']"
CNTS_200000000012137,낙천아홉굿마을 의자공원,제주특별자치도 제주시 한경면 낙수로 97,천 개의 의자가 있는 낙천아홉굿 의자공원은 올레 13코스를 지나는 곳에 위치하고있어 사람들의 발길이 머무는 곳이다. 엘리베이터가 있는 전망대까지 오픈을 하여 시원한 풍경을 감상할 수 있게 되었다. 9개의 샘이 있어 아홉굿마을이라 불리는 낙천리의 의자공원을 소개한다.,33.3280452,126.2270023,064-773-1946,region1,제주시,14,한경,낙천아홉굿마을 의자공원,2019022583408,https://api.cdn.visitjeju.net/photomng/imgpath/202110/19/8ee50143-f00c-4991-bfee-0c10a0d0f37e.JPG,https://api.cdn.visitjeju.net/photomng/thumbnailpath/202110/19/d3d1a342-0f2d-4582-9171-b0c63786f446.JPG,"['부모', '커플', '혼자', '친구', '아이', '맑음', '흐림', '경관/포토', '휴식/힐링', '테마공원', '체험관광', '사계절', '청년', '중/장년', '노년', '휴식/치유', '체험', '마을산책', '마을관광', '포토스팟', '어린이', '언택트', '어트랙션', '자연경관']"
CNTS_200000000007534,고살리숲길,제주특별자치도 서귀포시 남원읍 하례리 산 54-2,하례 2리 마을의 상징으로서 연중 물이 고이고 흐르는 계곡에 나무들이 조화를 이루는 숲길,33.316488643194226,126.59754091065065,064-733-8009,region2,서귀포시,21,서귀포시내,고살리숲길,2018052306097,https://api.cdn.visitjeju.net/photomng/imgpath/201809/21/60de58c6-b51c-4143-912b-1f85f5eb6830.jpg,https://api.cdn.visitjeju.net/photomng/thumbnailpath/201809/21/7348c336-464e-4da6-b00b-d5f7fc32c43f.jpg,"['친구', '혼자', '맑음', '걷기/등산', '트레킹', '계곡', '자연경관', '체험', '도보여행', '도보', '숲', '숲길', '언택트', '물놀이', '공용주차장', '실외', '하', '등산', '숲길 탐방', '1시간 미만']"
CNTS_000000000022069,법화사,제주특별자치도 서귀포시 하원북로 35번길 15-28,제주 천년고찰의 법화사이다.,33.265095,126.45783,064-738-5225,region2,서귀포시,21,서귀포시내,법화사,12713,https://api.cdn.visitjeju.net/photomng/imgpath/201804/30/2ef3e208-ddb0-4042-b60c-de40d9790e4a.jpg,https://api.cdn.visitjeju.net/photomng/thumbnailpath/201804/30/c328aa17-2fa3-422f-9678-789b2a81f020.jpg,"['문화유적지', '문화관광', '역사유적']"
CNTS_200000000009865,라온주 실내체험동물원,제주특별자치도 제주시 한림읍 월림7길 155,"더마파크 안에 자리한 라온주(ZOO)는 포유류와 파충류, 조류, 어류에 이르기까지 전 세계의 다양한 동물을 만나는 실내체험동물원이다. 약 50여 종의 동물들이 있으며 실내 공간이기 때문에 비가 오거나 날씨가 궂은 날에도 언제든 관람이 가능하다. ",33.3555222,126.2420266,064-795-1332,region1,제주시,13,한림,라온주 실내체험동물원,2019022569264,https://api.cdn.visitjeju.net/photomng/imgpath/202002/21/9e536f1f-d302-474a-9d95-3b0f8f91bad6.JPG,https://api.cdn.visitjeju.net/photomng/thumbnailpath/202002/21/69470fdf-9472-448e-9bb9-52d328874206.JPG,"['아이', '테마공원', '카드결제', '현금결제', '실내관광지', '체험', '어린이', '어트랙션', '어린이동물농장']"
CNTS_300000000013383,포도뮤지엄,제주특별자치도 서귀포시 안덕면 산록남로 788,다양성을 존중하고 서로의 생각을 공유하는 열린 문화공간 전시관,33.3189378,126.386235,064-794-5115,region2,서귀포시,23,안덕,포도뮤지엄,2019022648271,https://api.cdn.visitjeju.net/photomng/imgpath/202412/11/74c2fd39-7287-4eed-875c-2a331ccba8dc.jpg,https://api.cdn.visitjeju.net/photomng/thumbnailpath/202412/11/5758e289-059c-4879-b354-2299ede6f0b6.jpg,"['#제주전시 #제주박물관 #포도뮤지엄 #제주포도뮤지엄 #어쩌면아름다운날들 #제주가볼만한곳 #제주실내 #제주실내추천', '공용주차장', '현금결제', '카드결제', '화장실', '실내', '하', '공연/전시', '1시간 미만']"
CONT_000000000500011,가마오름,제주특별자치도 제주시 한경면 청수서5길 63,제주의 아픈 역사를 간직한 가마오름,33.3056558,126.24933799999997,,region1,제주시,14,한경,Gama Oreum Volcanic Cone,16962,https://api.cdn.visitjeju.net/photomng/imgpath/201804/30/cbeb6965-95e1-40d8-821f-5cd4e0763e5b.jpg,https://api.cdn.visitjeju.net/photomng/thumbnailpath/201804/30/8cc1bf8e-3ff7-4644-b3a6-f1576ad3bc09.jpg,"['오름', '걷기/등산', '아주 어려움', '자연경관', '도보여행', '도보']"
CNTS_000000000020607,아라리오뮤지엄동문모텔1,제주특별자치도 제주시 산지로 37-5,국내외 현대미술품들을 소개하고 관람객들과 예술적 경험을 함께 향유하는 컨템포러리 아트뮤지엄,33.513565,126.52853,064-720-8202,region1,제주시,11,제주시내,아라리오뮤지엄동문모텔1,9090,https://api.cdn.visitjeju.net/photomng/imgpath/201804/30/bbb5350d-496a-42d0-98f3-a8d7bc0f48fe.gif,https://api.cdn.visitjeju.net/photomng/thumbnailpath/201804/30/6a40ac56-7942-4ceb-b455-0f7717957857.gif,"['실내', '미술/박물관', '비.눈', '겨울', '현금결제', '카드결제', '화장실', '무료 WIFI', '음료대', '유도 및 안내시설', '경보 및 피난시설', '엘리베이터', '승강기', '아주 어려움', '실내관광지', '문화관광', '어트랙션', '무장애관광']"
CNTS_300000000012725,해피애견놀이방,제주특별자치도 제주시 오라로1길 20-9,해피애견은 홀로 있는 강아지들의 외롭거나 스트레스를 받는 강아지들을 위해 만든 곳이다.,33.498056,126.5079461,064-744-2702,region1,제주시,11,제주시내,해피애견놀이방,2019022621708,https://api.cdn.visitjeju.net/photomng/imgpath/202308/23/b9bfbe2a-7ce4-4995-aee4-c85661efc0d6.jpg,https://api.cdn.visitjeju.net/photomng/thumbnailpath/202308/23/7abd504b-81ba-42bd-84f2-07dc0b080038.jpg,"['애견놀이터', '반려동물', '반려동물동반입장', '혼저옵서개', '반려동물동반_기타체험', '공용주차장', '화장실']"
CNTS_000000000022556,제주해양사업단,제주특별자치도서귀포시대정읍최남단해안로 130,물 맑기로 유명한 제주의 하모해수욕장에서 다양한 수상 레저활동을 제공한다.,33.207684,126.2912,010-2980-5105,region2,서귀포시,22,대정,Hamo Sea Walking,15325,https://api.cdn.visitjeju.net/photomng/imgpath/201804/30/b1b38de2-8978-4ed3-9f2a-60dd37939c30.jpg,https://api.cdn.visitjeju.net/photomng/thumbnailpath/201804/30/e3dc2aa0-5cb0-491a-9dd0-3637dd23ac0d.jpg,"['해수욕장', '액티비티', '친구', '커플', '맑음', '체험', '레저/체험', '해변', '물놀이', '수상레저', '어트랙션']"
CNTS_300000000013100,영락리방파제,제주특별자치도 서귀포시 대정읍 무릉리 3783-3, 돌고래를 만나는 경이로운 순간... ‘영락리방파제’,33.253243454949946,126.19403540157474,,region2,서귀포시,22,대정,영락리방파제,2019022636523,https://api.cdn.visitjeju.net/photomng/imgpath/202407/23/48b13861-4a11-47b7-96ed-b5d78f5dd1f4.jpg,https://api.cdn.visitjeju.net/photomng/thumbnailpath/202407/23/145600c4-12e4-439e-9b88-26004feb6fd7.jpg,"['제주도', '제주여행', '우영우', '돌고래', '제주돌고래스팟', '대정읍', '제주일몰', '일몰']"
CNTS_200000000013598,제주베스트힐,제주특별자치도 제주시 조천읍 남조로 2109-38,맑고 깨끗한 원시림 곶자왈에서 자연에 동화되어가는 자신을 발견할 수 있는 공간,33.4276176,126.6665803,01072721888,region1,제주시,15,조천,제주베스트힐,2019022602527,https://api.cdn.visitjeju.net/photomng/imgpath/202207/07/53df3f0f-46fe-413e-9aa0-d708833a2e4a.jpg,https://api.cdn.visitjeju.net/photomng/thumbnailpath/202207/07/2fe4b601-7a9f-4167-a7b4-ccea2b6ce2dc.jpg,"['관광지', '안전여행스탬프', '레저/체험', '야영장', '오름', '오름투어', '도보', '도보여행']"
CNTS_200000000008211,굿다이버,제주특별자치도 서귀포시 중산간서로 41 (강정동) ,서귀포에 있는 스쿠버 다이빙 센터,33.2615636,126.49446999999998,064-762-7677,region2,서귀포시,21,서귀포시내,굿다이버,2018052312691,https://api.cdn.visitjeju.net/photomng/imgpath/201902/08/c8a13493-4309-4419-9195-92b2a082111a.jpg,https://api.cdn.visitjeju.net/photomng/thumbnailpath/201902/08/6f9edf03-74fe-416e-b709-294657ea8605.jpg,"['스쿠버다이빙', ' 해양레저', ' 체험', ' 액티비티', '공용주차장', '현금결제', '카드결제', '화장실', '무료 WIFI', '유도 및 안내시설', '', '영어', '010-4051-6867', '쉬움', '실내+실외', '하', '해양스포츠', '체험', 'PADI OWD ~ PADI IDC 까지 진행 가능 ', '2~3시간', '해양레저', '액티비티', '레저/체험', '수상레저', '어트랙션']"
CNTS_000000000022879,천제연폭포 & 제주4.3중문면희생자위령비,제주특별자치도 서귀포시 천제연로 132,천제연폭포 & 제주4.3중문면희생자위령비,33.252678,126.41844,--,region2,서귀포시,24,중문,천제연폭포 & 제주4.3중문면희생자위령비,16789,https://api.cdn.visitjeju.net/photomng/imgpath/201804/30/c27874ac-8c64-4528-a7d0-e2044ade5d40.jpg,https://api.cdn.visitjeju.net/photomng/thumbnailpath/201804/30/d5d962dd-e2f1-47f9-88b7-fbe355f95b6e.jpg,"['4.3', '문화유적지', '친구', '커플', '흐림', '문화관광', '제주4.3', '역사유적', '어트랙션']"
CNTS_200000000009773,제주아트센터,제주특별자치도 제주시 오남로 231,2010년 5월에 개관된 제주아트센터는 제주도 최대규모의 객석과 다양한 장르의 공연도 완벽히 지원할 수 있는 장비를 고루 갖춘 전문 공연장이다.,33.4751552,126.5155061,064-728-1509,region1,제주시,11,제주시내,제주아트센터,2019022568982,https://api.cdn.visitjeju.net/photomng/imgpath/202002/14/657329b6-2794-4412-8275-041abc86a3c3.jpg,https://api.cdn.visitjeju.net/photomng/thumbnailpath/202002/14/05dd682c-fbfc-412b-9027-0f400bf48e0c.jpg,"['공연장', ' 제주시', ' 대극장', ' 공연', ' 뮤지컬', ' 연극', '공용주차장', '현금결제', '카드결제', '화장실', '흡연구역', '유도 및 안내시설', '경보 및 피난시설', '엘리베이터', '쉬움', '공연/전시', '제주시', '대극장', '공연', '뮤지컬', '연극', '실내관광지', '문화관광', '어트랙션']"
CONT_000000000500436,에버리스 골프리조트,제주특별자치도 제주시 애월읍 평화로 1693-75,"오름, 바다, 돌, 바람, 억새 등 제주의 자연을 담은 코스",33.37819,126.36217,064-795-5000,region1,제주시,12,애월,에버리스 골프리조트,2019022560534,https://api.cdn.visitjeju.net/photomng/imgpath/201908/21/4ca022a7-3feb-4bcb-b89e-39801cb70601.jpg,https://api.cdn.visitjeju.net/photomng/thumbnailpath/201908/21/ac1b02e5-6688-4b00-a857-94c7bb121c64.jpg,"['골프', '액티비티', '공용주차장', '현금결제', '카드결제', '화장실', '무료 WIFI', '흡연구역', '편의점', '음료대', '유도 및 안내시설', '경보 및 피난시설', '아주 어려움', '체험', '레저/체험', '숙소', '리조트', '어트랙션']"
CNTS_200000000010335,물뫼힐링팜,제주특별자치도 제주시 애월읍 예원로 51,"물뫼힐링팜은 제주시 애월읍 수산리에 위치하며, 지역명인 수산(물 수, 뫼 산)에서 붙여진 명칭이다.",33.4642262,126.3966261,"010-7236-0227, 010-8703-2478",region1,제주시,12,애월,물뫼힐링팜,2019022619994,https://api.cdn.visitjeju.net/photomng/imgpath/202307/26/0c003e84-8a1d-4a28-b339-1f79962cd435.jpg,https://api.cdn.visitjeju.net/photomng/thumbnailpath/202307/26/8e619a8e-f05e-4bd4-a02e-7a1fa4b78cf0.jpg,"['수산리', '자연경관', '체험', '마을관광', '웰니스', '어트랙션', '러닝홀리데이인제주', '3시간 이상']"
CNTS_300000000012748,이도씨동물의료센터,제주특별자치도 서귀포시 신서귀로97번길 51,이도씨동물의료센터는 서귀포시에 위치한 병원이다.,33.2539899,126.5070093,064-739-2070,region2,서귀포시,21,서귀포시내,이도씨동물의료센터,2019022622193,https://api.cdn.visitjeju.net/photomng/imgpath/202308/29/aa776aa4-53ab-4a23-98d1-8e7e293483c8.jpg,https://api.cdn.visitjeju.net/photomng/thumbnailpath/202308/29/4a52e2b5-0e9b-4f55-baee-03905548c10f.jpg,"['반려동물병원', '반려동물', '반려동물동반입장', '혼저옵서개', '반려동물동반_기타체험', '공용주차장', '화장실', '무료 WIFI', '유도 및 안내시설', '경보 및 피난시설', '엘리베이터']"
CNTS_200000000015141,편백포레스트,제주특별자치도 서귀포시 남원읍 서성로 544-97,편백나무 숲에서 만나는 귀여운 흑염소,33.3176598,126.6598379,064-805-5099,region2,서귀포시,25,남원,편백포레스트,2019022618001,https://api.cdn.visitjeju.net/photomng/imgpath/202306/20/a0b96d1d-04c2-46a9-9479-5ff95d231936.jpg,https://api.cdn.visitjeju.net/photomng/thumbnailpath/202306/20/579204ea-7e8e-4c8d-aac9-04b507db5096.jpg,"['서귀포', ' 남원', ' 흑염소', ' 목장', ' 농장', '실외', '하', '2~3시간']"
CNTS_300000000012897,칠십리 음식특화거리  ,제주특별자치도 서귀포시 서귀동 70,서귀포를 대표하는 맛있는 음식이 가득한 거리,33.2443044,126.5690477,,region2,서귀포시,21,서귀포시내,칠십리음식특화거리,2019022629574,https://api.cdn.visitjeju.net/photomng/imgpath/202312/21/e71ffd0f-1572-4acf-a0c6-fb583cd1d741.jpg,https://api.cdn.visitjeju.net/photomng/thumbnailpath/202312/21/4195af0c-850e-43e1-b15a-694200fe3fee.jpg,"['서귀포', ' 음식특화거리', ' 먹거리']"
CNTS_300000000012724,퓸퓸몽,제주특별자치도 제주시 신설로2길 5-17,"퓸퓸몽은 소형, 중형, 대형견뿐만 아니라 특수견종까지 다양한 서비스를 받을 수 있는 곳이다.",33.4954928,126.542568,,region1,제주시,11,제주시내,퓸퓸몽,2019022621698,https://api.cdn.visitjeju.net/photomng/imgpath/202308/23/852df9dd-d89c-4327-a553-491f182b090f.jpg,https://api.cdn.visitjeju.net/photomng/thumbnailpath/202308/23/3a2687d7-343d-45e8-bde6-91ed8eebefbe.jpg,"['애견유치원', '애견호텔', '애견미용실', '반려동물', '반려동물동반입장', '혼저옵서개', '반려동물동반_기타체험', '공용주차장', '유도 및 안내시설']"
CNTS_200000000015182,런닝맨,제주특별자치도 서귀포시 중문관광로 42,인기 예능프로그램의 주인공이 되는 체험,33.254854,126.4092614,064-805-0888,region2,서귀포시,24,중문,런닝맨,2019022617640,https://api.cdn.visitjeju.net/photomng/imgpath/202306/18/38cb4a51-5bf0-469d-88ae-577ddb203347.jpg,https://api.cdn.visitjeju.net/photomng/thumbnailpath/202306/18/70c090d9-c77d-4d87-8826-0174e0d9ab0c.jpg,"['서귀포', ' 중문', ' 이색체험', ' 런닝맨', '실내+실외', '하', '1~2시간']"
CNTS_000000000019654,해품은체험농장,제주특별자치도 서귀포시 성산읍 서성일로 1078-14,청정제주의 깨끗한 자연에서 감귤을 정성껏 재배하고 있는 체험형 감귤농장입니다.,33.443462,126.89263,070-8871-2098,region2,서귀포시,17,성산,Haepoom Farm,5900,https://api.cdn.visitjeju.net/photomng/imgpath/201804/30/a41b70fc-b8de-414d-bc96-09efb009c770.png,https://api.cdn.visitjeju.net/photomng/thumbnailpath/201804/30/74007d43-0c3b-41fc-8a78-bea26f3a553b.png,"['부모', '친구', '아이', '체험관광', '맑음', '공용주차장', '체험', '어린이', '어트랙션']"
CNTS_300000000015834,금당목장ATV,제주특별자치도 서귀포시 안덕면 신화역사로685번길 13-16,푸른 초원을 달리는 짜릿한 ATV 체험,33.3141358,126.3581406,064-792-7200,region2,서귀포시,23,안덕,금당목장ATV,2019022617509,https://api.cdn.visitjeju.net/photomng/imgpath/202306/16/d6d7228a-5a06-4b30-a288-5719dc312ead.jpg,https://api.cdn.visitjeju.net/photomng/thumbnailpath/202306/16/104572b1-0fb9-4119-a5c9-9a13081b4c06.jpg,"['커플', '친구', '맑음', '체험관광', '액티비티', ' 서귀포', ' 안덕면', ' 사계리', ' ATV', ' 버기카', ' 목장', '실외', '중', '1시간 미만']"
CNTS_200000000009833,제주햇살농원,제주특별자치도 제주시 조천읍 북선로 189,"제주의 세계자연유산인 거문오름, 람사르습지인 동백동산, 함덕서우봉해변 등 명소 인근에서 따뜻한 햇살과 정성으로 유기농감귤를 재배하고 있는 감귤농장",33.4777041,126.7135515,010-6789-7933,region1,제주시,15,조천,제주햇살농원,2019022569104,https://api.cdn.visitjeju.net/photomng/imgpath/202002/18/fc433000-4879-40f9-83cc-e4da181bf259.jpg,https://api.cdn.visitjeju.net/photomng/thumbnailpath/202002/18/6023b24d-0481-4b1f-9524-474f503c7020.jpg,"['감귤농장', ' 체험농장', ' 감귤', '공용주차장', '무료 WIFI', '카드결제', '현금결제', '실내+실외', '하', '체험', '체험농장', '감귤', '자연경관', '어트랙션']"
CNTS_000000000022173,제주 더팔팔농장,제주특별자치도 서귀포시 성산읍 독자봉로60번길 20,"무화과, 한라봉, 레몬, 알로에 등을 하우스재배하고 있는 체험 농장",33.38571,126.871056,010-9896-3615,region2,서귀포시,17,성산,JEJU THE 88 FARM,13201,https://api.cdn.visitjeju.net/photomng/imgpath/201804/30/89879137-8d83-430b-85bb-ffef19786a88.jpg,https://api.cdn.visitjeju.net/photomng/thumbnailpath/201804/30/ed1477be-9005-4734-9177-e4401e541fdb.jpg,"['커플', '친구', '아이', '체험관광', '실내', '부모', '혼자', '체험', '어린이', '어트랙션', '공용주차장', '화장실']"
CNTS_200000000013506,해빛,제주특별자치도 제주시 조천읍 신촌9길 8,"스테인드글래스 공방으로 유리 조명, 썬캐쳐, 각종 소품을 판매하고 원데이 클래스를 운영하는 제주 신촌리에 있는 작은 공방",33.5353203,126.6222901,0507-1346-7101,region1,제주시,15,조천,해빛,2019022601566,https://api.cdn.visitjeju.net/photomng/imgpath/202206/13/af6d763e-8032-41c6-acdf-aa28d6bc1cce.JPG,https://api.cdn.visitjeju.net/photomng/thumbnailpath/202206/13/efeed2f7-337f-4b49-ade9-8658a7260bd5.JPG,"['기념품', '상점/상가', '체험', '힐링', '관광지', '유리공방', ' 이색체험', ' 러닝홀리데이인제주', '공용주차장', '현금결제', '카드결제', '화장실', '무료 WIFI', '', '어려움', '실내', '하', '원데이클래스 및 소품 구입', '2~3시간']"
CONT_000000000500027,개오리오름,제주특별자치도 제주시 봉개동,KBS 송신탑이 자리한 개오리오름,33.42232463212309,126.61737574118649,,region1,제주시,11,제주시내,Gaeori Oreum Volcanic Cone ,17033,https://api.cdn.visitjeju.net/photomng/imgpath/201804/30/d51d672c-21bd-454b-96cf-825847093a49.jpg,https://api.cdn.visitjeju.net/photomng/thumbnailpath/201804/30/003e10e2-a286-4620-9b8d-1aa1da56628f.jpg,"['커플', '친구', '맑음', '오름', '자연경관', '도보여행', '도보', '아주 어려움']"
CNTS_200000000014450, 브랭섬홀아시아 아이스링크,제주특별자치도 서귀포시 대정읍 글로벌에듀로 234(3번게이트),제주 최초 국제 규격 실내 아이스링크장,33.291267,126.2885061,064-900-1212,region2,서귀포시,22,대정, 브랭섬홀아시아 아이스링크,2019022636570,https://api.cdn.visitjeju.net/photomng/imgpath/202407/23/e88a2515-c1f6-4d37-95f1-6a47c7ff2537.jpg,https://api.cdn.visitjeju.net/photomng/thumbnailpath/202407/23/a88b52b3-2d39-4c89-a14d-7b1a152d084b.jpg,"['제주', '제주도', '아이스링크', '스케이트장', '스케이트', '실내스케이트', '실내아이스링크', '제주아이스링크', '여름', '제주여름', '현금결제', '카드결제', '화장실', '유도 및 안내시설', '', '영어', '어려움', '실내', '하', '체험', '자유스케이팅', '2~3시간']"
CNTS_200000000010696,한화리조트 테라피센터,제주특별자치도 제주시 명림로 575-107 한화리조트 로비층 지하,"제주시 동쪽 중산간 지역으로 공기와 풍광 좋은 아름다운 곳에 한화리조트가 있다. 리조트가 운영하는 테라피센터는 일반적인 리조트의 사우나와는 사뭇 다른 힐링과 치유 위주의 시설을 갖추고 있다. 
",33.4489935,126.637412,064-786-1300,region1,제주시,11,제주시내,한화리조트 테라피센터,2019022574472,https://api.cdn.visitjeju.net/photomng/imgpath/202010/07/3bf283df-4294-4142-b211-91de096db263.JPG,https://api.cdn.visitjeju.net/photomng/thumbnailpath/202010/07/92fcee53-fa99-4262-a2f7-ed724e731f9b.JPG,"['스파', ' 힐링', '', '힐링', '숙소', '리조트', '어트랙션']"
CNTS_000000000022846,연미마을(오라리 방화사건 현장),제주특별자치도 제주시 오라이동 1948-2,4·28 평화협상 사흘만인 5월 1일 벌어진 오라리 방화사건,33.487057,126.50736,--,region1,제주시,11,제주시내,연미마을(오라리 방화사건 현장),16725,https://api.cdn.visitjeju.net/photomng/imgpath/201804/30/8943e671-5101-4a8d-8a3a-e5a6b6de606c.jpg,https://api.cdn.visitjeju.net/photomng/thumbnailpath/201804/30/f6dc3dde-1c49-48d4-83fb-7c72e3b735cd.jpg,"['4.3', '문화유적지', '문화관광', '제주4.3', '역사유적', '마을산책', '마을관광', '어트랙션']"
CNTS_200000000010013,제주아리랑 NEW 혼,제주특별자치도 서귀포시 표선면 번영로 2564-21,"2018 평창동계올림픽 공식 초청 작품으로 신명나는 제주아리랑과 환장적인 태권뮤지컬, 두드림, 한국무용을 감상할 수 있다.",33.4034064,126.7794495,064-787-2258,region2,서귀포시,26,표선,제주아리랑,2019022570221,https://api.cdn.visitjeju.net/photomng/imgpath/202004/08/a542d1a6-dddb-4f09-a200-02fce2cd5d8d.JPG,https://api.cdn.visitjeju.net/photomng/thumbnailpath/202004/08/54c48d39-76ff-4b27-a951-b88505942a54.JPG,"['공연', '태권도', '실내관광지', '체험', '문화관광', '어트랙션', '무장애관광', '공용주차장', '현금결제', '카드결제', '화장실', '무료 WIFI', '흡연구역', '편의점', '유도 및 안내시설', '경보 및 피난시설', '', '단독접근가능', '장애인 화장실', '장애인 전용 주차장', '쉬움', '실내', '중', '공연/전시', '1시간 미만']"
CNTS_200000000008050,한라산소주공장,제주특별자치도 제주시 한림읍 한림로 555,"제주의 대표 주류인 한라산 소주에 대한 역사와 제조 공정, 시음 등을 즐길 수 있다.",33.4073649,126.2563337,064-729-1958,region1,제주시,13,한림,한라산소주공장,2018052311835,https://api.cdn.visitjeju.net/photomng/imgpath/201812/21/e16ce3df-f722-4531-a24e-894878fbe277.JPG,https://api.cdn.visitjeju.net/photomng/thumbnailpath/201812/21/2c2bb4e0-a45c-4e4e-9913-381a176da233.JPG,"['한라산소주', '체험관광', '액티비티', '사게절', '실내', '실내관광지', '체험', '레저/체험', '언택트', '어트랙션', '럭셔리트래블인제주', '공용주차장', '2023_관광10선_가을']"
CONT_000000000500389,수월이못,제주특별자치도 서귀포시 대정읍 안성리 1747,힘 없는 마을사람들을 못살게 굴던 기생 수월의 집터를 깊게 파 빗물이 고여 이룬 못,33.258373,126.27856,064-794-2803,region2,서귀포시,22,대정,Suwolimot Pond,18772,https://api.cdn.visitjeju.net/photomng/imgpath/201804/30/0cae2963-a9cf-4312-92b7-9fff21d8b409.jpg,https://api.cdn.visitjeju.net/photomng/thumbnailpath/201804/30/8f39f37f-9e7a-4be2-b622-8fe9a415bf0c.jpg,"['문화유적지', '부모', '커플', '혼자', '친구', '아이', '휴식/힐링', '자연경관', '문화관광', '역사유적', '아주 어려움']"
CONT_000000000500263,붉은오름(성산읍),제주특별자치도 서귀포시 성산읍 섭지코지로 261,오름 전체가 붉은송이로 형성되어 있는 곳,33.426644768409055,126.93235366307374,064-782-2810,region2,서귀포시,17,성산,Buleun Oreum Volcanic Cone (Seongsan-eup),18070,https://api.cdn.visitjeju.net/photomng/imgpath/201804/30/7edfaee5-46b6-47b3-b311-ede7a5ab2181.jpg,https://api.cdn.visitjeju.net/photomng/thumbnailpath/201804/30/e8675b16-0aab-4510-8e48-cf13f13f9eec.jpg,"['부모', '커플', '친구', '혼자', '맑음', '오름', '유도 및 안내시설', '아주 어려움', '자연경관', '도보여행', '도보', '단풍']"
CNTS_000000000019350,우도 봉수대,제주특별자치도 제주시 우도면 연평리 798,우도의 바람을 느낄 수 있는 곳,33.524593,126.952644,064-728-1527,region3,섬 속의 섬,31,우도,Bongsudae Beacon Tower,5059,https://api.cdn.visitjeju.net/photomng/imgpath/201804/30/c8169250-41b3-4bdb-9624-379d84a96307.jpg,https://api.cdn.visitjeju.net/photomng/thumbnailpath/201804/30/49e414fa-fda0-47b6-9d79-9854aead1a12.jpg,"['문화유적지', '공용주차장', '문화관광', '역사유적']"
CNTS_300000000013693,길갈 팜 랜드,제주특별자치도 제주시 조천읍 남조로 1785-12,제주의 초원과 동물들이 반기는 체험 가득한 목장,33.4180631,126.6534847,,region1,제주시,15,조천,길갈 팜 랜드,2019022655644,https://api.cdn.visitjeju.net/photomng/imgpath/202508/20/cf567c14-6e31-4e3e-b978-34aa8a3014cd.jpg,https://api.cdn.visitjeju.net/photomng/thumbnailpath/202508/20/4e2566e9-2e7d-4633-8397-83e3a0697568.jpg,"['제주체험여행', ' 제주목창체험', ' 가족여행', ' 제주아이와가볼만한곳', ' 제주포토스팟']"
CNTS_000000000021530,사계항,제주특별자치도 서귀포시 안덕면 사계리,관광지와 가깝고 한적한 어촌마을 사계포구,33.237034,126.30206,--,region2,서귀포시,23,안덕,사계항,11497,https://api.cdn.visitjeju.net/photomng/imgpath/201804/30/8b17ce9d-7c23-4589-9b1f-975e064d4899.jpg,https://api.cdn.visitjeju.net/photomng/thumbnailpath/201804/30/2dd318df-7dca-4d7d-831d-eaddb5a5900a.jpg,"['문화유적지', '맑음', '역사유적', '공용주차장']"
CONT_000000000500518,장생의 숲길,제주특별자치도 제주시 명림로 584,숲의 다양한 모습과 풍경들을 보여주는 장생의 숲길,33.439373,126.62845,064-728-3631,region1,제주시,11,제주시내,Forest Road of Longevity,19384,https://api.cdn.visitjeju.net/photomng/imgpath/201804/30/c5bb20e3-5687-41fe-8525-ba595df90501.jpg,https://api.cdn.visitjeju.net/photomng/thumbnailpath/201804/30/3d6b83bb-56b0-4e09-a17f-d0195815a69b.jpg,"['숲길', '걷기/등산', '혼자', '흐림', '여름', '자연경관', '도보여행', '도보', '숲', '공용주차장', '화장실', '아주 어려움']"
CNTS_200000000015227,한형수정원,제주특별자치도 제주시 한림읍 옹포2길 44,한형수정원 테쉬폰 제주카페 꿈의 정원,33.3970388,126.2502546,064-796-3350,region1,제주시,13,한림,한형수정원,2019022612275,https://api.cdn.visitjeju.net/photomng/imgpath/202302/28/b09cf429-0cb6-4a84-899d-c6aeffe44790.jpg,https://api.cdn.visitjeju.net/photomng/thumbnailpath/202302/28/0821ef32-8784-46e4-a02b-61f1c5664e93.jpg,"['관광지', '테마공원', '힐링', '포토스팟', '자연경관', '공용주차장', '현금결제', '카드결제', '화장실', '무료 WIFI', '음료대', '유도 및 안내시설', '경보 및 피난시설', '', '어려움', '실내+실외', '하', '정원 및 테쉬폰 카페', '1~2시간']"
CONT_000000000500256,부영컨트리클럽,제주특별자치도 서귀포시 남원읍 남조로 960 부영CC,제주 푸른바다와 한라산이 조화로운 골프클럽,33.358353,126.71365,064-766-5500,region2,서귀포시,25,남원,Booyoung Country Club,18029,https://api.cdn.visitjeju.net/photomng/imgpath/201804/30/a52a6983-38a0-4238-ba4f-8bdfc6b4a77c.gif,https://api.cdn.visitjeju.net/photomng/thumbnailpath/201804/30/d14d6269-702e-418a-870c-861d33c2342c.gif,"['골프', '액티비티', '체험', '레저/체험', '어트랙션', '공용주차장', '현금결제', '카드결제', '화장실', '무료 WIFI', '흡연구역', '음료대', '유도 및 안내시설', '경보 및 피난시설', '아주 어려움']"
CNTS_300000000012946,제주홀릭뮤지엄,제주특별자치도 제주시 애월읍 평화로 2835 (광령리) 제주홀릭뮤지엄,"제주도를 상징하는 대표적인 컨텐츠를 라이트 미디어 아트, 팝업 전시, 설치미술, 체험 등 다양하게 꾸며놓은 국내 유일의 지역 컨텐츠 전시 공간",33.4034138,126.4508866,064-745-7455,region1,제주시,12,애월,제주홀릭뮤지엄,2019022636775,https://api.cdn.visitjeju.net/photomng/imgpath/202407/24/b3007132-ce3c-4d10-8885-94d47047abef.jpg,https://api.cdn.visitjeju.net/photomng/thumbnailpath/202407/24/7c654eae-73c0-4c15-b1c9-c52282dda43c.jpg,"['제주', '제주관광', '제주도', '미디어아트', '실내아트', '미술관', '박물관', '제주박물관', '현대미술', '미술', '공용주차장', '현금결제', '카드결제', '화장실', '편의점', '유도 및 안내시설', '경보 및 피난시설', '', '영어', '중국어', '어려움', '실내+실외', '중', '체험', '유아시설', '공연/전시', '전시 체험']"
CONT_000000000500627,최영장군사당,제주특별자치도 제주시 추자면 대서3길 10,추자도 사람들이 최영 장군의 은덕을 기리면서 한 해의 풍어를 기원하는 장소,33.964085,126.295525,064-728-2735,region3,섬 속의 섬,32,추차도,Shrine for General Choe Yeong,20050,https://api.cdn.visitjeju.net/photomng/imgpath/201804/30/ea6ce092-63a8-417e-943e-43ed542d01b9.jpg,https://api.cdn.visitjeju.net/photomng/thumbnailpath/201804/30/62c49b8e-de2c-4547-bb8a-adffcaf7fc80.jpg,"['문화유적지', '흐림', '가을', '자연경관', '문화관광', '역사유적', '어트랙션']"
CONT_000000000500608,지그리오름,제주특별자치도 제주시 조천읍 교래리 산 137-1,아담한 풀밭사면에 자연림으로 이루어진 오름,33.42250344241872,126.62957136668706,,region1,제주시,15,조천,Jigeuri Oreum (Jokeunjigeuri),19917,https://api.cdn.visitjeju.net/photomng/imgpath/201804/30/ae2d75a3-8479-445e-8ff1-ee43b0dbc095.jpg,https://api.cdn.visitjeju.net/photomng/thumbnailpath/201804/30/f0e838d3-8f6e-403e-8e73-4723be52dcdc.jpg,"['오름', '걷기/등산', '자연경관', '도보여행', '도보']"
CNTS_000000000022867,임문숙 가족 헛묘,제주특별자치도 서귀포시 안덕면 동광리 807-4,동광육거리 인근 밭에 조성된 희생자 9명의 헛묘,33.30914,126.340614,--,region2,서귀포시,23,안덕,임문숙 가족 헛묘,16767,https://api.cdn.visitjeju.net/photomng/imgpath/201804/30/c4c36e19-7142-4c97-9eef-d5c35e61d3db.jpg,https://api.cdn.visitjeju.net/photomng/thumbnailpath/201804/30/9d0c32e1-59b6-4f4f-9cf6-c5f5a2785731.jpg,"['4.3', '문화유적지', '문화관광', '제주4.3', '역사유적', '어트랙션']"
CNTS_000000000022009,건강장수마을 산양리 농어촌체험마을,제주시 한경면 중산간서로 3169,"건강한 밥상, 건강한 삶이 있는 건강장수마을",33.29395,126.23304,064-773-1950,region1,제주시,14,한경,건강장수마을 산양리 농어촌체험마을,12384,https://api.cdn.visitjeju.net/photomng/imgpath/201804/30/fb199b13-ca08-488d-a65c-25d4e3d38706.png,https://api.cdn.visitjeju.net/photomng/thumbnailpath/201804/30/abea7a79-fd1e-4963-88aa-885eeddccc91.png,"['체험관광', '아이', '흐림', '사계절', '체험', '마을산책', '마을관광', '어린이', '어트랙션']"
CNTS_300000000015885,토이레저,제주특별자치도 서귀포시 안덕면 동광로 267-7,어린이가 좋아하는 안덕면 레저체험장,33.3189962,126.3456767,010-4688-0764,region2,서귀포시,23,안덕,토이레저,2019022617980,https://api.cdn.visitjeju.net/photomng/imgpath/202306/20/f4ba55df-0d5e-42d0-96eb-13775281a6ed.jpg,https://api.cdn.visitjeju.net/photomng/thumbnailpath/202306/20/e1681d96-c7c8-474a-ad54-9768b0494bbd.jpg,"['서귀포', ' 안덕면', ' 동광리', ' ATV', ' 전동바이크', ' 깡통열차', ' 사격', '실외', '하', '1시간 미만']"
CNTS_200000000010754,솔담한방병원,제주특별자치도 제주시 1100로 3055,"솔담한방병원은 한의학과 의학의 장점만을 살린 전문적이고 체계적인 한방 • 양방 통합의료시스템을 갖춘 제주 유일의 한방병원입니다. 연면적 4300m 규모(지상 4층, 지하 1층)에 고주파 온열기, 고압산소챔버, 슬링등 최신 의료장비 및 80병상 규모의 입원실을 갖추고 있으며, 다양한 치료 프로그램을 제공하고 있습니다. 그 이외에도 한방 • 양방 전문 의료진과 쾌적한 실내외 휴게 및 주차 공간이 마련되어 있습니다.",33.4592031,126.4850328,064-746-1075,region1,제주시,11,제주시내,솔담한방병원,2019022632700,https://api.cdn.visitjeju.net/photomng/imgpath/202404/23/adf69f5a-1e4d-4905-acb4-f5b919908181.jpg,https://api.cdn.visitjeju.net/photomng/thumbnailpath/202404/23/47f6631e-7405-468e-bd46-55804ce82886.jpg,"['의료관광', '어트랙션', '무장애관광', '공용주차장', '현금결제', '카드결제', '화장실', '무료 WIFI', '흡연구역', '음료대', '유도 및 안내시설', '경보 및 피난시설', '', '일본어통역진료가능', '단독접근가능', '단차없음', '시각장애인 접근성', '장애인 화장실', '승강기', '장애인 전용 주차장', '쉬움', '실내']"
CNTS_200000000008074,심헌갤러리,제주특별자치도 제주시 아란14길 3,다양한 장르의 전시를 즐길 수 있는 문화공간,33.4261379,126.5626925,064-702-1003,region1,제주시,11,제주시내,심헌갤러리,2018052312018,https://api.cdn.visitjeju.net/photomng/imgpath/201812/26/aba0d6c2-4499-4d4e-bdfd-e2e72f0a3e8d.JPG,https://api.cdn.visitjeju.net/photomng/thumbnailpath/201812/26/336a9fa1-7fef-4930-b0f7-ac58d49d8a96.JPG,"['미술/박물관', '전시', '경관/포토', '실내', '실내관광지', '문화관광', '포토스팟', '어트랙션', '화장실']"
CNTS_200000000014305,댕댕샤워,제주특별자치도 제주시 애월읍 하귀9길 54-8,댕댕샤워는 애월읍 하귀리에 위치한 반려동물 미용실 및 유치원이다.,33.4845827,126.4155098,0507-1477-8596,region1,제주시,12,애월,댕댕샤워,2019022611079,https://api.cdn.visitjeju.net/photomng/imgpath/202212/15/59b6b56e-d4fd-474b-b45a-086e815433c1.jpg,https://api.cdn.visitjeju.net/photomng/thumbnailpath/202212/15/3e64e0c9-ea45-4f7b-9923-5098872fa246.jpg,"['애견미용실', '반려동물', '반려동물동반입장', '혼저옵서개', '반려동물동반_기타체험', '공용주차장', '화장실', '무료 WIFI']"
CNTS_300000000013063,현애원,제주특별자치도 서귀포시 성산읍 산성효자로114번길 131,사계절 꽃이 피는 곳이자 수국 명소로 유명한 정원,33.4559681,126.9084076,0507-1372-3240,region2,서귀포시,17,성산,현애원,2019022634216,https://api.cdn.visitjeju.net/photomng/imgpath/202406/26/bbd7f7e3-2f3c-4243-b508-9c9fa6c3c905.jpg,https://api.cdn.visitjeju.net/photomng/thumbnailpath/202406/26/c060048b-e713-421b-a36b-df46f43a101a.jpg,"['수국', ' 꽃', ' 정원', ' 숲', ' 힐링', ' 휴식', ' 연인', ' 가족', ' 아이', '공용주차장', '현금결제', '카드결제', '화장실', '무료 WIFI', '엘리베이터', '실내+실외', '하', '포토스팟', '산책로', '1시간 미만']"
CNTS_200000000010193,김서프제주,제주특별자치도 서귀포시 색달로81번길 39,제주도에서 가장 아름다운 중문색달해변에서 진행되는 서핑강습! ,33.2486522,126.4124374,064-739-6355,region2,서귀포시,21,서귀포시내,김서프제주,2019022570557,https://api.cdn.visitjeju.net/photomng/imgpath/202005/26/2be55847-c683-4894-ad33-f60807a4a415.jpeg,https://api.cdn.visitjeju.net/photomng/thumbnailpath/202005/26/545bfc3f-2cde-4567-a886-7c74b2ed677c.jpeg,"['서핑', ' 중문', ' 해양스포츠', '공용주차장', '현금결제', '카드결제', '화장실', '무료 WIFI', '흡연구역', '편의점', '네이버예약', ' 네이버 스마트스토어', '영어', '', '어려움', '실외', '중', '2~3시간', '중문', '해양스포츠', '체험', '수상레저', '레저/체험', '어트랙션']"
CNTS_300000000013152,워터월드,제주특별자치도 서귀포시 월드컵로 21, '세상의 모든 물' 을 모아 놓은 제주 최대의 워터레저파크,33.2464668,126.5090074,064-739-1930,region2,서귀포시,21,서귀포시내,워터월드,2019022638708,https://api.cdn.visitjeju.net/photomng/imgpath/202408/20/e6659df2-a33d-47bc-a332-a9889039906b.jpg,https://api.cdn.visitjeju.net/photomng/thumbnailpath/202408/20/45b016c4-7bbf-4d80-8f94-ff74c833e450.jpg,"['제주도', ' 제주여행', ' 제주카페', ' 미디어아트', ' 제주미디어아트', ' 서귀포가볼만한곳', ' 서귀포월드컵경기장', ' 제주놀거리', ' 제주테마파크', '현금결제', '카드결제', '아주 어려움', '실내', '하', '공연/전시', '포토스팟', '2~3시간']"
CNTS_000000000019979,김녕사굴,제주특별자치도 제주시 구좌읍 덕천리 201-4,"만장굴과 함께 천연기념물 제98호로 지정, 세계문화유산 등록. [제주 김녕굴 및 만장굴] 천연기념물 제98호(1962.12.03 지정)  
※ 공개제한
· 제주시 구좌읍 김녕리
· 천연기념물 제98호
· 세계자연유산 선정지역",33.5011366,126.77422490000004,064-783-5412,region1,제주시,16,구좌,Gimnyeong Caves,6799,https://api.cdn.visitjeju.net/photomng/imgpath/201804/30/a1c37584-fcd7-40e7-8dab-5d624adf9d27.jpg,https://api.cdn.visitjeju.net/photomng/thumbnailpath/201804/30/b7e0f2f5-73d7-462b-9f56-283eda2c2b0e.jpg,"['동굴', '문화유적지', '자연경관', '문화관광', '역사유적', '아주 어려움']"
CNTS_200000000007661,맛있는 철학자(태반의땅제주),제주특별자치도 서귀포시 토평로50번길 31,다양한 감귤가공체험 및 교육농장체험이 가능한 곳,33.2844099,126.5796743,064-732-8885,region2,서귀포시,21,서귀포시내,맛있는 철학자,2019022559566,https://api.cdn.visitjeju.net/photomng/imgpath/201908/12/7b6191ee-e924-4fb4-a7c5-b40f5c689b0a.jpg,https://api.cdn.visitjeju.net/photomng/thumbnailpath/201908/12/d7c6e306-cdc4-4684-b1ed-8e2e4f4fa619.jpg,"['친구', '아이', '사계절', '체험관광', '6차산업', '어린이', '어트랙션']"
CNTS_300000000015859,비고르서프,제주특별자치도 서귀포시 안덕면 형제해안로 70,한적한 사계리 바다에서 만끽하는 서핑,33.2258399,126.2998288,0507-1446-4801,region2,서귀포시,23,안덕,비고르서프,2019022617714,https://api.cdn.visitjeju.net/photomng/imgpath/202306/19/d40d6476-4bf5-42a6-bbb6-99238e84d2aa.jpg,https://api.cdn.visitjeju.net/photomng/thumbnailpath/202306/19/508f890d-fa1c-414b-a933-403b2f2fd321.jpg,"['서귀포', ' 안덕면', ' 사계리', ' 서핑', ' 이색체험', '실외', '중', '3시간 이상']"
CNTS_000000000019090,묵리해안쉼터,제주특별자치도 제주시 추자면 추자로 376-6,묵리 해안가에 있는 작은 쉼터,33.9449269,126.312162,--,region1,제주시,11,제주시내,Mukri Coast Rest Area,4295,https://api.cdn.visitjeju.net/photomng/imgpath/201804/30/2d452cff-18ab-4fc2-983f-13d0c0debb44.jpg,https://api.cdn.visitjeju.net/photomng/thumbnailpath/201804/30/2528ae0a-aea9-40ab-8716-5e5cfff1549f.jpg,"['해변', '문화유적지', '문화관광', '역사유적', '어트랙션']"
CONT_000000000500599,존자암지,제주특별자치도 서귀포시 영실로 243,제주도 서귀포시 하원동 볼래오름 기슭에 있는 옛 사찰 존자암의 자리,33.3402,126.47921,064-749-1414,region2,서귀포시,21,서귀포시내,Jonjaam Hermitage Site,19879,https://api.cdn.visitjeju.net/photomng/imgpath/201804/30/524dd81e-1b29-4bb3-8947-5dd421c51d44.jpg,https://api.cdn.visitjeju.net/photomng/thumbnailpath/201804/30/bff2924c-bd0a-41d2-a164-9496241907dc.jpg,"['문화유적지', '맑음', '자연경관', '문화관광', '역사유적', '단풍', '공용주차장', '음료대', '유도 및 안내시설', '경보 및 피난시설']"
CNTS_300000000012742,아라i동물병원,제주특별자치도 제주시 인다6길 45,아라아이동물병원은 까리따스 유치원 뒤편에 위치한 동물병원이다.,33.4751932,126.5480201,064-753-7575,region1,제주시,11,제주시내,아라i동물병원,2019022622121,https://api.cdn.visitjeju.net/photomng/imgpath/202308/29/7ab69df2-2d2f-4263-81fb-7e94b0463a45.jpg,https://api.cdn.visitjeju.net/photomng/thumbnailpath/202308/29/4579d279-779b-41a0-9fef-aca88b2e7fa8.jpg,"['반려동물병원', '반려동물', '반려동물동반입장', '혼저옵서개', '반려동물동반_기타체험', '공용주차장', '화장실', '무료 WIFI', '경보 및 피난시설']"
CNTS_000000000019901,제주돌하르방캠핑장,제주특별자치도 제주시 한경면 낙수로 271-40,"제주 서쪽의 판포리를 지나 한경면 청수리에 위치한 제주 돌하르방 캠핑장. 
한경면에 위치하고 있어 바다의 염분과 습기가 닿지 않은 곳으로 
숲이 선사해 주는 맑고 쾌적한 공기와 함께 캠핑을 즐겨볼 수 있는 곳입니다.",33.323902,126.23916,070-4548-9705,region1,제주시,14,한경,제주돌하르방캠핑장,6503,https://api.cdn.visitjeju.net/photomng/imgpath/201804/30/9b423124-958a-475c-af70-33a2492469ef.jpg,https://api.cdn.visitjeju.net/photomng/thumbnailpath/201804/30/0bf2a3f8-ed73-4219-9b19-d780743ca74c.jpg,"['야영장', '캠핑장', '액티비티', '친구', '맑음', '여름', '체험', '레저/체험', '캠핑', '언택트', '어트랙션']"
CNTS_200000000009864,꿈바당 어린이도서관,제주특별자치도 제주시 연오로 140,"꿈바당 어린이 도서관은 원래 대통령이 제주도를 방문할 때 묵어가던 지방 공간이었다. 1984년 건립된 이후 전두환과 노태우, 김영삼 전 대통령이 총 11회에 걸쳐 이용했으며 1996년 경호시설에서 해제되면서 한때 제주도지사 관사로 사용되기도 했다. 2014년 도민 품으로 돌아온 건물은 여러 논의 끝에 2017년 꿈바당 어린이 도서관으로 새롭게 탈바꿈했다. ",33.480735,126.5002152,064-745-7101,region1,제주시,11,제주시내,꿈바당 어린이도서관,2019022569259,https://api.cdn.visitjeju.net/photomng/imgpath/202002/20/a7b89ea8-1d50-44eb-8322-6130fccf62e0.JPG,https://api.cdn.visitjeju.net/photomng/thumbnailpath/202002/20/379586d2-b1d1-49ff-b6c8-c61d0ae6261f.JPG,"['아이', '문화관광', '어린이', '어트랙션']"
CNTS_000000000022068,백제사,제주시 애월읍 광령남6길 54 백제사,자연친화적인 한국의 사찰문화를 체험할 수 있는 도량이다.,33.448807,126.42422,064-746-8009,region1,제주시,12,애월,백제사,12704,https://api.cdn.visitjeju.net/photomng/imgpath/201804/30/0b181426-b99f-4a34-a51d-7b8711057f40.png,https://api.cdn.visitjeju.net/photomng/thumbnailpath/201804/30/a09336c6-88ad-400f-8cf9-d46665fea168.png,"['실내', '문화유적지', '흐림', '맑음', '사계절', '문화관광', '역사유적', '어트랙션']"
CNTS_300000000012848,비케이브,제주특별자치도 제주시 조천읍 동백로 122,오마이걸 유아 숲의 아이 뮤직비디오 촬영지										,33.5084448,126.7200224,0507-1410-8022,region1,제주시,15,조천,비케이브,2019022624368,https://api.cdn.visitjeju.net/photomng/imgpath/202311/22/cbf39af2-6ac1-4ebf-9224-3f30c31e0f84.jpg,https://api.cdn.visitjeju.net/photomng/thumbnailpath/202311/22/7d2e0b06-b938-4c41-932f-b2a112109afa.jpg,"['조천', ' 뮤직비디오촬영지', ' 케이팝\t\t\t\t\t\t\t\t\t']"
CNTS_300000000012888,가시림,제주특별자치도 서귀포시 표선면 녹산로5번길 171 (가시리) ,애기동백과 황금 메타세쿼이어 등 4000평 규모의 4계절을 누릴 수 있는 수목원,33.3828211,126.7313785,070-4281-0686,region2,서귀포시,26,표선,가시림,2019022629608,https://api.cdn.visitjeju.net/photomng/imgpath/202312/27/6f0f659d-ade4-4051-9a44-576efdc78ee5.jpg,https://api.cdn.visitjeju.net/photomng/thumbnailpath/202312/27/c3411386-3972-4975-87c3-031066ad5ae2.jpg,"['포토스팟', ' 사진명소', ' 동백꽃', ' 감귤따기', ' 귤따기체험', ' 정원카페', '공용주차장', '현금결제', '카드결제', '화장실', '무료 WIFI', '음료대', '제주투어패스', '', '단독접근가능', '단차없음', '쉬움', '실내+실외', '하', '체험', '산책/명상/가든체험/카페', '1~2시간']"
CNTS_000000000018104,중문컨트리클럽,제주특별자치도 서귀포시 중문관광로72번길 60,계절마다 다른 느낌의 국내 최장 코스,33.2499853,126.4061879,064-735-7241,region2,서귀포시,24,중문,Jungmun Country Club,998,https://api.cdn.visitjeju.net/photomng/imgpath/201804/30/d8bb11da-e248-4370-88d5-796e27143879.jpg,https://api.cdn.visitjeju.net/photomng/thumbnailpath/201804/30/dae80504-7423-4d4b-9673-61e081313673.jpg,"['골프', '액티비티', '체험', '레저/체험', '어트랙션', '공용주차장', '현금결제', '카드결제', '화장실', '무료 WIFI', '흡연구역', '음료대', '유도 및 안내시설', '경보 및 피난시설', '장애인 전용 주차장', '아주 어려움', '무장애관광']"
CNTS_300000000012985,도토리숲 제주점,제주특별자치도 제주시 구좌읍 대천서길 16,스튜디오 지브리를 제주에서.... ‘도토리숲 제주점’,33.4361829,126.7331199,064-782-1325,region1,제주시,16,구좌,도토리숲 제주,2019022636468,https://api.cdn.visitjeju.net/photomng/imgpath/202407/23/aaca339b-5f0f-4e2b-a41c-3e36f0f7bcbd.jpg,https://api.cdn.visitjeju.net/photomng/thumbnailpath/202407/23/4f3a6f82-f633-49d4-a7b1-fbfbfda33c42.jpg,"['지브리', '지브리영화', '동화마을', '제주도', '제주영화', '토토로', '센과치히로', '하울', '공용주차장', '카드결제', '현금결제']"
CONT_000000000500534,제주 카카오캠핑,제주특별자치도 제주시 일주서로 7867,제주 캠핑장비 대여 렌탈 전문점 - 카카오캠핑,33.494053,126.487564,0507-1421-5515,region1,제주시,11,제주시내,Jeju Kakao Camping,19449,https://api.cdn.visitjeju.net/photomng/imgpath/201804/30/ab28b59b-1b62-4bfe-b52a-5b377593ebb5.jpg,https://api.cdn.visitjeju.net/photomng/thumbnailpath/201804/30/f01212ec-74d1-4b13-b251-c2536e73d4d8.jpg,"['야영장', '캠핑장', '액티비티', '친구', '여름', '체험', '레저/체험', '캠핑', '언택트', '어트랙션', '공용주차장', '현금결제', '카드결제', '화장실', '무료 WIFI', '유도 및 안내시설', '경보 및 피난시설', '아주 어려움']"
CNTS_200000000014320,더펫츠,제주특별자치도 제주시 1100로 3124,더펫츠는 사랑스럽고 귀여운 고양이와 함께하는 고양이 카페다.,33.4650954,126.4847851,064-745-7373,region1,제주시,11,제주시내,더 펫츠,2019022611122,https://api.cdn.visitjeju.net/photomng/imgpath/202212/16/b1382d3d-6cfe-45a3-b464-b500543edb7e.jpg,https://api.cdn.visitjeju.net/photomng/thumbnailpath/202212/16/c5ec2c6a-4896-4080-ae7a-163176037cb6.jpg,"['카페', '반려동물', '반려동물동반입장', '혼저옵서개', '반려동물동반_식당카페', '공용주차장', '화장실', '무료 WIFI']"
CONT_000000000500596,족은바리메,제주특별자치도 제주시 애월읍 상가리 산 124,능선 탐방로가 좋은 족은바리메 오름,33.44355791882487,126.35334894819334,064-728-3124,region1,제주시,12,애월,Jokeunbarime Volcanic Cone,19867,https://api.cdn.visitjeju.net/photomng/imgpath/201804/30/11b618db-0fbe-4f1c-a102-adc1003ce60c.jpg,https://api.cdn.visitjeju.net/photomng/thumbnailpath/201804/30/f86a93a6-11b6-4665-9c81-62484abfabe5.jpg,"['커플', '친구', '맑음', '오름', '자연경관', '화장실']"
CNTS_300000000013527,무드랜드,제주특별자치도 제주시 월랑북3길 16-5 (노형동) 1층 무드랜드,제주스러운 캔들만들기 체험을 할 수 있는 곳 ,33.4933382,126.4765513,010-7615-4520,region1,제주시,11,제주시내,무드랜드,2019022651491,https://api.cdn.visitjeju.net/photomng/imgpath/202505/19/739b5657-22f9-4ba2-9070-91b2790c2b70.png,https://api.cdn.visitjeju.net/photomng/thumbnailpath/202505/19/b538faaa-cb3d-400f-8356-8a39ba0ae10e.png,"['체험', ' 캔들', ' 공방', ' 원데이클래스', ' 제주공방', ' 일일체험', ' 클래스', ' 만들기', ' 기념품', '화장실', '무료 WIFI', '카드결제', '현금결제', '', '영어', '중국어', '일본어', '단독접근가능', '단차없음', '어려움', '실내', '하', '기념품 체험 원데이클래스 ', '1~2시간']"
CNTS_300000000015849,라이크더윈드 스튜디오,제주특별자치도 제주시 구좌읍 구좌로 51,유니크하고 예쁜 스테인드글라스 체험,33.5232671,126.8570277,0507-1494-0371,region1,제주시,16,구좌,라이크더윈드 스튜디오,2019022617626,https://api.cdn.visitjeju.net/photomng/imgpath/202306/18/53688fb2-d132-4820-a87b-a6bd9388a85f.jpg,https://api.cdn.visitjeju.net/photomng/thumbnailpath/202306/18/f14f3c84-cc7d-4006-849a-906246584735.jpg,"['구좌읍', ' 세화리', ' 체험공방', ' 썬캐쳐', ' 스테인드글라스', '실내', '중', '1~2시간']"
CNTS_200000000007858,월라봉(효돈),제주특별자치도 서귀포시 월라봉로 76-40,서귀포시 신효동에  위치한 오름,33.27051429999999,126.6046518,064-760-6400,region2,서귀포시,21,서귀포시내,월라봉(효돈),2018052308806,https://api.cdn.visitjeju.net/photomng/imgpath/201811/14/d8dbcdbe-9c21-4645-bd06-a8d5555c65e1.jpg,https://api.cdn.visitjeju.net/photomng/thumbnailpath/201811/14/4d4a9bc4-92bb-43e0-b6ed-6d181e3d04cf.jpg,"['오름', '등산', '휴식', '자연경관', '언택트']"
CNTS_300000000015880,제주 샘주,제주특별자치도 제주시 애월읍 애원로 283,알고 마시면 더 맛난 제주전통주 체험,33.4102243,126.3758566,064-799-4225,region1,제주시,12,애월,제주 샘주,2019022617911,https://api.cdn.visitjeju.net/photomng/imgpath/202306/20/01c36323-f972-467d-ad87-b22b97b460ee.jpg,https://api.cdn.visitjeju.net/photomng/thumbnailpath/202306/20/c1727314-a37c-4c1a-a48c-48410708b955.jpg,"['애월', ' 전통주', ' 오메기술', ' 이색체험', '실내', '하', '1시간 미만']"
CNTS_000000000022029,우도 득성이코지,제주특별자치도 제주시 우도면 연평리,올레1-1코스,33.50332,126.95568,--,region3,섬 속의 섬,31,우도,우도 득성이코지,12454,https://api.cdn.visitjeju.net/photomng/imgpath/201804/30/28eb8579-58bd-424e-8bab-0b88c84ff8f5.jpg,https://api.cdn.visitjeju.net/photomng/thumbnailpath/201804/30/fd364ff0-d780-4016-b9f6-e13225e42558.jpg,"['경관/포토', '맑음', '자연경관', '포토스팟']"
CONT_000000000500135,"대왕산 (왕뫼, 왕메, 왕미)",제주특별자치도 서귀포시 성산읍 수산리 1429,동쪽 끝에서 제주의 하루를 시작하는 오름,33.457447,126.87257,,region2,서귀포시,17,성산,"Daewangsan Volcanic Cone (Wanmoe, Wangme, Wangmi)",17417,https://api.cdn.visitjeju.net/photomng/imgpath/201804/30/f278f4b7-853e-4c9e-a7c3-e8ce2cbe5991.jpg,https://api.cdn.visitjeju.net/photomng/thumbnailpath/201804/30/b620369e-1eef-4b8c-8232-ec3137f3c0be.jpg,"['부모', '커플', '혼자', '친구', '맑음', '오름', '아이', '자연경관', '어린이']"
CNTS_200000000009471,WE병원,제주특별자치도 서귀포시 1100로 453-95,"대한민국 최초로 5성 호텔 서비스와 헬스 미디신서비스를 융합한 헬스리조트로서, 건강증진센터의 안티에이징과 뷰티센터의 심미적인 안티에이징 그리고 웰니스센터와 메디컬스파센터의 다양한 웰니스 프로그램과 테라피 프로그램을 통해 차원이 다른 힐링 프로그램을 선보이고 있으며, WE호텔의 고품격 서비스와 WE병원의 헬스케어 서비스를 결합한 원스톱 메디웰 서비스를 제공한다.",33.2862186,126.4442655,064-730-1421,region2,서귀포시,21,서귀포시내,WE병원,2019022632679,https://api.cdn.visitjeju.net/photomng/imgpath/202404/23/0f2c1863-1bab-4564-a09e-d54c662ec427.jpg,https://api.cdn.visitjeju.net/photomng/thumbnailpath/202404/23/9a9a958c-1d2a-451f-9941-211f9ac17c9b.jpg,['의료관광']
CNTS_200000000010135,애월스쿠버다이빙스쿨,제주특별자치도 제주시 애월읍 애월로13길 45,"애월스쿠버 체험다이빙, 초급자격증부터 고급과정까지 교육",33.4661668,126.3216797,010-5226-9101,region1,제주시,12,애월,애월스쿠버다이빙스쿨,2019022570473,https://api.cdn.visitjeju.net/photomng/imgpath/202005/11/b37c628f-9b5e-4188-95b4-15fa4c60016c.JPG,https://api.cdn.visitjeju.net/photomng/thumbnailpath/202005/11/d8246dda-878e-4860-8d11-9f1bbea3c0d2.JPG,"['애월', ' 스쿠버다이빙', ' 다이빙', ' 마린스포츠', '현금결제', '카드결제', '화장실', '무료 WIFI', '음료대', '', '쉬움', '실내+실외', '하', '해양스포츠', '체험', '스쿠버다이', '2~3시간', '스쿠버다이빙', '다이빙', '마린스포츠', '레저/체험', '수상레저', '어트랙션']"
CNTS_000000000021381,제주불교성지 순례길 절로 가는길 - 정진의 길,제주특별자치도 서귀포시 영실로 246 (하원동),"참나를 찾아 떠나는 길, '수행의 신행'",33.3402,126.47921,--,region2,서귀포시,21,서귀포시내,제주불교성지 순례길 절로 가는길 - 정진의 길,11182,https://api.cdn.visitjeju.net/photomng/imgpath/201804/30/49c811f0-0490-4650-a6ed-160fa95689de.jpg,https://api.cdn.visitjeju.net/photomng/thumbnailpath/201804/30/0b1c3914-2a36-4375-97f5-5748e17988bb.jpg,"['걷기/등산', '맑음', '문화관광', '도보여행', '도보', '어트랙션']"
CNTS_200000000012454,제주중앙성당,제주특별자치도 제주시 관덕로8길 14,1899년 제8대 조선교구장 뮈텔 주교가 프랑스 선교사 페네(Pyenet) 주임신부와 김원영 보좌신부를 파견하면서 설치한 고딕양식 성당이자 제주교구 최초의 본당,33.5116197,126.5231558,064-753-2271,region1,제주시,11,제주시내,제주중앙성당,2019022593966,https://api.cdn.visitjeju.net/photomng/imgpath/202112/10/54298216-d826-4965-8f34-59e1041b4fcc.jpg,https://api.cdn.visitjeju.net/photomng/thumbnailpath/202112/10/e2ce3811-04d5-40f6-b126-20ed2394465f.jpg,"['휴식/힐링', '체험관광', '문화유적지', '사계절', '휴식/치유', '문화관광', '역사유적', '어트랙션', '관광지']"
CNTS_300000000013582,제이제이 필라테스요가,제주특별자치도 제주시 한림읍 일주서로 5043,실내 및 야외 바다 요가를 체험할 수 있는 요가원,33.386623,126.2471087,0507-1333-9844,region1,제주시,13,한림,제이제이 필라테스요가,2019022653289,https://api.cdn.visitjeju.net/photomng/imgpath/202506/24/19c0ac55-489c-4203-a8cd-364a3f19bf1d.jpeg,https://api.cdn.visitjeju.net/photomng/thumbnailpath/202506/24/e7967621-7b03-4bce-83b8-4cb7c6f989fd.jpeg,"['요가', ' 원데이클래스', ' 체험', ' 필라테스', ' 요가원', ' 바다요가', ' 야외요가', '현금결제', '카드결제']"
CNTS_300000000015878,잠수타기다이브클럽,제주특별자치도 서귀포시 천지연로41번길 7,다양한 체험다이빙을 즐길 수 있는 곳,33.2419329,126.5616311,0507-1349-0412,region2,서귀포시,21,서귀포시내,잠수타기다이브클럽,2019022619411,https://api.cdn.visitjeju.net/photomng/imgpath/202307/10/6c7f471b-43fb-414b-b9bd-5d591a82a31c.jpg,https://api.cdn.visitjeju.net/photomng/thumbnailpath/202307/10/841c05d1-689e-4b53-b3fc-16140479b047.jpg,"['서귀포시내', ' 스쿠버다이빙', ' 이색체험', '실외', '중', '2~3시간']"
CNTS_000000000019554,광령귤나무,제주특별자치도 제주시 애월읍 광령8길 24-2,제주도 재래귤인 동정귤나무로 제주도기념물 제 26호,33.459007,126.43912,064-728-2731,region1,제주시,12,애월,Gwangryeong Mandarin Trees,5509,https://api.cdn.visitjeju.net/photomng/imgpath/201804/30/38d24735-5246-40f1-a5dd-3eb1f8edc4dc.jpg,https://api.cdn.visitjeju.net/photomng/thumbnailpath/201804/30/13ceca91-db0d-47fe-b906-27306f861b77.jpg,"['겨울', '자연경관']"
CONT_000000000500370,소암기념관,제주특별자치도 서귀포시 소암로 15,소암 현중화 선생의 삶과 예술이 숨쉬는 문화공간,33.24504,126.56752,064-760-3511,region2,서귀포시,21,서귀포시내,Soam Memorial Hall ,18599,https://api.cdn.visitjeju.net/photomng/imgpath/201804/30/04faf6f6-d67e-4fbb-82a6-9b9f80c7942e.jpg,https://api.cdn.visitjeju.net/photomng/thumbnailpath/201804/30/c599be10-5121-4cc3-aff9-0e8e8faa8fdf.jpg,"['실내', '미술/박물관', '비.눈', '사계절', '실내관광지', '어트랙션', '무장애관광', '공영관광지', '공용주차장', '화장실', '무료 WIFI', '편의점', '음료대', '유도 및 안내시설', '경보 및 피난시설', '단독접근가능', '단차없음', '장애인 화장실', '장애인 전용 주차장', '어려움', '하', '공연/전시', '1시간 미만']"
CNTS_000000000021099,평수포구,제주특별자치도 제주시 한림읍 한림해안로 297-1,비양도가 보이는 한림항 근처의 고요한 포구,33.427593,126.263756,--,region1,제주시,13,한림,평수포구,10627,https://api.cdn.visitjeju.net/photomng/imgpath/201804/30/46ee59d4-ab55-49a1-9b3a-0a572299eef6.jpg,https://api.cdn.visitjeju.net/photomng/thumbnailpath/201804/30/09446c6d-7034-47cb-b5d7-e2b92022c19e.jpg,"['포구', '해변', '문화유적지', '아주 어려움', '역사유적']"
CNTS_300000000012749,조은동물병원,제주특별자치도 서귀포시 동문로 40,조은동물병원은 서귀포시 서귀동에 위치해있다.,33.2503019,126.564913,064-762-0243,region2,서귀포시,21,서귀포시내,조은동물병원,2019022622205,https://api.cdn.visitjeju.net/photomng/imgpath/202308/29/b1f2fbd9-f892-44e2-82d0-c392f6b6abfb.jpg,https://api.cdn.visitjeju.net/photomng/thumbnailpath/202308/29/e3a65dd0-d814-4b0e-869b-41c4774603f7.jpg,"['반려동물병원', '반려동물', '반려동물동반입장', '혼저옵서개', '반려동물동반_기타체험', '화장실', '유도 및 안내시설', '경보 및 피난시설']"
CNTS_200000000008043,신산공원,제주특별자치도 제주시 신산로 92-12,"제주시 중심지 한복판에 위치한 공원
",33.5053177,126.5337062,064-728-3601~4(제주시 공원녹지과) ,region1,제주시,11,제주시내,신산공원,2018052311740,https://api.cdn.visitjeju.net/photomng/imgpath/201812/20/63e7d14d-3939-47d5-870f-535162cfe5f2.JPG,https://api.cdn.visitjeju.net/photomng/thumbnailpath/201812/20/0fe1bc16-077a-4cc4-b46d-a657833a331a.JPG,"['아이', '걷기/등산', '휴식/힐링', '테마공원', '화장실', '자연경관', '어린이', '봄꽃', '벚꽃']"
CNTS_000000000000614,비체올린,제주시 한경면 판조로 253-6,"카약과 트라익, 그리고 이색정원이 함께하는 상상 그 이상의 즐거움이 가득한 복합테마공원",33.35901,126.21184,0507-1348-0000,region1,제주시,14,한경,비체올린,2019022642784,https://api.cdn.visitjeju.net/photomng/imgpath/202410/11/d7bb30d2-cd31-4a37-bca5-fe5755b75b5a.jfif,,"['반려동물', ' 반려동물동반입장', ' 혼저옵서개', ' 반려동물동반_관광지', ' 제주도여행', ' 제주서쪽가볼만한곳', ' 제주도액티비티', ' 제주도체험', ' 제주카약', ' 테마파크', ' 가을제주', ' 포토존', '공용주차장', '화장실', '편의점', '현금결제', '카드결제', '무료 WIFI', '장애인 전용 주차장', '아주 어려움']"
CNTS_000000000000970,제주추사관,제주특별자치도 서귀포시 대정읍 추사로 44,"추사 김정희는 1840년 윤상도 옥사사건에 연루되어 약 9년간 제주에서 귀양살이를 했다. 대정읍에 있는 추사관은 김정희 선생이 유배 생활을 하며 남긴 흔적을 모은 곳이다. 그가 살았던 초가집도 옛 모습 대로 복원되어 있다. 추사관에는 김정희 선생이 쓴 현판 글씨와 아내, 지인들에게 보낸 편지 등이 전시되어 있다.",33.25022,126.27838,064-710-6803,region2,서귀포시,22,대정,제주추사관,2019022592777,https://api.cdn.visitjeju.net/photomng/imgpath/202112/03/cb5fda3f-ae92-4e5a-a3bb-84b9a34afb48.jpg,https://api.cdn.visitjeju.net/photomng/thumbnailpath/202112/03/89f690db-88f7-4dd7-8f3c-1c9779b5c7ee.jpg,"['미술/박물관', '흐림', '겨울', '실내관광지', '어트랙션', '무장애관광', '공영관광지', '공용주차장', '현금결제', '카드결제', '화장실', '무료 WIFI', '음료대', '유도 및 안내시설', '경보 및 피난시설', '엘리베이터', '시각장애인 접근성', '저상버스 접근 가능', '장애인 화장실', '승강기', '장애인 전용 주차장', '수동 휠체어 대여 가능', '어려움', '실내+실외', '하', '공연/전시', '1시간 미만']"
CNTS_000000000000972,김영갑갤러리 두모악,제주특별자치도 서귀포시 성산읍 삼달로 137,제주도를 사랑하고 열망했던 김영갑의 발자취,33.372063,126.85418,064-784-9907,region2,서귀포시,17,성산,김영갑갤러리 두모악,2019022585810,https://api.cdn.visitjeju.net/photomng/imgpath/202110/29/0252afe0-942c-4598-bdb2-da9efc7e0620.jpg,https://api.cdn.visitjeju.net/photomng/thumbnailpath/202110/29/06012df5-fdfc-40fc-b27c-3f9ad5daec0c.jpg,"['예술', '실내', '미술/박물관', '커플', '흐림', '겨울', '문화관광', '어트랙션', '무장애관광', '공용주차장', '현금결제', '카드결제', '화장실', '편의점', '음료대', '유도 및 안내시설', '경보 및 피난시설', '장애인 화장실', '수동 휠체어 대여 가능', '어려움', '하', '공연/전시', '1시간 미만']"
CNTS_000000000000975,녹산로유채꽃길,제주특별자치도 서귀포시 표선면 가시리 산 87-15,노란 유채꽃이 아름다운 길,33.39823,126.71993,--,region2,서귀포시,26,표선,녹산로유채꽃길,2019022586418,https://api.cdn.visitjeju.net/photomng/imgpath/202111/02/be1f5777-27d3-4ea8-bb2d-d87edfb8e312.jpg,https://api.cdn.visitjeju.net/photomng/thumbnailpath/202111/02/38180e9f-3ce4-4809-83aa-de32e451c765.jpg,"['드라이브', '경관/포토', '커플', '맑음', '봄', '봄꽃', '자연경관', '도보여행', '도보', '포토스팟', '유채꽃', '벚꽃', '제주명품42', '제주7대도로', '2023_관광10선_봄', 'Moment_봄']"
CNTS_000000000000978,성산항,제주특별자치도 서귀포시 성산읍 성산등용로 129-21,섬 속의 섬을 향한 시작. 푸른 바다의 아름다운 뱃길,33.4721117,126.9331983,--,region2,서귀포시,17,성산,성산항,2019022588768,https://api.cdn.visitjeju.net/photomng/imgpath/202111/12/9634d475-c353-49b6-8ee4-0bb11d035fd5.jpg,https://api.cdn.visitjeju.net/photomng/thumbnailpath/202111/12/73a5f7e8-666f-4e4d-b045-5d9635cc8895.jpg,['맑음']
CNTS_000000000000979,서귀포예술의전당,제주특별자치도 서귀포시 태평로 270,지역 문화예술의 소통을 위해 2014년 개관된 서귀포 예술의전당,33.24523,126.55175,064-760-3341,region2,서귀포시,21,서귀포시내,Seogwipo Arts Center,343,https://api.cdn.visitjeju.net/photomng/imgpath/201804/30/b9f02ff9-e369-44a2-8e78-6ad13e256feb.jpg,https://api.cdn.visitjeju.net/photomng/thumbnailpath/201804/30/9579a80e-aed9-43fe-9ec6-0274000ce095.jpg,"['예술', '실내', '미술/박물관', '흐림', '사계절', '실내관광지', '문화관광', '어트랙션', '공용주차장', '화장실', '무료 WIFI', '흡연구역', '음료대', '유도 및 안내시설', '경보 및 피난시설', '엘리베이터', '단차없음', '장애인 화장실', '승강기', '장애인 전용 주차장', '쉬움', '무장애관광']"
CNTS_000000000000981,저지 예술인 마을,제주특별자치도 제주시 한경면 저지14길 28-4,독특한 풍광과 전국 예술인들이 모여 형성된 문화예술인촌,33.3394612,126.2672295,064-710-3413,region1,제주시,14,한경,저지 예술인 마을,2019022591205,https://api.cdn.visitjeju.net/photomng/imgpath/202111/24/06881cfa-0d13-4766-8b3e-a7c6ca7837c2.jpg,https://api.cdn.visitjeju.net/photomng/thumbnailpath/202111/24/7c142b20-c707-4b50-b960-9784c60fa1c7.jpg,"['예술', '체험관광', '커플', '흐림', '가을', '문화관광', '마을산책', '마을관광', '어트랙션', '화장실', '편의점', '단독접근가능', '단차없음', '쉬움', '무장애관광']"
CNTS_000000000000982,큰바리메오름,제주특별자치도 제주시 애월읍 어음리 산 21,오름의 모양이 바리를 닮은 기생화산,33.38251186885827,126.38598735192869,064-728-3124,region1,제주시,12,애월,Keunbarime Oreum Volcanic Cone,354,https://api.cdn.visitjeju.net/photomng/imgpath/201804/30/13dff35a-c86d-4efe-8c30-91316b522733.jpg,https://api.cdn.visitjeju.net/photomng/thumbnailpath/201804/30/56f2fcc4-1a0a-4c37-b42d-28d612f4ac9b.jpg,"['오름', '사계절', '청년', '휴식/힐링', '친구', '커플', '혼자', '자연경관', '도보여행', '도보', '화장실']"
CNTS_000000000001158,메이즈랜드,제주특별자치도 제주시 구좌읍 비자림로 2134-47,현무암으로 세계최장 미로공원 조성... ‘메이즈랜드’,33.48875,126.80093,064-784-3838,region1,제주시,16,구좌,메이즈랜드 24년2,2019022634642,https://api.cdn.visitjeju.net/photomng/imgpath/202407/08/01090aef-03ad-472b-a054-75636fc88679.jpg,https://api.cdn.visitjeju.net/photomng/thumbnailpath/202407/08/f6397bad-a048-4e70-b542-7e3ec950056e.jpg,"['반려동물', ' 반려동물동반입장', ' 혼저옵서개', ' 반려동물동반_관광지', '제주가볼만한곳', '제주여행', '제주동쪽가볼만한곳', '제주관광지', '제주포토존', '제주명소', '제주핫플', '우수관광사업체', '공용주차장', '현금결제', '카드결제', '화장실', '무료 WIFI', '흡연구역', '편의점', '음료대', '유도 및 안내시설', '경보 및 피난시설', '임산부 휴게시설', '단차없음', '장애인 화장실', '장애인 전용 주차장', '수동 휠체어 대여 가능', '전동 휠체어 대여 가능', '쉬움', '실내+실외', '하', '공연/전시', '2~3시간']"
CNTS_000000000001191,생각하는정원,제주특별자치도 제주시 한경면 녹차분재로 675,국가지정 민간정원으로 대한민국 대표정원,33.3257082,126.2552516,064-772-3701,region1,제주시,14,한경,생각하는정원,2019022655670,https://api.cdn.visitjeju.net/photomng/imgpath/202508/20/5a4aa239-62d3-4080-94b1-fe0d6f8068d2.jpg,https://api.cdn.visitjeju.net/photomng/thumbnailpath/202508/20/8297b13c-1de1-4ca7-8f78-816352b140c0.jpg,"['반려동물', '반려동물동반입장', '혼저옵서개', '반려동물동반_관광지', '휴식/힐링', '테마공원', '커플', '아이', '흐림', '가을', '어린이', '어트랙션', '안전여행스탬프', '무장애관광', '공용주차장', '현금결제', '카드결제', '화장실', '무료 WIFI', '편의점', '음료대', '유도 및 안내시설', '경보 및 피난시설', '단차없음', '장애인 화장실', '장애인 전용 주차장', '수동 휠체어 대여 가능', '쉬움', '우수관광사업체', '실외', '하', '포토스팟', '1~2시간']"
CNTS_000000000001511,제주롯데스카이힐컨트리클럽,제주특별자치도 서귀포시 상예로 530,서귀포시에 위치한 '로버트 트랜트 주니어'가 설계한 총 36홀로 이루어진 골프장,33.2845677839787,126.40493199042976,064-731-2000,region2,서귀포시,21,서귀포시내,Lotte Skyhill Country Club,847,https://api.cdn.visitjeju.net/photomng/imgpath/201804/30/49851edd-20f3-4a0c-846b-fa4db62fbcc1.gif,https://api.cdn.visitjeju.net/photomng/thumbnailpath/201804/30/5f5e2939-e0e3-4460-bfa3-fe2ead536109.gif,"['골프', '액티비티', '체험', '레저/체험', '어트랙션', '공용주차장', '현금결제', '카드결제', '화장실', '흡연구역', '편의점', '음료대', '유도 및 안내시설', '경보 및 피난시설', '단차없음', '장애인 전용 주차장', '어려움', '무장애관광']"
CNTS_000000000018248,"더럭초등학교(구, 더럭분교)",제주특별자치도 제주시 애월읍 하가로 195,"알록달록 조용한 애월의 작은 초등학교(구, 분교)",33.453457,126.345276,064-797-7200,region1,제주시,12,애월,Deoreokbungyo,1808,https://api.cdn.visitjeju.net/photomng/imgpath/201804/30/4346a48e-46dc-4867-a500-52fe34939bf8.gif,https://api.cdn.visitjeju.net/photomng/thumbnailpath/201804/30/8b050ed1-a4f9-468b-bac5-a29aab9ada34.gif,"['경관/포토', '커플', '아이', '맑음', '봄', '포토스팟', '어린이', '봄꽃', '벚꽃', '무장애관광', '화장실', '단독접근가능', '단차없음', '어려움']"
CNTS_000000000018293,제주항 국제크루즈터미널,제주특별자치도 제주시 임항로 191,제주 여행의 또 다른 방법!,33.526657,126.54367,-1666-0930,region1,제주시,11,제주시내,제주항 국제크루즈터미널,2019022641977,https://api.cdn.visitjeju.net/photomng/imgpath/202409/26/94d37f89-01f0-4aad-9a85-6a44d86cf623.png,https://api.cdn.visitjeju.net/photomng/thumbnailpath/202409/26/a3d87d2f-47cd-4d03-a6ae-e7770d2d797f.png,"['실내', '부모', '친구', '커플', '혼자', '비/바람/눈', '안개/흐림', '맑음', '중/장년', '청년', '노년', '', '공용주차장', '현금결제', '카드결제', '화장실', '흡연구역', '유도 및 안내시설', '경보 및 피난시설']"
CNTS_000000000018295,종달리수국길,제주특별자치도 제주시 구좌읍 해맞이해안로 2121,멋진 해안도로 옆 가득한 수국의 향연.,33.50903,126.909294,--,region1,제주시,16,구좌,종달리수국길,1918,https://api.cdn.visitjeju.net/photomng/imgpath/201804/30/f6149709-09e2-4662-977f-7521c21d27cd.jpg,https://api.cdn.visitjeju.net/photomng/thumbnailpath/201804/30/2b4bc08a-122c-4c42-a618-e44e4613b05e.jpg,"['수국', '꽃', '걷기/등산', '경관/포토', '커플', '맑음', '여름', '자연경관', '도보여행', '도보', '포토스팟']"
CNTS_000000000018300,약천사,제주특별자치도 서귀포시 이어도로 293-28,해안을 내려다볼 수 있는 동양 최대의 법당을 자랑하는 절,33.245766,126.44933,064-738-5000,region2,서귀포시,24,중문,Yakcheonsa Temple,1959,https://api.cdn.visitjeju.net/photomng/imgpath/201804/30/11fc5ab2-808e-4197-92e7-fd560309e7f5.jpg,https://api.cdn.visitjeju.net/photomng/thumbnailpath/201804/30/e060b6c9-86ff-49a5-b5ab-2d273eb41b5f.jpg,"['실내', '휴식/힐링', '부모', '흐림', '여름', '공용주차장', '화장실', '문화관광', '어트랙션']"
CNTS_000000000018311,서귀포치유의숲,제주특별자치도 서귀포시 산록남로 2271,"편백나무와 삼나무숲길을 걸으며 치유의 순간을 만나다. 
2019, 2020 정부 문화체육관광부가 지정한 '열린관광지'에도 지정되어 있다!",33.292,126.52941,064-760-3067,region2,서귀포시,21,서귀포시내,서귀포치유의숲,2019022655675,https://api.cdn.visitjeju.net/photomng/imgpath/202508/20/d6c59631-c71a-4a66-8394-dea0147ea7b2.jpg,https://api.cdn.visitjeju.net/photomng/thumbnailpath/202508/20/4ae4bee8-081c-492b-a32b-34ce41b4f464.jpg,"['웰니스', '자연', '숲', '치유', '숲길', '걷기/등산', '부모', '자연경관', '도보여행', '도보', '럭셔리트래블인제주', '2023_관광10선_봄', 'Moment_봄', '공영관광지', '공용주차장', '화장실', '아주 어려움', '실외', '상', '기타', '숲길 ', ' 산책로']"
CNTS_000000000018320,동거문이오름,제주특별자치도 제주시 구좌읍 종달리 산 70,사면으로 뻗어나가는 거미집 모양의 오름,33.449257,126.806145,,region1,제주시,16,구좌,동거문이오름,2019022593192,https://api.cdn.visitjeju.net/photomng/imgpath/202112/06/6040f24a-7c53-4d28-8c4a-dd5aac108f38.JPG,https://api.cdn.visitjeju.net/photomng/thumbnailpath/202112/06/2155a213-1930-49c1-b928-c8d37b691576.JPG,"['오름', '걷기/등산', '자연경관', '도보여행', '도보', '반려동물동반_오름', '반려동물', '반려동물동반입장', '혼저옵서개', '반려동물동반_자연', '공용주차장', '아주 어려움']"
CNTS_000000000018332,김만덕기념관,제주특별자치도 제주시 산지로 7,대한민국 최초의 나눔문화전시관,33.5157,126.53032,064-759-6090,region1,제주시,11,제주시내,김만덕기념관,2019022581741,https://api.cdn.visitjeju.net/photomng/imgpath/202108/10/472e3a65-ecf2-4f41-933c-b9f329c69bfb.jpg,https://api.cdn.visitjeju.net/photomng/thumbnailpath/202108/10/28c20eb3-1115-4c59-ac14-42657de0c140.jpg,"['실내', '미술/박물관', '친구', '비.눈', '겨울', '문화관광', '어트랙션', '무장애관광', '공영관광지', '엘리베이터', '임산부 휴게시설', '단독접근가능', '단차없음', '시각장애인 접근성', '장애인 화장실', '승강기', '장애인 전용 주차장', '수동 휠체어 대여 가능', '쉬움', '하', '공연/전시', '기타', '1시간 미만']"
CNTS_000000000018340,월평포구,제주특별자치도 서귀포시 말질로 462,달빛을 품은 작은 포구. 월평포구,33.2346522,126.46478890000003,--,region2,서귀포시,21,서귀포시내,월평포구,2231,https://api.cdn.visitjeju.net/photomng/imgpath/201804/30/725adee7-e31e-4937-9c49-0b18e3c49492.jpg,https://api.cdn.visitjeju.net/photomng/thumbnailpath/201804/30/97ff1ab4-3a88-46cd-961c-2f9b1bdc29b0.jpg,"['포구', '해변', '문화유적지', '맑음', '자연경관', '역사유적', '공용주차장']"
CNTS_000000000018362,선운정사,제주특별자치도 제주시 애월읍 구몰동길 65,불교문화와 제주문화의 만남,33.429344,126.307205,064-799-8588,region1,제주시,12,애월,선운정사,2019022586858,https://api.cdn.visitjeju.net/photomng/imgpath/202111/04/8f4809b8-bd20-41b8-850a-2711c9e8aa68.jpg,https://api.cdn.visitjeju.net/photomng/thumbnailpath/202111/04/a7100a2c-3a86-445e-9424-76728d51dd62.jpg,"['밤', '경관/포토', '휴식/힐링', '부모', '흐림', '여름', '문화관광', '포토스팟', '무장애관광', '단독접근가능', '단차없음', '아주 어려움']"
CNTS_000000000018384,방주교회,제주특별자치도 서귀포시 안덕면 산록남로762번길 113,건축가 이타미 준이 설계한 노아의 방주를 본 따 만든 성전 건축물,33.305073,126.387665,064-794-0611,region2,서귀포시,23,안덕,방주교회,2019022584918,https://api.cdn.visitjeju.net/photomng/imgpath/202110/27/402eb059-b3f4-4858-ad8b-037531858461.JPG,https://api.cdn.visitjeju.net/photomng/thumbnailpath/202110/27/2a07265e-4fe8-4b52-a41b-5ab23afc7012.JPG,"['부모', '커플', '친구', '아이', '맑음', '사계절', '문화관광', '어린이', '어트랙션', '무장애관광', '공용주차장', '유도 및 안내시설', '경보 및 피난시설', '장애인 화장실', '장애인 전용 주차장', '아주 어려움', '실내+실외', '포토스팟', '종교시설', ' 건축물']"
CNTS_000000000018385,김경숙해바라기농장,제주특별자치도 제주시 번영로 854-1,노란 물결의 해바라기가 펼쳐진 해바라기 농장,33.47736,126.62767,064-721-1482,region1,제주시,11,제주시내,김경숙해바라기농장,2019022559176,https://api.cdn.visitjeju.net/photomng/imgpath/201908/05/7336b9e2-aff4-4800-aa07-30092f869863.jpg,https://api.cdn.visitjeju.net/photomng/thumbnailpath/201908/05/2913670f-34fe-44db-a490-23e752043a9a.jpg,"['커플', '친구', '아이', '부모', '혼자', '경관/포토', '여름', '맑음', '자연경관', '포토스팟', '어린이', '어트랙션', '해바라기']"
CNTS_000000000018406,법환포구,제주특별자치도 서귀포시 막숙포로37번길 2,최영 장군이 막사를 쳤던 포구,33.237774,126.51579,--,region2,서귀포시,21,서귀포시내,법환포구,2019022589292,https://api.cdn.visitjeju.net/photomng/imgpath/202111/15/c79af702-3c56-4f15-9438-cb34f383244b.jpg,https://api.cdn.visitjeju.net/photomng/thumbnailpath/202111/15/10f67d40-11e4-42a0-b8ef-4a5bcc384a0b.jpg,"['포구', '일출', '해변', '문화유적지', '공용주차장', '자연경관', '역사유적']"
CNTS_000000000018407,낙천리아홉굿의자마을,제주시 한경면 낙수로 97,제주도에서는 보기 드문 9개의(아홉) 샘이(굿)있는 곳!,33.32757,126.22681,064-733-1946,region1,제주시,14,한경,낙천리아홉굿의자마을,2019022590712,https://api.cdn.visitjeju.net/photomng/imgpath/202111/22/59a17242-e735-4384-8520-558c1ea84ccb.jpg,https://api.cdn.visitjeju.net/photomng/thumbnailpath/202111/22/250c94cc-7b08-472d-8b62-0ce76feda999.jpg,"['휴식/힐링', '아이', '맑음', '가을', '문화관광', '마을산책', '마을관광', '어린이', '어트랙션', '반려동물동반입장', '반려동물', '반려동물동반_관광지', '무장애관광', '단독접근가능', '단차없음', '쉬움']"
CNTS_000000000018409,외돌개,제주특별자치도 서귀포시 서홍동 791,"바다위에 홀로 우뚝, 우직한 외돌개
· 명승 제79호
· 올레7코스",33.240063,126.54573,064-760-3192,region2,서귀포시,21,서귀포시내,외돌개,2019022584864,https://api.cdn.visitjeju.net/photomng/imgpath/202110/26/a434d9b2-a595-485f-89d6-1423bd989912.jpg,https://api.cdn.visitjeju.net/photomng/thumbnailpath/202110/26/364e4579-cc5f-4e38-a520-36cde0e0ef17.jpg,"['일출', '해변', '경관/포토', '휴식/힐링', '맑음', '가을', '자연경관', '포토스팟', '공영관광지', '공용주차장', '화장실', '아주 어려움', '1시간 미만']"
CNTS_000000000018411,알작지해변,제주특별자치도 제주시 테우해안로 60,사르륵 사르륵 자갈이 부서지는 소리. 파도가 부서지는 풍경,33.49593405066642,126.43913014627992,--,region1,제주시,11,제주시내,알작지해변,2019022589419,https://api.cdn.visitjeju.net/photomng/imgpath/202111/15/bf98865a-7600-4a90-b7c2-a227efe05fc3.JPG,https://api.cdn.visitjeju.net/photomng/thumbnailpath/202111/15/27e590b9-b2c6-4e09-958f-81776da8d407.JPG,"['해변', '경관/포토', '커플', '가을', '자연경관', '포토스팟']"
CNTS_000000000018413,광치기해변,제주특별자치도 서귀포시 성산읍 섭지코지로 63,성산일출봉과 독특한 해안지형이 어우러져 이색적인 풍광을 간직한 곳,33.452452755358465,126.92458139419557,--,region2,서귀포시,17,성산,Gwangchigi Beach,2708,https://api.cdn.visitjeju.net/photomng/imgpath/201804/30/315ce1af-1c6c-4977-8668-4710321df6a1.jpg,https://api.cdn.visitjeju.net/photomng/thumbnailpath/201804/30/d5b7e9a3-8cfb-41cf-9623-9b15651d4c55.jpg,"['일출', '해변', '경관/포토', '흐림', '봄', '자연경관', '포토스팟', '봄꽃', '유채꽃', '무장애관광', '반려동물동반_해변', '반려동물', '반려동물동반입장', '혼저옵서개', '반려동물동반_자연', '공용주차장', '단독접근가능', '단차없음', '장애인 화장실', '장애인 전용 주차장', '아주 어려움']"
CNTS_000000000018415,노리매 테마파크,제주특별자치도 서귀포시 대정읍 중산간서로 2260-15,"자연속에서 현대적 감성을 즐길수 있는, 매화 테마공원",33.28257,126.287544,064-792-8211,region2,서귀포시,22,대정,노리매공원,2019022585624,https://api.cdn.visitjeju.net/photomng/imgpath/202110/29/b234c86a-0ea4-4890-ad47-3397cedaa3a7.jpg,https://api.cdn.visitjeju.net/photomng/thumbnailpath/202110/29/8e31175c-5613-4784-9a9e-3ccd9502add8.jpg,"['경관/포토', '테마공원', '커플', '맑음', '봄', '자연경관', '포토스팟', '매화', '반려동물', '반려동물동반입장', '혼저옵서개', '반려동물동반_관광지', '공용주차장', '현금결제', '카드결제', '화장실', '음료대', '유도 및 안내시설', '경보 및 피난시설', '실내+실외', '하', '산책', '1~2시간']"
CNTS_000000000018419,제주대학교 가는길,제주특별자치도 제주시 제주대학로 102,계절마다 바뀌는 멋진 드라이브 코스를 선사하는 제주대학교 주변 도로,33.455303,126.561615,--,region1,제주시,11,제주시내,제주대학교 가는길,2019022587865,https://api.cdn.visitjeju.net/photomng/imgpath/202111/10/1fd1a612-0fcf-46a4-9031-5001e6c543f0.JPG,https://api.cdn.visitjeju.net/photomng/thumbnailpath/202111/10/6d906d0c-3c10-4bce-abec-eaddb8e23bde.JPG,"['걷기/등산', '맑음', '도보여행', '도보', '봄꽃', '벚꽃']"
CNTS_000000000018421,한림항,제주특별자치도 제주시 한림읍 한림해안로 192,제주의 서쪽에서 가장 큰 연안항,33.419075,126.26264,064-796-7522,region1,제주시,13,한림,한림항,2764,https://api.cdn.visitjeju.net/photomng/imgpath/201804/30/e8b7e269-6b77-4598-bd23-495d5187fdf5.jpg,https://api.cdn.visitjeju.net/photomng/thumbnailpath/201804/30/510490b6-cee6-4ef6-845d-0472744f3b84.jpg,"['맑음', '공용주차장', '아주 어려움']"
CNTS_000000000018441,추자도,제주특별자치도 제주시 추자면 추자도,"한반도 남서부와 제주특별자치도의 중간 지점에 위치하며, 상추자도·하추자도를 묶어 추자도라고 함",33.947014,126.3201,064-728-1526,region3,섬 속의 섬,32,추차도,Chujado Island,2875,https://api.cdn.visitjeju.net/photomng/imgpath/201804/30/78883ad5-5708-46d3-af18-f40847291654.jpg,https://api.cdn.visitjeju.net/photomng/thumbnailpath/201804/30/baf32d8b-7bdc-488b-b232-dc4c5457de5c.jpg,"['경관/포토', '가을', '자연경관', '포토스팟', '공영관광지', '2023_관광10선_가을']"
CNTS_000000000018443,거슨새미오름,제주특별자치도 제주시 구좌읍 송당리 산 145,솟아난 물이 바다쪽으로 흐르지 않고 한라산쪽으로 거슬러 흐른다는 뜻의 오름,33.450573,126.759186,064-728-7743,region1,제주시,16,구좌,Geoseunsaemi Oreum Volcanic Cone,2900,https://api.cdn.visitjeju.net/photomng/imgpath/201804/30/7748715d-18cb-4e32-bee9-f8ff0b4dcbd9.jpg,https://api.cdn.visitjeju.net/photomng/thumbnailpath/201804/30/24ce6ac0-7a2d-4a69-b88f-f530312fc545.jpg,"['혼자', '커플', '친구', '오름', '가을', '맑음', '자연경관', '도보여행', '도보']"
CNTS_000000000018444,월정 투명카약,제주특별자치도 제주시 구좌읍 월정리 1400-33,바닷속을 직접 배안에서 볼 수 있는 카약체험,33.56383295240182,126.77872630552673,010-4144-6492,region1,제주시,16,구좌,월정 투명카약,2019022636535,https://api.cdn.visitjeju.net/photomng/imgpath/202407/23/cb7baccf-9f8e-43dc-b0e0-d9c5dbb3f2fb.jpg,https://api.cdn.visitjeju.net/photomng/thumbnailpath/202407/23/a9d0cf97-8c77-48dd-b1f6-2ee7e7b71f95.jpg,"['제주', '제주도', '액티비티', '카약', '월정리', '투명카약', '제주바다', '바다']"
CNTS_000000000018445,삼화포구,제주특별자치도 제주시 서흘1길 26,삼양과 화북 사이에 위치한 포구,33.5287466,126.5891889,--,region1,제주시,11,제주시내,삼화포구,2918,https://api.cdn.visitjeju.net/photomng/imgpath/201804/30/cc61f2db-99f3-47ed-bf19-d7f80dce5371.jpg,https://api.cdn.visitjeju.net/photomng/thumbnailpath/201804/30/8679fe48-1585-4c5a-9543-a162b53aa508.jpg,"['포구', '해변', '문화유적지', '자연경관', '역사유적']"
CNTS_000000000018446,알진오름(안친오름),제주특별자치도 제주시 구좌읍 송당리 880-1,가볍게 언덕오르면 멋진 풍경을 볼 수 있는 오름,33.477615,126.78664,,region1,제주시,16,구좌,Aljin Oreum (Anchin Oreum) Volcanic Cone,2928,https://api.cdn.visitjeju.net/photomng/imgpath/201804/30/269c38de-679e-4343-a66d-7004229a23bb.jpg,https://api.cdn.visitjeju.net/photomng/thumbnailpath/201804/30/e399d853-f7f6-401b-b700-1b9bd6789abd.jpg,"['커플', '친구', '맑음', '부모', '혼자', '아이', '오름', '자연경관', '도보여행', '도보', '어린이']"
CNTS_000000000018447,서귀포칠십리시공원,제주특별자치도 서귀포시 서홍동 576-9,외돌개와 해안올레길을 연결하는 공원,33.24609,126.5538,064-760-3191,region2,서귀포시,21,서귀포시내,Seogwipo Chilsimni Park,2938,https://api.cdn.visitjeju.net/photomng/imgpath/201804/30/a5f0edec-ff91-4ee4-8dcf-f2ca24f76dfc.jpg,https://api.cdn.visitjeju.net/photomng/thumbnailpath/201804/30/11a0ae9b-7254-4f45-a5c1-422ab1d4d3a3.jpg,"['휴식/힐링', '커플', '맑음', '봄', '매화', '공용주차장', '화장실', '편의점', '음료대']"
CNTS_000000000018449,와흘본향당,제주특별자치도 제주시 조천읍 와흘리 1274-1,"마을 전체의 안녕을 지켜주고 생업, 산육, 치병 등의 기원을 들어주는 마을공동체의 성소(聖所)",33.50232,126.63907,064-782-0391,region1,제주시,15,조천,와흘본향당,2941,https://api.cdn.visitjeju.net/photomng/imgpath/201804/30/f7739c09-f512-4608-a8bc-bbfa73f3b133.jpg,https://api.cdn.visitjeju.net/photomng/thumbnailpath/201804/30/62026d08-4ea9-4df5-9284-4a557dae551e.jpg,"['문화유적지', '문화관광', '역사유적', '어트랙션', '2023_관광10선_봄', 'Moment_봄']"
CNTS_000000000018456,화순리 유채꽃길,제주특별자치도 서귀포시 안덕면 화순리 1230-4,서귀포시 안덕면 서광동 사거리부터 화순리 사거리까지의 유채꽃길.,33.25176,126.33404,--,region2,서귀포시,23,안덕,화순리 유채꽃길,2019022592186,https://api.cdn.visitjeju.net/photomng/imgpath/202111/30/010bc443-8fa8-4379-83f9-4598e27bf383.JPG,https://api.cdn.visitjeju.net/photomng/thumbnailpath/202111/30/f1b573bc-dc7d-4d66-9654-1b28f5b466fe.JPG,"['걷기/등산', '경관/포토', '친구', '맑음', '봄', '자연경관', '도보여행', '도보', '포토스팟', '봄꽃', '유채꽃']"
CNTS_000000000018457,민속해안로,제주특별자치도 서귀포시 표선면 일주동로 6228,세화와 표선을 연결하는 해안도로,33.316566,126.84169,--,region2,서귀포시,26,표선,민속해안로,2957,https://api.cdn.visitjeju.net/photomng/imgpath/201804/30/6b494ea1-090e-45af-a53c-a02638cd340b.jpg,https://api.cdn.visitjeju.net/photomng/thumbnailpath/201804/30/69806fdc-6020-4c61-a134-408853914851.jpg,"['해변', '걷기/등산', '혼자', '맑음', '쉬움']"
CNTS_000000000018458,바람모루,제주특별자치도 서귀포시 서호동,제주 혁신도시에 위치한 도심 속 힐링 공간,33.252605,126.51699,--,region2,서귀포시,21,서귀포시내,바람모루,2019022561357,https://api.cdn.visitjeju.net/photomng/imgpath/201909/02/66765853-ea67-489f-97fc-ce1c8e4a1882.jpg,https://api.cdn.visitjeju.net/photomng/thumbnailpath/201909/02/b98a9037-ac39-4e1a-9797-8ea2bc356de9.jpg,"['걷기/등산', '부모', '아이', '화장실', '아주 어려움', '자연경관', '어린이']"
CNTS_000000000018460,명월성지,제주특별자치도 제주시 한림읍 명월리 2236,제주특별자치도 제주시 한림읍 명월리에 있는 조선시대의 성터.,33.40050940734815,126.26125579154052,064-710-6704,region1,제주시,13,한림,명월성지,2019022583451,https://api.cdn.visitjeju.net/photomng/imgpath/202110/19/138294c4-baae-4e7c-a0c6-c98a5c81115d.jpg,https://api.cdn.visitjeju.net/photomng/thumbnailpath/202110/19/9e67a7f7-48fb-4c2e-b48f-e41450d278a1.jpg,"['문화유적지', '문화관광', '역사유적', '언택트', '어트랙션']"
CNTS_000000000018467,추사적거지,제주특별자치도 서귀포시 대정읍 추사로 44,추사 김정희의 예술혼이 남아 있는 곳,33.25022,126.27838,064-710-6801,region2,서귀포시,22,대정,추사적거지,2019022594559,https://api.cdn.visitjeju.net/photomng/imgpath/202112/15/ebd2fb84-3fb8-492a-bda9-81ec45534507.jpg,https://api.cdn.visitjeju.net/photomng/thumbnailpath/202112/15/f0fff565-93a7-4b9e-8466-d441eef76bf8.jpg,"['친구', '아이', '문화유적지', '문화관광', '역사유적', '어린이', '어트랙션', '무장애관광', '공용주차장', '엘리베이터', '단독접근가능', '단차없음', '시각장애인 접근성', '장애인 화장실', '승강기', '장애인 전용 주차장', '수동 휠체어 대여 가능', '어려움']"
CNTS_000000000018468,제주동백수목원,제주특별자치도 서귀포시 남원읍 위미리 927,붉은 아기동백이 올망종망 피어있는 동백숲,33.302706,126.6568975,064-764-4473,region2,서귀포시,25,남원,위미리 애기동백나무군락,2018052312107,https://api.cdn.visitjeju.net/photomng/imgpath/201812/27/b1c9d983-fdcb-4c92-91fd-de774f1c3a33.JPG,https://api.cdn.visitjeju.net/photomng/thumbnailpath/201812/27/d176bcdc-620c-476d-b7c9-cdedaf16b220.JPG,"['경관/포토', '커플', '겨울', '제주동백수목원', '자연경관', '동백', '포토스팟', '공용주차장']"
CNTS_000000000018472,김녕금속공예벽화마을,제주특별자치도 제주시 구좌읍 김녕항3길 18-16,김녕리의 금속공예 조각품과 벽화가 있는 아름다운 마을,33.557953,126.74662,064-783-5040,region1,제주시,16,구좌,김녕금속공예벽화마을,2019022591005,https://api.cdn.visitjeju.net/photomng/imgpath/202111/23/8ffcfa65-b381-486c-b2d2-6cb1d924efd1.JPG,https://api.cdn.visitjeju.net/photomng/thumbnailpath/202111/23/77d44508-0645-4072-975e-5c659d6e6638.JPG,"['예술', '경관/포토', '문화유적지', '커플', '흐림', '가을', '단독접근가능', '단차없음', '쉬움', '문화관광', '역사유적', '마을산책', '마을관광', '포토스팟', '무장애관광']"
CNTS_000000000018474,제주올레 1코스,제주특별자치도 서귀포시 성산읍 오조리 396-1,제주의 가장 첫 번째 제주올레 길의 탄생,33.47192,126.91505,064-762-2190,region2,서귀포시,17,성산,제주올레 1코스,2019022563437,https://api.cdn.visitjeju.net/photomng/imgpath/201910/02/4248c762-e2aa-47b4-b8e6-a90ffbfea01c.jpg,https://api.cdn.visitjeju.net/photomng/thumbnailpath/201910/02/7e147024-ec72-4bd3-98ec-1c3a5668e24b.jpg,"['올레', '걷기/등산', '친구', '자연경관', '도보여행', '도보']"
CNTS_000000000018475,방일리공원,제주특별자치도 제주시 정원로 50,한라대학교 탐라도서관 바로 옆에 생긴 도심형 공원,33.47767511759223,126.47673767354127,--,region1,제주시,11,제주시내,방일리공원,3072,https://api.cdn.visitjeju.net/photomng/imgpath/201804/30/261c6a2a-c842-410d-9dd9-8a39f2fd3740.jpg,https://api.cdn.visitjeju.net/photomng/thumbnailpath/201804/30/b296eb59-dfe1-420d-ae44-682fcb8e2437.jpg,"['휴식/힐링', '자연경관']"
CNTS_000000000018478,제주올레 8코스,제주특별자치도 서귀포시 예래해안로 256,주상절리를 보고 해안을 따라 걷는 바당올레,33.23657,126.38887,064-762-2190,region2,서귀포시,24,중문,Jeju Olle Course 8,3086,https://api.cdn.visitjeju.net/photomng/imgpath/201804/30/0074c8d9-a8c2-4cbf-97d4-385732105af6.jpg,https://api.cdn.visitjeju.net/photomng/thumbnailpath/201804/30/9af13fcc-aa03-4fbb-83e1-13684f63f4e0.jpg,"['올레', '걷기/등산', '친구', '혼자', '가을', '자연경관', '도보여행', '도보']"
CNTS_000000000018480,탐나라공화국(제주남이섬),제주특별자치도 제주시 한림읍 한창로 897,제주의 자연과 문화를 스토리텔링으로 풀어낸 테마파크,33.355577,126.3056877,064-772-2878,region1,제주시,13,한림,탐나라공화국(제주남이섬),2019022592152,https://api.cdn.visitjeju.net/photomng/imgpath/202111/30/920fa799-a5ec-4f9f-95c8-b7dc9142140b.JPG,https://api.cdn.visitjeju.net/photomng/thumbnailpath/202111/30/59a310a4-b2e4-4b9a-bb5e-bc4d1113ba37.JPG,"['여자', '남자', '휴식', '맑음', '가을', '문화관광', '언택트', '어트랙션']"
CNTS_000000000018483,뒤굽은이오름,제주특별자치도 서귀포시 성산읍 수산리 4504,뒤가 굽은 오름이라는 뜻으로 후곡악이라고 부르는 오름,33.431107920374416,126.82725551638794,--,region2,서귀포시,17,성산,뒤굽은이오름,2019022560451,https://api.cdn.visitjeju.net/photomng/imgpath/201908/21/e2e6a47f-c12a-4512-a41e-81198356dc69.jpg,https://api.cdn.visitjeju.net/photomng/thumbnailpath/201908/21/c0e75e72-8d90-423d-a29b-6e767fa17123.jpg,"['커플', '친구', '맑음', '오름', '자연경관', '도보여행', '도보']"
CNTS_000000000018496,노을승마장,제주특별자치도 제주시 우도면 우도해안길 406-1,우도 승마장중 규모가 꽤 큰 승마장,33.51140616037434,126.94383286499021,--,region3,섬 속의 섬,31,우도,Noeul Horse Riding Area,3123,https://api.cdn.visitjeju.net/photomng/imgpath/201804/30/59b405a9-8a65-435f-bf53-8040329240f0.jpg,https://api.cdn.visitjeju.net/photomng/thumbnailpath/201804/30/6f03f4d5-ceda-429f-bc95-19a0b01b1056.jpg,"['승마', '액티비티', '체험', '레저/체험', '어트랙션']"
CNTS_000000000018503,톨칸이,제주특별자치도 제주시 우도면 연평리 1732-1,소의 여물통을 닮은 톨칸이해변,33.492393,126.9579,--,region3,섬 속의 섬,31,우도,톨칸이,2019022590946,https://api.cdn.visitjeju.net/photomng/imgpath/202111/23/22d321c3-03f4-4fee-8861-7975dcb7698c.JPG,https://api.cdn.visitjeju.net/photomng/thumbnailpath/202111/23/64e8837d-562f-40b5-80d6-bdd816d63692.JPG,"['커플', '친구', '혼자', '경관/포토', '해변', '자연경관', '포토스팟']"
CNTS_000000000018504,마라도등대,제주특별자치도 서귀포시 대정읍 가파리 642,동중국해와 제주도 남부해역을 오가는 선박들이 육지초인표지,33.116715436368224,126.26951170765687,064-792-8507,region3,섬 속의 섬,33,마라도,Marado Island Lighthouse,3137,https://api.cdn.visitjeju.net/photomng/imgpath/201804/30/7c4cd94a-290e-42f7-9a8f-dee857198cfb.jpg,https://api.cdn.visitjeju.net/photomng/thumbnailpath/201804/30/36238f9b-f8ac-48b3-b1e2-40d6259c6a5e.jpg,"['등대', '경관/포토', '포토스팟']"
CNTS_000000000018507,마라도관광쉼터,제주특별자치도 서귀포시 대정읍 마라로 139,2003년 12월 연면적 131㎡에 지상 1층 규모로 지어진 마라도관광쉼터,33.114143,126.268616,--,region3,섬 속의 섬,33,마라도,마라도관광쉼터,3155,https://api.cdn.visitjeju.net/photomng/imgpath/201804/30/05b3fc1a-f50d-431c-a425-41264c7a8f4a.jpg,https://api.cdn.visitjeju.net/photomng/thumbnailpath/201804/30/680a7eb5-6a08-44af-95e8-5804a3762564.jpg,"['부모', '화장실', '아주 어려움', '어트랙션']"
CNTS_000000000018650,성김대건신부표착기념관,제주특별자치도 제주시 한경면 용수1길 108,용수리의 천주교 성지,33.322792,126.16779,064-772-1252,region1,제주시,14,한경,성김대건신부표착기념관,2019022595466,https://api.cdn.visitjeju.net/photomng/imgpath/202112/23/79953c33-4093-493f-9e6e-90c7d0fbe8bb.jpg,https://api.cdn.visitjeju.net/photomng/thumbnailpath/202112/23/1d55db5c-9995-4489-bea0-9424b5b96981.jpg,"['실내', '미술/박물관', '사계절', '실내관광지', '문화관광', '어트랙션', '무장애관광', '공용주차장', '화장실', '단독접근가능', '단차없음', '장애인 화장실', '장애인 전용 주차장', '쉬움']"
CNTS_000000000018654,해거름전망대,제주특별자치도 제주시 한경면 일주서로 4641,하루의 마무리는 해거름전망대에서,33.37016,126.20664,--,region1,제주시,14,한경,해거름전망대,3427,https://api.cdn.visitjeju.net/photomng/imgpath/201804/30/a81adc86-6696-4e15-829b-f6c8d3cd2ab4.jpg,https://api.cdn.visitjeju.net/photomng/thumbnailpath/201804/30/5971452b-67ba-412e-8a17-c9416ce816e6.jpg,"['경관/포토', '맑음', '포토스팟', '어트랙션', '공용주차장']"
CNTS_000000000018726,제주올레 14-1코스,제주특별자치도 서귀포시 안덕면 서광리 산 50-22,‘곶자왈’로 통하는 올레 14-1코스,33.304893,126.28878,064-762-2190,region2,서귀포시,23,안덕,제주올레 14-1코스,2019022594459,https://api.cdn.visitjeju.net/photomng/imgpath/202112/14/afad406e-d03d-431a-bff4-ad67ab5e77e7.jpg,https://api.cdn.visitjeju.net/photomng/thumbnailpath/202112/14/4033f4e2-7b63-411a-a123-6201fad39939.jpg,"['올레', '걷기', '친구', '혼자', '봄', '자연경관', '도보여행', '도보']"
CNTS_000000000018727,제주올레 13코스,제주특별자치도 제주시 한경면 조수리 2137-2,"바다에서부터 시작하는, 울창한 숲과 함께 걷는 한적한 길",33.32883,126.21221,064-762-2190,region1,제주시,14,한경,Jeju Olle Course 13,3601,https://api.cdn.visitjeju.net/photomng/imgpath/201804/30/31ab61cb-f0d1-4c50-a4f4-d380fa6950a8.jpg,https://api.cdn.visitjeju.net/photomng/thumbnailpath/201804/30/4cb7b241-9ff4-4db1-94ca-47e977d41049.jpg,"['올레', '걷기/등산', '친구', '혼자', '봄', '자연경관', '도보여행', '도보']"
CNTS_000000000018728,제주올레 14코스,제주특별자치도 제주시 한림읍 월령리 산 9-15,"올레 탐사팀이 만들어낸 비경, 숲길과 해변이 연이은 곳",33.371227,126.224846,064-762-2190,region1,제주시,13,한림,제주올레 14코스,2019022561688,https://api.cdn.visitjeju.net/photomng/imgpath/201909/06/344c2126-35a9-4df6-b7c9-831c84103a44.jpg,https://api.cdn.visitjeju.net/photomng/thumbnailpath/201909/06/b6b867f4-a1be-4d27-b945-345ec3ea799e.jpg,"['올레', '걷기/등산', '친구', '혼자', '봄', '자연경관', '도보여행', '도보']"
CNTS_000000000018744,무등이왓터,제주특별자치도 서귀포시 안덕면 신화역사로586번길 21-7,불에 타 흔적만 남은 마을의 터,33.3094417,126.3521864,--,region2,서귀포시,23,안덕,무등이왓터,2019022595084,https://api.cdn.visitjeju.net/photomng/imgpath/202112/21/6801fa6a-bfa1-46fd-a36b-e7080ade7663.JPG,https://api.cdn.visitjeju.net/photomng/thumbnailpath/202112/21/34f974e9-d564-4cdf-804b-a3d87b7f5525.JPG,"['문화유적지', '맑음', '역사유적', '어트랙션', '공용주차장']"
CNTS_000000000018748,제주올레 9코스,제주특별자치도 서귀포시 안덕면 감산리 982-2,드넓은 초원과 우거진 숲길을 따라 걷는 길,33.2371,126.36139,064-762-2190,region2,서귀포시,23,안덕,제주올레 9코스,2019022591482,https://api.cdn.visitjeju.net/photomng/imgpath/202111/25/a3c3367a-733c-4585-b179-6b544f19e4f9.jpg,https://api.cdn.visitjeju.net/photomng/thumbnailpath/202111/25/3bcbef80-5ddd-497c-8c3e-92cf23853fad.jpg,"['올레', '걷기/등산', '친구', '혼자', '맑음', '봄', '가을', '자연경관', '도보여행', '도보']"
CNTS_000000000018792,제주올레 10코스,제주특별자치도 서귀포시 대정읍 상모리 산 2-27,바다와 한라산의 그림같은 비경을 동시에,33.201736,126.28757,064-762-2190,region2,서귀포시,23,안덕,제주올레 10코스,2019022590120,https://api.cdn.visitjeju.net/photomng/imgpath/202111/18/2857db7c-2b2b-4b8e-8ab0-cd2c956cb37c.jpg,https://api.cdn.visitjeju.net/photomng/thumbnailpath/202111/18/a34a2bde-222e-4346-9747-2d4a60c109a1.jpg,"['올레', '걷기/등산', '친구', '혼자', '봄', '가을', '자연경관', '도보여행', '도보']"
CNTS_300000000013689,제주교래자연휴양림야영장,제주특별자치도 제주시 조천읍 남조로 2023,곶자왈 숲속에서 즐기는 힐링과 체험,33.4180631,126.6534847,064-710 -7475,region1,제주시,15,조천,제주교래자연휴양림야영장,2019022655613,https://api.cdn.visitjeju.net/photomng/imgpath/202508/19/f16affa0-2ff6-47ec-b641-f368e863d8fa.jpg,https://api.cdn.visitjeju.net/photomng/thumbnailpath/202508/19/8299a76b-dd35-49b8-8b25-1844b33ffdb7.jpg,"['제주숲길', ' 제주휴양림', ' 제주트래킹', ' 삼림욕', '  힐링', ' 숲길산책', ' 교래곶자왈', ' 야영장', '화장실', '현금결제', '카드결제', '실외']"
CNTS_000000000018797,화순곶자왈생태탐방숲길,제주특별자치도 서귀포시 안덕면 화순서동로 151,"한라산과 산방산이 보이는, 북방계와 남방계 식물이 공존하는 신비로운 곶자왈",33.264614,126.33123,064-794-9008,region2,서귀포시,23,안덕,화순곶자왈생태탐방숲길,2019022592170,https://api.cdn.visitjeju.net/photomng/imgpath/202111/30/a7961a12-e79e-4a4f-ae47-903123185d67.JPG,https://api.cdn.visitjeju.net/photomng/thumbnailpath/202111/30/23fe7e69-6ccf-4bec-8a91-3d7e62c94284.JPG,"['숲길', '걷기/등산', '친구', '커플', '흐림', '여름', '자연경관', '도보여행', '도보', '곶자왈', '숲', '식물군락지', '실외', '하', '기타', '산책로', '1시간 미만']"
CNTS_000000000018863,섬속의섬우도렌트,제주특별자치도 제주시 우도면 우도해안길 84-2,우도 천진항에 위치한 섬속의섬 우도렌트입니다.,33.5033191,126.9556775,010-3951-2349,region3,섬 속의 섬,31,우도,Udo Rent,3801,https://api.cdn.visitjeju.net/photomng/imgpath/201804/30/4e9771b0-04c3-4fbf-9ea2-c90ab7fd11a9.gif,https://api.cdn.visitjeju.net/photomng/thumbnailpath/201804/30/be9844f3-7bf4-43ae-9d86-edd51c40c46f.gif,"['액티비티', '맑음', '우도', '체험', '레저/체험', '어트랙션']"
CNTS_000000000018894,고산일과해안도로,제주특별자치도 서귀포시 대정읍 영락하동로 9-6,서쪽을 밝히는 노을이 아름다운 해안도로,33.279945,126.16963,--,region2,서귀포시,22,대정,고산일과해안도로,2019022593871,https://api.cdn.visitjeju.net/photomng/imgpath/202112/09/5bf6063c-5e04-4f94-87f7-439a17a37b11.jpg,https://api.cdn.visitjeju.net/photomng/thumbnailpath/202112/09/2c4b268a-3b78-4ee8-8a2a-8948b2639708.jpg,"['일몰', '해변', '드라이브', '커플', '맑음']"
CNTS_000000000018909,대한민국최남단기념비/ 마라도 기념비,제주특별자치도 서귀포시 대정읍 마라로 131,대한민국의 최남단이 바로 이 곳,33.114143,126.268616,--,region3,섬 속의 섬,33,마라도,대한민국최남단기념비/ 마라도 기념비,2019022593159,https://api.cdn.visitjeju.net/photomng/imgpath/202112/06/277769d5-28ed-4581-8d8d-b4ae031cdbb9.jpg,https://api.cdn.visitjeju.net/photomng/thumbnailpath/202112/06/1f86fec8-1937-41e0-b1fd-7afd3a68d813.jpg,"['경관/포토', '부모', '커플', '혼자', '친구', '아이', '마라도', '포토스팟', '어린이', '어트랙션']"
CNTS_000000000018946,넌걸어난탈래,제주특별자치도 제주시 우도면 2395-5,"스쿠터, 자전거 대여점",33.509293,126.94373,064-783-0456,region3,섬 속의 섬,31,우도,우도스쿠터여행,4027,https://api.cdn.visitjeju.net/photomng/imgpath/201804/30/b17ce153-5e52-43d8-a3fe-a94f7c281edd.gif,https://api.cdn.visitjeju.net/photomng/thumbnailpath/201804/30/a0017720-3f04-435b-b1c6-0c817117963a.gif,"['액티비티', '친구', '커플', '맑음', '가을', '체험', '레저/체험', '어트랙션']"
CNTS_000000000018956,우도올레보트,제주특별자치도 제주시 우도면 연평리 2615-2,우도 스피드보트 이용 가능,33.501495,126.94424,010-4132-8279,region3,섬 속의 섬,31,우도,우도올레보트,4052,https://api.cdn.visitjeju.net/photomng/imgpath/201804/30/e4cdd644-f658-4196-84fa-24c3418e8cc6.gif,https://api.cdn.visitjeju.net/photomng/thumbnailpath/201804/30/a6e5a303-1223-4f6b-940f-333f39415791.gif,"['올레', '액티비티', '맑음', '체험', '레저/체험', '수상레저', '어트랙션']"
CNTS_000000000019007,제주올레 12코스,제주특별자치도 서귀포시 대정읍 신도리 2883-2,다채로운 자연경관이 있어 걷는 즐거움이 가득한 길,33.286324,126.171646,064-762-2190,region2,서귀포시,22,대정,Jeju Olle Course 12,4146,https://api.cdn.visitjeju.net/photomng/imgpath/201804/30/d8ce0e1a-49a7-4ff0-a9a1-805a766f9148.jpg,https://api.cdn.visitjeju.net/photomng/thumbnailpath/201804/30/8bdb732e-084e-485b-b958-1336cf764ca0.jpg,"['올레', '걷기/등산', '친구', '혼자', '봄', '가을', '자연경관', '도보여행', '도보']"
CNTS_000000000019012,형제해안도로,제주특별자치도 서귀포시 대정읍 상모리 1649-1,형제섬과 마라도의 풍경을 즐기다,33.201102619182144,126.26553679882818,--,region2,서귀포시,22,대정,형제해안도로,2019022561649,https://api.cdn.visitjeju.net/photomng/imgpath/201909/06/79d57693-c497-4dff-926a-d2cd949ffe33.jpg,https://api.cdn.visitjeju.net/photomng/thumbnailpath/201909/06/f068602a-81ca-4e69-be48-87d2b2fd1b7d.jpg,"['해변', '드라이브', '맑음', '가을']"
CNTS_000000000019077,추자등대,제주특별자치도 제주시 추자면 영흥리 77-3,추자 10경의 하나로 상추자도 전경이 조망되는 곳,33.9568,126.297806,--,region3,섬 속의 섬,32,추차도,Chujado Island Lighthouse,4232,https://api.cdn.visitjeju.net/photomng/imgpath/201804/30/d46383be-0c6f-4d4c-b13f-2842c2fde69d.jpg,https://api.cdn.visitjeju.net/photomng/thumbnailpath/201804/30/1ae82bc3-9157-4832-b353-6700a4ec1623.jpg,"['등대', '경관/포토', '맑음', '가을', '포토스팟']"
CNTS_000000000019087,모진이몽돌해변,제주특별자치도 제주시 추자면 신양리 56,추자도 해안의 몽돌밭 중 100여 미터 정도 이어진 아름다운 몽돌밭,33.946087,126.33401,064-728-4292,region3,섬 속의 섬,32,추차도,Mojini Mongdol Beach,4290,https://api.cdn.visitjeju.net/photomng/imgpath/201804/30/fe6230f1-0db3-4449-a53f-ebcc3a923ea0.jpg,https://api.cdn.visitjeju.net/photomng/thumbnailpath/201804/30/7756961f-4957-46e2-b581-228563b7a21a.jpg,"['해변', '경관/포토', '맑음', '여름', '자연경관', '포토스팟']"
CNTS_000000000019104,추자도 숭어체험장,제주특별자치도 제주시 추자면 석두리길 4,신양리 마을에 조성되어 있는 숭어 체험장,33.93998,126.32354,--,region3,섬 속의 섬,32,추차도,Chujado Fishing Experience Area,4360,https://api.cdn.visitjeju.net/photomng/imgpath/201804/30/124111f0-4837-4b81-aa7b-03ad576cf385.jpg,https://api.cdn.visitjeju.net/photomng/thumbnailpath/201804/30/19b0e14c-ba77-49f5-9920-e3bc126c00c1.jpg,"['커플', '친구', '체험관광', '액티비티', '청년', '휴식/치유', '경관/포토', '체험', '레저/체험', '포토스팟', '수상레저', '어트랙션']"
CNTS_000000000019122,세계술박물관,제주특별자치도 서귀포시 표선면 한마음초등로 431,우리나라 전통주를 비롯하여 세계의 술의 역사를 알 수 있는 박물관,33.3539592,126.817669,064-787-9500,region2,서귀포시,26,표선,World Liquor Museum,4435,https://api.cdn.visitjeju.net/photomng/imgpath/201804/30/bbeee928-9c57-4824-a8cb-bc104ff3a9fb.jpg,https://api.cdn.visitjeju.net/photomng/thumbnailpath/201804/30/1353894e-8873-4d0c-9fa9-e6afcc4195fe.jpg,"['실내', '미술/박물관', '친구', '비.눈', '겨울', '실내관광지', '문화관광', '박물관', '어트랙션', '공용주차장', '현금결제', '카드결제', '화장실', '음료대', '유도 및 안내시설', '경보 및 피난시설', '하', '공연/전시', '1시간 미만']"
CNTS_000000000019191,우도 비양도,제주특별자치도 제주시 우도면 연평리,"우도 섬 속에 또 하나의 섬, 비양도",33.51471143926064,126.9674228932762,--,region3,섬 속의 섬,31,우도,우도 비양도,2019022586278,https://api.cdn.visitjeju.net/photomng/imgpath/202111/02/1b8d9a22-d8bf-44bc-9769-10836f5049af.jpg,https://api.cdn.visitjeju.net/photomng/thumbnailpath/202111/02/4dcc857a-ee0b-4039-8289-10b06d9645c7.jpg,"['일출', '경관/포토', '아이', '맑음', '봄', '자연경관', '포토스팟', '어린이', '언택트', 'k-drama']"
CNTS_000000000019197,중문골프장,제주특별자치도 서귀포시 중문관광로72번길 60 (색달동),미 PGA가 아시아에서는 최초로 공인한 정통골프코스가 있는 곳,33.252026,126.40774,064-738-1202,region2,서귀포시,24,중문,중문골프장,4540,https://api.cdn.visitjeju.net/photomng/imgpath/201804/30/be386259-fc97-42a5-b681-2ff17c52bfd3.jpg,https://api.cdn.visitjeju.net/photomng/thumbnailpath/201804/30/4a7be55d-c4a5-4b03-a150-2117475a74a3.jpg,"['친구', '부모', '맑음', '체험관광', '액티비티', '커플', '골프', '공용주차장', '현금결제', '카드결제', '화장실', '흡연구역', '음료대', '아주 어려움', '체험', '레저/체험', '어트랙션']"
CNTS_000000000019199,송당리,제주특별자치도 제주시 구좌읍 중산간동로 2218-3,소원비는 마을 송당마을.,33.47106,126.78093,064-782-7489,region1,제주시,16,구좌,송당리,4547,https://api.cdn.visitjeju.net/photomng/imgpath/201804/30/638ee335-0363-4036-bba8-0a7ce6d5f10b.jpg,https://api.cdn.visitjeju.net/photomng/thumbnailpath/201804/30/8804b6d6-a909-4cff-a23c-a2ffc5cf287c.jpg,"['휴식/힐링', '봄']"
CNTS_000000000019212,조함해안도로,제주특별자치도 제주시 조천읍 조천리 3037-3,"제주올레 18코스의 끝, 바다를 따라 가는 길",33.543823,126.63693,--,region1,제주시,15,조천,조함해안도로,2019022560767,https://api.cdn.visitjeju.net/photomng/imgpath/201908/22/edf41fe5-d46f-4df7-a847-bb0873a54257.jpg,https://api.cdn.visitjeju.net/photomng/thumbnailpath/201908/22/ad8e3ec9-d1cc-43e0-9bed-638ccc5ccbb2.jpg,"['친구', '커플', '드라이브', '부모', '혼자', '아이', '맑음', '공용주차장', '아주 어려움', '자연경관', '어린이']"
CNTS_000000000019215,한림해안도로,제주특별자치도 제주시 한림읍 귀덕리,귀덕궤물동산에서 비양도를 지나 옹포사거리까지 여유를 느끼며 달릴 수 있는 해안도로,33.435574,126.26823,--,region1,제주시,13,한림,한림해안도로,2019022589861,https://api.cdn.visitjeju.net/photomng/imgpath/202111/17/4f83506a-e547-46d3-8373-d82d77cb686d.jpg,https://api.cdn.visitjeju.net/photomng/thumbnailpath/202111/17/b0f87267-a3f8-4d76-8c34-f09ac9baf1cf.jpg,"['커플', '친구', '드라이브', '올레', '자전거', '자연경관']"
CNTS_000000000019228,자구리공원,제주특별자치도 서귀포시 칠십리로 145,"생활근린공원으로 해안가에 위치한, 아름다운 풍경과 낭만이 있는 산책공원",33.24342321826576,126.56944972275392,064-760-3192,region2,서귀포시,21,서귀포시내,자구리공원,2019022590832,https://api.cdn.visitjeju.net/photomng/imgpath/202111/23/1ea49ca7-bdc1-47ab-bbe6-501d8007cd21.JPG,https://api.cdn.visitjeju.net/photomng/thumbnailpath/202111/23/e3f609dd-45af-45c0-be0c-4b49739854c4.JPG,"['부모', '커플', '혼자', '친구', '아이', '맑음', '밤', '자연경관', '어린이']"
CNTS_000000000019310,영실기암,제주특별자치도 서귀포시 하원동,"한라산 영실코스에서 만날 수 있는 영실기암
· 세계생물권보존지역
· 세계자연유산
· 세계지질공원",33.34389,126.4925,--,region2,서귀포시,21,서귀포시내,Yeongsil Rocks,4856,https://api.cdn.visitjeju.net/photomng/imgpath/201804/30/31f407a5-dd4a-4afd-8bab-eb81e7111e33.jpg,https://api.cdn.visitjeju.net/photomng/thumbnailpath/201804/30/c72cde39-8239-46d5-97e7-32f34718fc7b.jpg,"['부모', '커플', '혼자', '친구', '비.눈', '맑음', '경관/포토', '휴식/힐링', '테마공원', '액티비티', '사계절', '청년', '중/장년', '자연경관', '체험', '레저/체험', '포토스팟', '한라산', '언택트', '어트랙션', '단풍']"
CNTS_000000000019331,천제연폭포,제주특별자치도 서귀포시 천제연로 132(중문동),"칠선녀가 목욕을 하다 간다는 전설이 있는 폭포
· 서귀포시 중문동
· 천연기념물 제378호
· 올레8코스",33.25099,126.41689,064-760-6331,region2,서귀포시,24,중문,천제연폭포,2019022584901,https://api.cdn.visitjeju.net/photomng/imgpath/202110/26/1e88b507-377d-49b0-9d26-9aa7fc1004ed.jpg,https://api.cdn.visitjeju.net/photomng/thumbnailpath/202110/26/70a2e08c-24d9-4dbd-8898-b1cb6ea7933c.jpg,"['폭포', '경관/포토', '커플', '아이', '맑음', '여름', '포토스팟', '어린이', '봄꽃', '벚꽃', '무장애관광', '공영관광지', '공용주차장', '현금결제', '카드결제', '화장실', '장애인 화장실', '장애인 전용 주차장', '어려움', '실외']"
CNTS_000000000019446,금능석물원,제주특별자치도 제주시 한림읍 한림로 176,똑같이 생긴 하르방만 본 여행객들에게 제주 석물의 진수를 감상할 수 있게 하는 곳,33.38459,126.226875,064-796-3360,region1,제주시,13,한림,금능석물원,2019022601123,https://api.cdn.visitjeju.net/photomng/imgpath/202205/30/fd593a05-2426-4e3e-bd17-5760419eb329.jpg,https://api.cdn.visitjeju.net/photomng/thumbnailpath/202205/30/bfbfe86d-693d-4252-826e-738d2437c0b1.jpg,"['테마공원', '실내관광지', '어트랙션', '안전여행스탬프', '무장애관광', '공용주차장', '화장실', '단독접근가능', '단차없음', '장애인 화장실', '장애인 전용 주차장', '수동 휠체어 대여 가능', '어려움', '1시간 미만']"
CNTS_000000000019448,귀덕연대,제주특별자치도 제주시 한림읍 귀덕14길 14-5,"귀덕연대는 귀덕초등학교 북쪽에 있으며, 명월진에 소속되어 있다.",33.4421307,126.2934016,064-728-2731,region1,제주시,13,한림,Gwideok Signaling Site,5313,https://api.cdn.visitjeju.net/photomng/imgpath/201804/30/3538d044-6c61-4f9d-bbe8-a20415fe3a53.jpg,https://api.cdn.visitjeju.net/photomng/thumbnailpath/201804/30/6ad318a9-1643-4ccd-bd2a-a75ed5897513.jpg,"['문화유적지', '봄', '문화관광', '역사유적']"
CNTS_000000000019460,금악오름(왕매),제주특별자치도 제주시 한림읍 금악리 산 1-1,금악오름에서 패러글라이딩 풍경 감상하기,33.3529941,126.31394060000002,064-740-6000,region1,제주시,13,한림,Geumak (Geum) Oreum Volcanic Cone,5337,https://api.cdn.visitjeju.net/photomng/imgpath/201804/30/17c48543-c1da-4033-b315-f8f7eae3c005.jpg,https://api.cdn.visitjeju.net/photomng/thumbnailpath/201804/30/d9887b4a-dedb-41db-a78b-762a6a5e2421.jpg,"['제주관광', ' 제주도오름', ' 일몰', ' 제주자연', ' 제주걷기', ' 트래킹', ' 분화구', ' 제주풍경', '공용주차장', '아주 어려움', '실외', '중', '1~2시간']"
CNTS_000000000019463,제주올레 15-A코스,제주특별자치도 제주시 애월읍 납읍리 2695-5,숲의 경쾌함과 바다의 청량함을 모두 느낄 수 있는 길,33.430183,126.319374,064-762-2190,region1,제주시,12,애월,제주올레 15-A코스,2019022590376,https://api.cdn.visitjeju.net/photomng/imgpath/202111/19/be9e9f74-25f2-4506-9d41-0636d3dcc76b.JPG,https://api.cdn.visitjeju.net/photomng/thumbnailpath/202111/19/d0aca444-08ac-48c4-991f-f071b3b28b14.JPG,"['커플', '혼자', '친구', '맑음', '경관/포토', '올레', '봄', '가을', '도보여행', '도보', '포토스팟']"
CNTS_000000000019464,제주카트클럽,제주특별자치도 제주시 한림읍 중산간서로 3853,제주도 최초의 카트장,33.347687,126.25606,064-772-5080,region1,제주시,13,한림,제주카트클럽,5343,https://api.cdn.visitjeju.net/photomng/imgpath/201804/30/ee6816b2-c626-4c18-947c-ac84723353c9.jpg,https://api.cdn.visitjeju.net/photomng/thumbnailpath/201804/30/39f3d4c3-bd22-46f9-8570-5b2a7a413d98.jpg,"['커플', '친구', '아이', '맑음', '액티비티', '체험', '레저/체험', '어린이', '어트랙션', '공용주차장', '현금결제', '카드결제', '화장실', '아주 어려움']"
CNTS_000000000019480,시크릿가든촬영지,제주특별자치도 서귀포시 중문관광로 198 (중문동),드넓은 잔디와 아름다운 중문바다의 이국적인 분위기,33.242905,126.42043,064-735-3000,region2,서귀포시,24,중문,Secret Garden Filming Location,5375,https://api.cdn.visitjeju.net/photomng/imgpath/201804/30/414b8d94-15cf-49e3-8065-ec2d531bd241.jpg,https://api.cdn.visitjeju.net/photomng/thumbnailpath/201804/30/44713de3-e5a6-4b7c-bc58-491fbd35af09.jpg,"['커플', '맑음', '경관/포토', '휴식/힐링', '공용주차장', '현금결제', '카드결제', '화장실', '무료 WIFI', '흡연구역', '편의점', '음료대', '유도 및 안내시설', '경보 및 피난시설', '포토스팟', '어트랙션']"
CNTS_000000000019520,제주올레 16코스,제주특별자치도 제주시 애월읍 고내리 1111-2,애월 해안도로와 제주 오름의 아름다움을 함께 즐기다,33.466846,126.338135,064-762-2190,region1,제주시,12,애월,제주올레 16코스,2019022594494,https://api.cdn.visitjeju.net/photomng/imgpath/202112/15/b8367c2d-80b7-4798-94c6-40d5b1c1690e.jpg,https://api.cdn.visitjeju.net/photomng/thumbnailpath/202112/15/b65c45dc-cee8-4d67-bfb6-0a0840a60dd5.jpg,"['올레', '걷기/등산', '친구', '혼자', '가을', '자연경관', '도보여행', '도보']"
CNTS_000000000019534,닭머르해안길,제주특별자치도 제주시 조천읍 신촌북3길 62-1,살아있는 생태의 보고,33.537785,126.61332,--,region1,제주시,15,조천,닭머르해안길,2018052307705,https://api.cdn.visitjeju.net/photomng/imgpath/201810/26/cc43fa8d-f9df-4b93-bf1f-87e5df18ddac.jpg,https://api.cdn.visitjeju.net/photomng/thumbnailpath/201810/26/9d452a70-0246-4560-84b0-e7c4badf775a.jpg,"['해변', '일몰', '걷기/등산', '맑음', '가을', '도보여행', '도보', '억새', '실외', '포토스팟']"
CNTS_000000000019535,제주레포츠랜드,제주특별자치도 제주시 조천읍 와흘상서2길 47,"일반 카트장의 3배 크기, 국제경기유치가 가능한 국내최대규모카트장",33.48239,126.63868,064-784-8800,region1,제주시,15,조천,제주레포츠랜드,2019022653523,https://api.cdn.visitjeju.net/photomng/imgpath/202506/30/3b2c200e-b822-488e-a632-aad2ef6bdcba.jpg,https://api.cdn.visitjeju.net/photomng/thumbnailpath/202506/30/e6455ddc-26df-4107-998e-731d49460dfd.jpg,"['카트', ' 제주카트', ' 서바이벌게임', ' 짚라인', ' 썰매', ' 사격', ' 테마파크', ' 체험', ' 액티비티', ' ATV', ' 버기카', ' 놀이동산', '공용주차장', '현금결제', '카드결제', '화장실', '단독접근가능', '단차없음', '어려움']"
CNTS_000000000019552,대평포구,제주특별자치도 서귀포시 안덕면 감천로190번길 9-62-2,"용왕신이 살았다던 바닷마을, 절벽의 웅장함을 지닌 대평포구",33.2371,126.36139,--,region2,서귀포시,23,안덕,대평포구,5492,https://api.cdn.visitjeju.net/photomng/imgpath/201804/30/0c0117a0-1209-4a58-b7a3-6254885b56ac.jpg,https://api.cdn.visitjeju.net/photomng/thumbnailpath/201804/30/4b2a8f02-7a35-4f66-be24-56ea60c4c8f1.jpg,"['포구', '해변', '문화유적지', '가을', '문화관광', '역사유적']"
CNTS_000000000019566,수산저수지,제주특별자치도 제주시 애월읍 수산리 1,높다란 곰솔나무가 지켜주는 저수지,33.470985,126.386505,--,region1,제주시,12,애월,수산저수지,5521,https://api.cdn.visitjeju.net/photomng/imgpath/201804/30/5ca7510a-5d1b-4230-ba64-95c098f242b2.jpg,https://api.cdn.visitjeju.net/photomng/thumbnailpath/201804/30/24fc8a88-496e-4953-bbfc-eb8750ab2640.jpg,"['경관/포토', '휴식/힐링', '자연경관', '포토스팟', '아주 어려움']"
CNTS_000000000019568,제주국제공항,제주특별자치도 제주시 공항로 2,"동북아의 중심에서 일본, 중국, 동남아를 연결하는 제주국제공항",33.5063344,126.4952613,-1661-2626,region1,제주시,11,제주시내,Jeju International Airport,5534,https://api.cdn.visitjeju.net/photomng/imgpath/201804/30/7edf9d03-e94b-44c5-b562-2f946e76cd63.jpg,https://api.cdn.visitjeju.net/photomng/thumbnailpath/201804/30/d5f680da-0025-4733-98f3-b802170a3f7b.jpg,"['공항', '제주국제공항', '실내관광지', '어트랙션', '무장애관광', '공용주차장', '현금결제', '카드결제', '화장실', '무료 WIFI', '흡연구역', '편의점', '음료대', '유도 및 안내시설', '경보 및 피난시설', '임산부 휴게시설', '엘리베이터', '단독접근가능', '단차없음', '청각장애인 접근성', '시각장애인 접근성', '저상버스 접근 가능', '장애인 전용 리프트', '장애인 화장실', '승강기', '장애인 전용 주차장', '수동 휠체어 대여 가능', '전동 휠체어 대여 가능', '테이블 비치', '쉬움']"
CNTS_000000000019594,원앙폭포,제주특별자치도 서귀포시 돈내코로 137,금슬 좋은 원앙 한 쌍이 살았다고 전해져오는 곳,33.30053,126.58174,064-733-1584,region2,서귀포시,21,서귀포시내,Wonang Falls,5666,https://api.cdn.visitjeju.net/photomng/imgpath/201804/30/89d25fcd-996a-4efe-b2db-f1ea49f874fd.gif,https://api.cdn.visitjeju.net/photomng/thumbnailpath/201804/30/cc146779-13e1-4cbe-aa94-5a312f7c06bf.gif,"['제주여행', ' 제주서귀포가볼만한곳', ' 제주돈내코 폭포', ' 포토스팟', ' 물놀이', ' 물맞이', ' 산책로', '공용주차장', '화장실', '중', '물놀이', '트레킹']"
CNTS_000000000019601,돈내코유원지,제주특별자치도 서귀포시 돈내코로 120,시원한 폭포와 상록수림으로 둘러 싸인 매력적인 곳,33.30042,126.584206,064-733-1584,region2,서귀포시,21,서귀포시내,돈내코유원지,2019022590447,https://api.cdn.visitjeju.net/photomng/imgpath/202111/19/8e2f0c6a-e550-4ff6-9e7c-d119c4120ac4.jpg,https://api.cdn.visitjeju.net/photomng/thumbnailpath/202111/19/aae2a66e-65d5-48fe-a287-9f83428fd7e4.jpg,"['계곡', '액티비티', '아이', '맑음', '여름', '체험', '레저/체험', '어린이', '수상레저', '어트랙션', '물놀이', '화장실']"
CNTS_000000000019652,김만덕객주,제주특별자치도 제주시 임항로 68,제주 구도심에 있는 미니 민속촌,33.5164883,126.5322757,064-727-8800,region1,제주시,11,제주시내,김만덕객주,2019022592991,https://api.cdn.visitjeju.net/photomng/imgpath/202112/06/8ab726aa-2425-4724-9ca2-9803524ff927.jpg,https://api.cdn.visitjeju.net/photomng/thumbnailpath/202112/06/3a0e440c-5ab0-4aaf-9760-11d6cdf7b88a.jpg,"['부모', '커플', '친구', '혼자', '흐림', '맑음', '문화유적지', '실내관광지', '문화관광', '역사유적', '어트랙션', '식당', '객주', '미니민속', '공영관광지', '반려동물', '반려동물동반입장', '혼저옵서개', '반려동물동반_식당카페', '화장실', '실내+실외', '하', '체험', '공연/전시', '기타', '1~2시간']"
CNTS_000000000019656,마원,제주특별자치도 제주시 조천읍 선흘리 2107-2,제주의 풍경을 즐기면서 편안하게 말을 탈 수 있는 승마체험,33.45935559999999,126.7033584,010-8229-0615,region1,제주시,15,조천,마원,2019022594036,https://api.cdn.visitjeju.net/photomng/imgpath/202112/10/3673f89f-9bd8-4558-9084-94218e311941.png,https://api.cdn.visitjeju.net/photomng/thumbnailpath/202112/10/d11c5a65-5c46-49e6-aa0d-68bfb62e5dcc.png,"['부모', '커플', '친구', '아이', '맑음', '액티비티', '체험', '레저/체험', '어린이', '어트랙션', '현금결제', '카드결제', '화장실', '편의점']"
CNTS_000000000019692,비양도등대,제주특별자치도 제주시 한림읍 비양도길 84비양도,비양도의 비양오름 정상에 있는 무인등대,33.410194,126.22714,--,region3,섬 속의 섬,34,비양도,비양도등대,2019022594124,https://api.cdn.visitjeju.net/photomng/imgpath/202112/13/778445e7-e56c-4887-a25b-4e9e20dafc8a.jpg,https://api.cdn.visitjeju.net/photomng/thumbnailpath/202112/13/34052e39-2b02-4f48-92c1-f37137061517.jpg,"['등대', '경관/포토', '맑음', '봄', '포토스팟']"
CNTS_000000000019743,종달리해변,제주특별자치도 제주시 구좌읍 종달리 565-72,이름도 예쁜 ＇종달리＇라는 마을은 동쪽의 끝이란 의미를 가진 소박하고 귀여운 동네에 위치한 종달리 해변입니다.,33.51134649489085,126.8992494054321,064-728-7783,region1,제주시,16,구좌,종달리해변,6264,https://api.cdn.visitjeju.net/photomng/imgpath/201804/30/cdb69aee-8b3e-4a99-8ef0-ae326389eaa7.jpg,https://api.cdn.visitjeju.net/photomng/thumbnailpath/201804/30/616136b5-3560-42f5-bd9f-4cd449cdf6cd.jpg,"['해변', '경관/포토', '친구', '커플', '맑음', '여름', '자연경관', '포토스팟']"
CNTS_000000000019747,쉼한모금,제주특별자치도 서귀포시 산록남로 1258,하늘과 바다가 맞닿은 지상최고의 전망과 신이 연출한 대자연 속 녹차미로공원에서 차한잔의 여유를 즐겨보자.,33.290375,126.42282,064-738-4433,region2,서귀포시,24,중문,제주다원 녹차미로공원,2019022590077,https://api.cdn.visitjeju.net/photomng/imgpath/202111/18/8ff45c52-eaed-4b08-9ab8-2c25c05fd6d0.jpg,https://api.cdn.visitjeju.net/photomng/thumbnailpath/202111/18/a45d073d-bd88-4bb0-9011-31e7b86e91f5.jpg,"['아이', '흐림', '봄', '어린이', '녹차', '녹차밭', '반려동물', '반려동물동반입장', '반려동물동반_관광지', '공용주차장', '현금결제', '카드결제', '화장실', '무료 WIFI']"
CNTS_000000000019754,약천사 템플스테이,제주특별자치도 서귀포시 이어도로 293-28 (대포동),"""아름다운 삶의 소리, 참된 나를 찾아 가는 길""",33.24533,126.44967,064-738-5000,region2,서귀포시,21,서귀포시내,약천사 템플스테이,2019022585080,https://api.cdn.visitjeju.net/photomng/imgpath/202110/27/ab4b4f0e-b0ec-4e6a-a19d-94fe283a2571.jpg,https://api.cdn.visitjeju.net/photomng/thumbnailpath/202110/27/9064ad17-6473-4cd5-861d-1e3a24a7d115.jpg,"['템플스테이', '휴식/힐링', '커플', '흐림', '사계절', '공용주차장', '현금결제', '화장실', '실내관광지', '체험', '어트랙션']"
CNTS_000000000019761,곽지해수욕장야영장,제주특별자치도 제주시 애월읍 곽지리 1565,곽지해수욕장에 위치한 야영장,33.450752,126.30563,--,region1,제주시,12,애월,Gwakji Beach Camping Site,6309,https://api.cdn.visitjeju.net/photomng/imgpath/201804/30/fb01da95-69a8-41a8-a57c-33e00ebc38e3.jpg,https://api.cdn.visitjeju.net/photomng/thumbnailpath/201804/30/bc8a96fa-3fcb-43f4-bb5f-3e9be9992de2.jpg,"['제주바다', '제주도', '캠핑', '제주캠핑장', '제주야영장', '제주도캠핑', '야영장', '곽지해수욕장', '공용주차장', '화장실']"
CNTS_000000000019768,김녕해수욕장야영장,제주특별자치도 제주시 구좌읍 해맞이해안로 7-6,아름다운 김녕해수욕장과 풍차해안을 마주할 수 있는 멋진 야영장,33.55699,126.7602,064-784-8679,region1,제주시,16,구좌,김녕해수욕장야영장,6322,https://api.cdn.visitjeju.net/photomng/imgpath/201804/30/f581a7c0-8fd1-4f2e-b466-9f583104ffb5.jpg,https://api.cdn.visitjeju.net/photomng/thumbnailpath/201804/30/70347c35-1442-43db-8458-45bf528eb7cf.jpg,"['해수욕장', '해변', '액티비티', '아이', '여름', '야영장', '캠핑장', '실외', '자연경관', '체험', '레저/체험', '물놀이', '어린이', '수상레저', '캠핑', '언택트', '어트랙션']"
CNTS_000000000019909,용두암해안도로카페거리,제주특별자치도 제주시 용담3동,낭만스러운 노을을 감상할 수 있는 곳,33.519577,126.492165,--,region1,제주시,11,제주시내,용두암해안도로카페거리,2019022591969,https://api.cdn.visitjeju.net/photomng/imgpath/202111/30/6fda3d54-3bf3-4fb6-aae5-c4580e953087.JPG,https://api.cdn.visitjeju.net/photomng/thumbnailpath/202111/30/4e32bcdd-765f-453e-afa9-9b3c5d828e6a.JPG,"['일몰', '밤', '커플', '화장실', '편의점', '드라이브']"
CNTS_000000000019926,올레여행자센터,제주특별자치도 서귀포시 중정로 22,제주 여행자들의 베이스캠프,33.247406,126.55873,064-762-2190,region2,서귀포시,21,서귀포시내,올레여행자센터,2019022630295,https://api.cdn.visitjeju.net/photomng/imgpath/202401/17/c478d5d8-bf53-4591-8c23-768147a815da.png,https://api.cdn.visitjeju.net/photomng/thumbnailpath/202401/17/f1be063a-474d-4d71-b640-958795e09909.png,"['커플', '혼자', '친구', '올레', '도보여행', '도보', '어트랙션', '안전여행스탬프', '공용주차장', '현금결제', '카드결제', '화장실', '무료 WIFI', '아주 어려움']"
CNTS_000000000019946,귀빈사,제주특별자치도 제주시 구좌읍 비자림로 1456,제주 송당리에있는 이승만전대통령 별장 귀빈사 입니다.,33.4429016,126.7613249,064-783-3856(송당목장사무소),region1,제주시,16,구좌,귀빈사,6725,https://api.cdn.visitjeju.net/photomng/imgpath/201804/30/cd63e9cb-e318-4edc-a524-feb3d0b1bf5f.jpg,https://api.cdn.visitjeju.net/photomng/thumbnailpath/201804/30/ff4df7fb-0a7e-4142-a767-6dbbdeafe6f9.jpg,"['실내', '문화유적지', '흐림', '봄', '문화관광', '역사유적', '어트랙션']"
CNTS_000000000019948,쇠소깍해양레저타운,제주특별자치도 서귀포시 쇠소깍로 151-8 (하효동),제주바다 후룸라이드 '쇠소깍 제트보트',33.250526,126.62091,064-733-0252,region2,서귀포시,21,서귀포시내,Soesokkak Jetboat,6741,https://api.cdn.visitjeju.net/photomng/imgpath/201804/30/0cb38e84-5d45-4453-b78e-05f1a5ad9396.gif,https://api.cdn.visitjeju.net/photomng/thumbnailpath/201804/30/8ff8b37e-5faf-413f-a29d-92e6a38ba298.gif,"['해수욕장', '해변', '액티비티', '커플', '맑음', '여름', '체험', '레저/체험', '물놀이', '어트랙션', '현금결제', '카드결제', '화장실']"
CNTS_000000000019956,케이제주씨워킹,제주특별자치도 서귀포시 대정읍 최남단해안로 120,두 다리로 걸으며 즐기는 신비로운 제주 바다,33.2100551,126.2585746,070-8222-5224,region2,서귀포시,22,대정,Kjeju Sea Walking,6764,https://api.cdn.visitjeju.net/photomng/imgpath/201804/30/efa2018e-cd5f-4cd1-988c-fd00b3351ac8.gif,https://api.cdn.visitjeju.net/photomng/thumbnailpath/201804/30/abd22598-b186-450e-9747-4c5f3df5fb7b.gif,"['해수욕장', '액티비티', '친구', '커플', '맑음', '여름', '현금결제', '카드결제', '화장실', '체험', '레저/체험', '해변', '물놀이', '어트랙션']"
CNTS_000000000019984,도순다원,제주특별자치도 서귀포시 중산간서로356번길 152-41,녹차밭과 어우러진 한라산의 모습을 볼 수 있는 곳,33.273037,126.48306,064-739-0419,region2,서귀포시,21,서귀포시내,Dosun Dawon,6804,https://api.cdn.visitjeju.net/photomng/imgpath/201804/30/2941ef8c-e56e-449d-8540-d907e17bb3ae.jpg,https://api.cdn.visitjeju.net/photomng/thumbnailpath/201804/30/5a01ddf2-1d52-4555-84be-4ef42199c219.jpg,"['경관/포토', '맑음', '봄', '자연경관', '포토스팟', '녹차', '어트랙션']"
CNTS_000000000019989,어리목계곡,제주특별자치도 제주시 1100로 2070-61,"한라산 속의 신비로운 계곡, 사제비동산, 만세동산, 윗세오름 대피소로 이어지는 어리목탐방로에 위치한 계곡이다.",33.3967883,126.4878526,--,region1,제주시,11,제주시내,Eorimok Valley,6828,https://api.cdn.visitjeju.net/photomng/imgpath/201804/30/20d38426-f35f-4493-a6d3-1bbe78153ad1.gif,https://api.cdn.visitjeju.net/photomng/thumbnailpath/201804/30/937374cb-5431-4dd2-aeba-ca605e05238a.gif,"['비.눈', '가을', '사계절', '겨울', '자연경관', '한라산', '언택트', '계곡', '물놀이']"
CNTS_000000000019990,서귀포항,제주특별자치도 서귀포시 칠십리로72번길 14,문섬과 새끼섬을 바라보며 새연교를 따라 걷는 아름다운 산책,33.239174,126.56545,--,region2,서귀포시,21,서귀포시내,Seogwipo Port,6845,https://api.cdn.visitjeju.net/photomng/imgpath/201804/30/51fa1314-f59a-4f33-916e-855f4113cf13.jpg,https://api.cdn.visitjeju.net/photomng/thumbnailpath/201804/30/6853120d-1b2a-4df3-a838-51cf420c13f9.jpg,"['친구', '커플', '일출', '밤', '부모', '혼자', '아이', '맑음', '휴식/힐링', '일몰', '공용주차장', '화장실', '어려움', '어린이']"
CNTS_000000000019997,이호테우말등대,제주특별자치도 제주시 서해안로 58,"이호테우해변의 랜드마크, 말등대",33.5021596,126.4564505,--,region1,제주시,11,제주시내,이호테우말등대,2019022585027,https://api.cdn.visitjeju.net/photomng/imgpath/202110/27/82e2c2ee-3c94-48ca-9890-56a075107602.jpg,https://api.cdn.visitjeju.net/photomng/thumbnailpath/202110/27/90be9bec-a700-4fb1-b27f-8ff59a62d4df.jpg,"['등대', '일몰', '경관/포토', '커플', '맑음', '가을', '포토스팟', '산책']"
CNTS_000000000019998,종달리해안도로,제주특별자치도 제주시 구좌읍 종달리 630-1,"파란 하늘과 고즈넉한 해변 길, 그리고 파스텔 빛 수국이 가득한 곳",33.482853,126.901794,--,region2,서귀포시,17,성산,종달리해안도로,2019022589519,https://api.cdn.visitjeju.net/photomng/imgpath/202111/16/c2d1f661-8f28-4f2a-8c27-e7f880a4d8f2.JPG,https://api.cdn.visitjeju.net/photomng/thumbnailpath/202111/16/d022a4d6-85b7-4b00-acc9-b6d5f1ef9da2.JPG,"['일출', '드라이브', '커플', '맑음', '여름']"
CNTS_000000000020000,도두해안도로,제주특별자치도 제주시 도두2동 706-3,제주시내에 위치한 해안가도로입니다.,33.51039,126.482445,--,region1,제주시,11,제주시내,Dodu Coastal Road,6885,https://api.cdn.visitjeju.net/photomng/imgpath/201804/30/2de24d28-de80-476a-90c6-4bf259136d1f.jpg,https://api.cdn.visitjeju.net/photomng/thumbnailpath/201804/30/d162b3d4-be1d-40f2-a81a-b6525ec8ed0e.jpg,"['드라이브', '커플', '맑음', '여름']"
CNTS_000000000020003,제주커피박물관 바움 Baum,제주특별자치도 서귀포시 성산읍 서성일로1168번길 89-17,"나무, 숲과 함께 다채로운 커피의 향을 즐길 수 있는 커피박물관",33.4398,126.89912,064-784-2255,region2,서귀포시,17,성산,제주커피박물관 바움 Baum,6903,https://api.cdn.visitjeju.net/photomng/imgpath/201804/30/e821998c-9e36-478a-b724-b612aa85c605.jpg,https://api.cdn.visitjeju.net/photomng/thumbnailpath/201804/30/bd64a376-fd85-4931-8ec3-5b9a2d3eb6f8.jpg,"['실내', '미술/박물관', '친구', '커플', '비.눈', '겨울', '실내관광지', '문화관광', '박물관', '어트랙션', '공용주차장', '현금결제', '카드결제', '화장실', '무료 WIFI']"
CNTS_000000000020052,이니스프리제주하우스,제주특별자치도 서귀포시 안덕면 신화역사로 23,체험과 스토리가 있는 미식이 있는 이니스프리 코스메틱 및 카페,33.3063942,126.2905203,064-794-5351,region2,서귀포시,23,안덕,이니스프리제주하우스,2019022587279,https://api.cdn.visitjeju.net/photomng/imgpath/202111/08/53bdb996-da7e-4f7f-89ce-2918101f517b.jpg,https://api.cdn.visitjeju.net/photomng/thumbnailpath/202111/08/631aec1f-8971-4a15-b1db-078ddc245a87.jpg,"['커플', '친구', '아이', '테마공원', '사계절', '실내', '공용주차장', '현금결제', '카드결제', '화장실', '무료 WIFI', '음료대', '유도 및 안내시설', '경보 및 피난시설', '체험', '카페', ' 쇼핑', '어린이', '어트랙션']"
CNTS_000000000020127,한국야구명예전당(야구박물관),제주특별자치도 서귀포시 중산간서로 97-1,한국 야구의 살아 숨 쉬는 백과사전 ,33.26081,126.49815,064-760-6412,region2,서귀포시,21,서귀포시내,한국야구명예전당(야구박물관),7497,https://api.cdn.visitjeju.net/photomng/imgpath/201804/30/35c78ddf-3a81-4a48-be81-f4fe0be1f5ab.jpg,https://api.cdn.visitjeju.net/photomng/thumbnailpath/201804/30/ca5c1576-00c4-4504-b383-0848a275ce2c.jpg,"['실내', '미술/박물관', '비.눈', '실내관광지', '문화관광', '박물관', '어트랙션', '공용주차장', '화장실', '아주 어려움', '하', '공연/전시', '1시간 미만']"
CNTS_000000000020148,수월봉,제주특별자치도 제주시 한경면 고산리 3760,"차귀도로 떨어지는 낙조와 지질학의 교과서를 만나보자
· 천연기념물 제513호
· 올레12코스",33.294754,126.16345,064-772-3334,region1,제주시,14,한경,수월봉,2019022558628,https://api.cdn.visitjeju.net/photomng/imgpath/201907/30/2436b568-5046-4df2-a4cf-0b28b6ee29ff.jpg,https://api.cdn.visitjeju.net/photomng/thumbnailpath/201907/30/4a09e8e1-167c-4952-aac5-d0d1bb3cada8.jpg,"['제주서쪽가볼만한곳', ' 제주도놀거리', ' 지질트레일', '  제주자연', ' 제주지층', ' 유네스코', ' 세계지질공원', '공용주차장', '화장실', '영어', '실외', '상', '등산', '기타', '1시간 미만']"
CNTS_000000000020151,한라산어리목코스,제주특별자치도 제주시 1100로 2070-61,어리목입구-윗새오름 간 한라산 탐방로,33.39223,126.49457,064-713-9950,region1,제주시,12,애월,한라산어리목코스,7623,https://api.cdn.visitjeju.net/photomng/imgpath/201804/30/951a41e7-eae9-4c58-9f23-116dd497b1a8.jpg,https://api.cdn.visitjeju.net/photomng/thumbnailpath/201804/30/74d80134-7096-4e6a-866c-f45c683dc0c1.jpg,"['산', '걷기/등산', '친구', '커플', '흐림', '봄', '자연경관', '체험', '한라산', '언택트', '어트랙션', '단풍']"
CNTS_000000000020155,맬튼개 갯담,제주특별자치도 제주시 구좌읍 구좌로 142,바닷돌을 이용하여 자연스런 겹담 형식으로 둘러쌓고 밀물에 들어왔던 고기떼들이 썰물이 되면 그 안에 갇혀 쉽게 잡을 수 있게 만든 장지,33.520626,126.865746,--,region1,제주시,16,구좌,Maelteungae Gaetdam,7659,https://api.cdn.visitjeju.net/photomng/imgpath/201804/30/3491fec4-57fb-443e-a06d-b9ff7566e25b.jpg,https://api.cdn.visitjeju.net/photomng/thumbnailpath/201804/30/f8e6697c-7232-4796-92d3-da3c244bc724.jpg,"['커플', '아이', '부모', '친구', '휴식/힐링', '해변', '어린이']"
CNTS_000000000020159,애월한담해안산책로,제주특별자치도 제주시 애월읍 곽지리 1359,해안선을 따라 걷는 구불구불 해안길.,33.45906,126.3106,,region1,제주시,12,애월,Aewol Handam Coastal Trail,7691,https://api.cdn.visitjeju.net/photomng/imgpath/201804/30/0de42691-8c5a-43e8-9f0e-ca0115322bca.jpg,https://api.cdn.visitjeju.net/photomng/thumbnailpath/201804/30/f1bd503b-f934-47b5-8e0c-63f282240843.jpg,"['해변', '걷기/등산', '친구', '맑음', '유채꽃', '자연경관', '봄꽃', '반려동물동반_산책로', '반려동물', '반려동물동반입장', '혼저옵서개', '반려동물동반_자연']"
CNTS_000000000020182,관음사,제주특별자치도 제주시 산록북로 660,"휴식, 명상을 통해 자기자신을 들여다보는 시간",33.423782,126.55818,064-724-6830,region1,제주시,11,제주시내,관음사,2019022561181,https://api.cdn.visitjeju.net/photomng/imgpath/201908/29/3da5f721-c928-466d-ad52-00e4e844cfa5.jpg,https://api.cdn.visitjeju.net/photomng/thumbnailpath/201908/29/0df0af07-0158-4373-87c6-79af9539e697.jpg,"['템플스테이', ' 제주시가볼만한곳', ' 제주도체험', ' 한라산', ' 제주도사찰', ' 불교', ' 우영우', ' 드라마촬영지', '공용주차장', '화장실', '아주 어려움']"
CNTS_000000000020187,제주올레 18코스,제주특별자치도 제주시 삼양1동 1131-2,"제주시 도심 속에서 조천 만세동산까지, 제주의 뼈아픈 역사를 만나다",33.528675,126.596535,064-762-2190,region1,제주시,11,제주시내,제주올레 18코스,2019022561636,https://api.cdn.visitjeju.net/photomng/imgpath/201909/06/422a6fad-b27e-489c-a02e-82422628d089.jpg,https://api.cdn.visitjeju.net/photomng/thumbnailpath/201909/06/0caf53bb-184f-4a2e-a200-73fc9055d855.jpg,"['올레', '걷기/등산', '친구', '혼자', '봄', '가을', '자연경관', '도보여행', '도보', '아주 어려움']"
CNTS_000000000020195,순례자의교회,제주특별자치도 제주시 한경면 일주서로 3960-24,한경에 위치한 아주 작은 교회,33.319828,126.18061,070-7569-0460,region1,제주시,14,한경,순례자의교회,2019022591774,https://api.cdn.visitjeju.net/photomng/imgpath/202111/26/0a879436-8aa4-4237-920a-107ea9f79f16.JPG,https://api.cdn.visitjeju.net/photomng/thumbnailpath/202111/26/71a64cda-d04f-4134-9b1d-fa6065917f2d.JPG,"['휴식/힐링', '가을', '어트랙션']"
CNTS_000000000020199,이중섭거리,제주특별자치도 서귀포시 이중섭로 29,이중섭 미술관과 이중섭 거주지를 중심으로 조성된 문화거리,33.2455473,126.5644088,--,region2,서귀포시,21,서귀포시내,이중섭거리,2019022641214,https://api.cdn.visitjeju.net/photomng/imgpath/202409/24/30a241b1-c397-454a-b12e-d31e848ddd9e.jpg,https://api.cdn.visitjeju.net/photomng/thumbnailpath/202409/24/d335b597-8858-4fcb-8ba9-c4792127f4fb.jpg,"['서귀포올레시장', ' 이중섭', ' 차없는거리', ' 예술', ' 문화', ' 소품샵', ' 산책', ' 서귀포', '1~2시간']"
CNTS_000000000020230,아침미소목장,제주특별자치도 제주시 첨단동길 160-20,"제주시 근교에 자리한 아침미소목장은 건강한 젖소들이 자라는 친환경 목장이다. 넓은 초원에 소들을 방목해 키우며 들판 너머 한라산이 보이는 풍경이 평화롭다. 목장 안에 경치 좋은 카페가 있어 목가적인 분위기를 즐기며 느긋하게 쉬어가기도 좋다. 이곳에서 직접 짠 우유와 요구르트, 치즈 제품들을 맛볼 수 있다.",33.45444,126.58662,064-727-2545,region1,제주시,11,제주시내,아침미소목장,2019022586137,https://api.cdn.visitjeju.net/photomng/imgpath/202111/01/11fe3cc5-450b-4f3a-ab14-11a9e0b6d284.JPG,https://api.cdn.visitjeju.net/photomng/thumbnailpath/202111/01/18ea400f-5bd5-4efe-b250-6fd337721ec2.JPG,"['반려동물', '반려동물동반입장', '혼저옵서개', '반려동물동반_관광지', '체험관광', '아이', '맑음', '봄', '체험', '어린이', '어트랙션', '사진명소', '테마공원', '포토존']"
CNTS_000000000020260,서귀다원,제주특별자치도 서귀포시 516로 717,제주도 한라산 해발 250m 청정지역에서 재배된 제주 청정 유기농 녹차 공원,33.312805,126.596466,064-733-0632,region2,서귀포시,21,서귀포시내,Seogwi Dawon,8109,https://api.cdn.visitjeju.net/photomng/imgpath/201804/30/cfafbc7a-0461-4a4b-843c-740c944ded2b.gif,https://api.cdn.visitjeju.net/photomng/thumbnailpath/201804/30/385678f3-aa90-45ee-847d-adb58341d625.gif,"['커플', '친구', '맑음', '경관/포토', '휴식/힐링', '봄', '여름', '자연경관', '포토스팟', '녹차', '어트랙션', '공용주차장', '현금결제', '카드결제', '화장실', '음료대']"
CNTS_000000000020277,공천포,제주특별자치도 서귀포시 남원읍 신례리,위미항 근처 조용한 마을에 있는 공천포,33.26769,126.645996,,region2,서귀포시,25,남원,공천포,2019022590427,https://api.cdn.visitjeju.net/photomng/imgpath/202111/19/a3b64ad9-3dfd-4cde-92f9-aa30b26f3cb5.jpg,https://api.cdn.visitjeju.net/photomng/thumbnailpath/202111/19/598a9a25-3662-4b21-a96e-43642396652b.jpg,"['해변', '문화유적지', '친구', '여름', '자연경관', '역사유적']"
CNTS_000000000020288,성읍녹차마을,제주특별자치도 서귀포시 표선면 중산간동로 4778,녹차재배의 최적지 청정제주에서 만나는 녹차다원,33.4112985,126.7819256,064-787-2254,region2,서귀포시,26,표선,성읍녹차마을,2019022592506,https://api.cdn.visitjeju.net/photomng/imgpath/202112/02/c5d8b2e6-1417-4dbf-8f8e-e8863c6d7973.jpg,https://api.cdn.visitjeju.net/photomng/thumbnailpath/202112/02/f7453a25-6dd7-4b72-b8b9-468c8da5c16f.jpg,"['부모', '커플', '친구', '아이', '경관/포토', '마을산책', '마을관광', '포토스팟', '어린이', '녹차', '공용주차장', '현금결제', '카드결제', '화장실', '음료대', '유도 및 안내시설', '경보 및 피난시설']"
CNTS_000000000020294,제주올레 3코스,제주특별자치도 서귀포시 표선면 하천리 87-1,"극과 극, 두 가지 매력의 올레 3코스 다양하게 즐기기",33.33356,126.84455,064-762-2190,region2,서귀포시,26,표선,Jeju Olle Course 3,8184,https://api.cdn.visitjeju.net/photomng/imgpath/201804/30/0aa251b3-8c1f-4533-821f-8ac8c318331f.jpg,https://api.cdn.visitjeju.net/photomng/thumbnailpath/201804/30/22d8ad12-d272-443f-b5b1-a7ac671bca76.jpg,"['올레', '중/장년', '청년', '부모', '커플', '혼자', '친구', '맑음', '비.눈', '경관/포토', '휴식/힐링', '체험관광', '자연경관', '도보여행', '도보', '포토스팟', '어트랙션']"
CNTS_000000000020303,자구내포구,제주특별자치도 제주시 한경면 고산리,제주도의 일몰이 아름다운 촬영 단골 명소,33.309494,126.164894,064-728-7978,region1,제주시,14,한경,Jagunae Port,8207,https://api.cdn.visitjeju.net/photomng/imgpath/201804/30/f4f40ab4-6f9c-40bb-9e82-7b62161d0bc6.jpg,https://api.cdn.visitjeju.net/photomng/thumbnailpath/201804/30/e5402f95-19e7-40f0-8440-f66da0460d1e.jpg,"['부모', '커플', '혼자', '아이', '친구', '맑음', '휴식/힐링', '경관/포토', '문화유적지', '포구', '역사유적', '포토스팟', '어린이']"
CNTS_000000000020312,제주올레 19코스,제주특별자치도 제주시 조천읍 조천리 1142,다채롭고 아름다운 제주올레 19코스,33.52431,126.64442,064-762-2190,region1,제주시,15,조천,제주올레 19코스,2019022592037,https://api.cdn.visitjeju.net/photomng/imgpath/202111/30/abf8b7cf-f1f6-4a09-947e-28be81b0d241.jpg,https://api.cdn.visitjeju.net/photomng/thumbnailpath/202111/30/e4bb97e5-4e12-47ae-9a20-79d859d10a27.jpg,"['올레', '걷기/등산', '친구', '혼자', '봄', '가을', '도보여행', '도보']"
CNTS_000000000020313,제주올레 20코스,제주특별자치도 제주시 구좌읍 행원동길 22,아름다운 제주바다와 바람의 길,33.554977,126.7993,064-762-2190,region1,제주시,16,구좌,제주올레 20코스,2019022592056,https://api.cdn.visitjeju.net/photomng/imgpath/202111/30/b20a4828-bc7e-4dc3-a1b2-b6d0d359c4a1.jpg,https://api.cdn.visitjeju.net/photomng/thumbnailpath/202111/30/ea5ef581-9455-458d-be38-173e54f93772.jpg,"['올레', '걷기/등산', '친구', '혼자', '봄', '가을', '자연경관', '도보여행', '도보']"
CNTS_000000000020314,제주올레 21코스,제주특별자치도 제주시 구좌읍 하도리 3204-1,"제주 동부의 바다, 마을, 오름을 한 번에 체험할 수 있는 코스",33.523525,126.86349,064-762-2190,region1,제주시,16,구좌,제주올레 21코스,2019022563308,https://api.cdn.visitjeju.net/photomng/imgpath/201910/01/2e5ccf20-2e70-4216-843e-a1cf80c5562f.jpg,https://api.cdn.visitjeju.net/photomng/thumbnailpath/201910/01/9b14d822-4129-438c-bcd8-85a13f939113.jpg,"['올레', '걷기/등산', '친구', '혼자', '봄', '가을', '자연경관', '도보여행', '도보']"
CNTS_000000000020371,하예포구(예래포구),제주특별자치도 서귀포시 하예동,진황 등대에서 바라보는 송악산과 형제섬,33.23357,126.374916,--,region2,서귀포시,21,서귀포시내,하예포구(예래포구),8464,https://api.cdn.visitjeju.net/photomng/imgpath/201804/30/50975c14-58dc-4c88-a9c0-27209c11251a.jpg,https://api.cdn.visitjeju.net/photomng/thumbnailpath/201804/30/694172e7-3890-46bb-831c-7929f08d2f13.jpg,"['포구', '해변', '문화유적지', '여름', '공용주차장', '어려움', '자연경관', '역사유적']"
CNTS_000000000020416,아라리오뮤지엄탑동시네마,제주특별자치도 제주시 삼도2동 1261-8,원도심속 버려진 건물을 개조해 만든 전시관,33.51742,126.52344,064-720-8201,region1,제주시,11,제주시내,아라리오뮤지엄탑동시네마,8547,https://api.cdn.visitjeju.net/photomng/imgpath/201804/30/3b15f398-8e0b-40be-82d4-37e9916fbab5.gif,https://api.cdn.visitjeju.net/photomng/thumbnailpath/201804/30/76315b9d-22e6-42bb-ab9d-13d992641003.gif,"['실내', '미술/박물관', '비.눈', '사계절', '실내관광지', '문화관광', '어트랙션', '하', '공연/전시', '1시간 미만']"
CNTS_000000000020476,주상절리대(중문대포해안),제주특별자치도 서귀포시 이어도로 36-30,자연의 신비가 주는 웅장함에 압도되다,33.23834,126.42586,064-738-1521,region2,서귀포시,24,중문,주상절리대(중문대포해안),2019022643595,https://api.cdn.visitjeju.net/photomng/imgpath/202410/21/3d9d8a40-9986-4870-9818-dd98456c44e1.jpg,https://api.cdn.visitjeju.net/photomng/thumbnailpath/202410/21/8971c5fd-6791-40ed-847d-4a9730f1a33f.jpg,"['제주여행', ' 제주도서귀포가볼만한곳', ' 제주도볼거리', ' 제주자연', ' 서귀포중문', ' 제주바다', ' 유네스코', ' 무장애관광', '공용주차장', '현금결제', '카드결제', '편의점', '음료대', '유도 및 안내시설', '경보 및 피난시설', '장애인 화장실', '장애인 전용 주차장', '어려움', '실외', '중', '공연/전시', '기타', '전망 관람', '1시간 미만']"
CNTS_000000000020560,서광리 곶자왈생태탐방로,서귀포시 안덕면 서광리 산6-1,서귀포 안덕면 서광리에 위치한 곶자왈 생태탐방로,33.28604948755093,126.338270689624,064-794-9373,region2,서귀포시,23,안덕,서광리 곶자왈생태탐방로,2019022595397,https://api.cdn.visitjeju.net/photomng/imgpath/202112/23/7a5bda9e-8206-4072-abf6-491661ffec65.JPG,https://api.cdn.visitjeju.net/photomng/thumbnailpath/202112/23/88c4379b-dc8d-4950-873c-e4e89616e6ce.JPG,"['숲길', '걷기/등산', '흐림', '여름', '도보여행', '도보', '곶자왈', '숲']"
CNTS_000000000020565,우도등대,제주특별자치도 제주시 우도면 우도봉길 105,섬속의 섬 우도에 위치한 등대의 풍경,33.50332,126.95568,064-783-0180,region3,섬 속의 섬,31,우도,우도등대,2019022586899,https://api.cdn.visitjeju.net/photomng/imgpath/202111/05/5523b328-d4fa-435e-be54-9df46fcc3ad3.jpg,https://api.cdn.visitjeju.net/photomng/thumbnailpath/202111/05/9eb52689-30aa-49ce-b7a5-928db934a0b0.jpg,"['등대', '경관/포토', '친구', '맑음', '봄', '포토스팟']"
CNTS_000000000020611,아날로그감귤밭,제주특별자치도 제주시 해안마을8길 46,"감귤체험, 포토스팟, 아날로그 감성이 있는 곳",33.45559,126.451096,010-4953-0846,region1,제주시,11,제주시내,아날로그감귤밭,9101,https://api.cdn.visitjeju.net/photomng/imgpath/201804/30/d34297c8-684e-4885-8dfe-466743deb24e.jpg,https://api.cdn.visitjeju.net/photomng/thumbnailpath/201804/30/9ec88164-7890-43e2-a1d2-e9bbbd6ccf43.jpg,"['커플', '아이', '친구', '체험관광', '맑음', '겨울', '체험', '어린이', '어트랙션', '2022고메페스타']"
CNTS_000000000020639,꽃썸,제주특별자치도 서귀포시 안덕면 동광로 151,꽃과 바람과 사람이 서로 썸을 타는 장소 꽃썸,33.309093,126.339615,064-792-1165,region2,서귀포시,23,안덕,꽃썸,2019022593025,https://api.cdn.visitjeju.net/photomng/imgpath/202112/06/15d04a54-6c9b-4020-a58e-e64c2af9791c.jpg,https://api.cdn.visitjeju.net/photomng/thumbnailpath/202112/06/45ad3157-e19f-4f47-ad1d-a7958a9f0557.jpg,"['해변', '카페', '포토스팟', '휴식', '부모', '친구', '커플', '혼자', '안개/흐림', '맑음', '봄', '여름', '가을', '겨울', '중/장년', '청년', '노년', '어트랙션']"
CNTS_000000000020676,상효원,제주특별자치도 서귀포시 산록남로 2847-37,제주의 자생식물을 볼 수 있는 수목원,33.307217,126.58609,064-733-2200,region2,서귀포시,21,서귀포시내,상효원,2019022559797,https://api.cdn.visitjeju.net/photomng/imgpath/201908/19/18c96cef-e38e-4403-8e8c-892c0dde6b91.jpg,https://api.cdn.visitjeju.net/photomng/thumbnailpath/201908/19/01ee9c25-f2e0-47ff-a38a-421300c07f0f.jpg,"['수목원', '맑음', '봄', '우수관광사업체', '단풍', '어트랙션', '봄꽃', '벚꽃', '수국', '공용주차장', '현금결제', '카드결제', '화장실', '유도 및 안내시설', '경보 및 피난시설', '실외', '중', '포토스팟', '공연/전시', '2~3시간']"
CNTS_000000000020686,귤밭76번지,제주특별자치도  제주시 화북이동 5495-2,감귤 체험도하고 감성 사진도 찍을 수 있는 귤밭76번지,33.283054,126.365265,010-3597-2901,region2,서귀포시,23,안덕,귤밭76번지,2019022589022,https://api.cdn.visitjeju.net/photomng/imgpath/202111/12/dfc1027a-0149-4281-8fe4-266106a56f0b.jpg,https://api.cdn.visitjeju.net/photomng/thumbnailpath/202111/12/2906cb27-72f5-445f-bf6f-c5ef18a2558a.jpg,"['체험관광', '아이', '맑음', '겨울', '체험', '어린이', '어트랙션', '공용주차장', '현금결제', '화장실', '음료대', '유도 및 안내시설', '경보 및 피난시설']"
CNTS_000000000020734,평대리해변,제주특별자치도 제주시 구좌읍 평대리 515-24,동쪽바다의 정취를 호젓하게 즐길 수 있는 곳,33.53231,126.84808,--,region1,제주시,16,구좌,평대리해변,9568,https://api.cdn.visitjeju.net/photomng/imgpath/201804/30/1c9886f8-4d50-4754-a365-35adda3f9a90.jpg,https://api.cdn.visitjeju.net/photomng/thumbnailpath/201804/30/4b38affc-4d09-47e8-b0e3-288f9a72b898.jpg,"['해변', '경관/포토', '맑음', '여름', '실외', '자연경관', '포토스팟']"
CNTS_000000000020780,구엄리돌염전,제주특별자치도 제주시 애월읍 애월해안로 708,300여 년의 세월이 담긴 구엄리 소금밭,33.482887,126.37733,--,region1,제주시,12,애월,구엄리돌염전,9659,https://api.cdn.visitjeju.net/photomng/imgpath/201804/30/602b1bc2-4138-4d39-a893-3fcb94f14160.jpg,https://api.cdn.visitjeju.net/photomng/thumbnailpath/201804/30/4d608b17-7660-4f1f-8d58-f8f8f12a683a.jpg,"['일몰', '해변', '문화유적지', '맑음', '가을', '공용주차장', '자연경관', '역사유적', '어트랙션']"
CNTS_000000000020871,싱계물 공원,제주 제주시 한경면 신창리 1322-1,싱계물 공원,33.343376,126.173996,--,region1,제주시,14,한경,싱계물 공원,2019022592550,https://api.cdn.visitjeju.net/photomng/imgpath/202112/02/e93957b0-ef19-409c-a9ab-6e459d04a238.jpg,https://api.cdn.visitjeju.net/photomng/thumbnailpath/202112/02/44cde1ea-9418-4373-896f-61ae79487162.jpg,"['싱계물 공원', '자연경관', '공용주차장', '음료대', '장애인 화장실', '아주 어려움']"
CNTS_000000000020929,신도포구,제주특별자치도 서귀포시 대정읍 신도리,도구리를 품속에 둔 신도포구,33.27674612549914,126.16972043319092,--,region2,서귀포시,22,대정,신도포구,10213,https://api.cdn.visitjeju.net/photomng/imgpath/201804/30/79506f76-47b0-4a48-89a6-c5a1064a91c8.jpg,https://api.cdn.visitjeju.net/photomng/thumbnailpath/201804/30/f4679b48-9fbe-4b4f-b428-5382912b5b83.jpg,"['포구', '해변', '문화유적지', '자연경관', '역사유적', '아주 어려움']"
CNTS_000000000020931,대정해변(하모해변),제주특별자치도 서귀포시 대정읍 하모리,사라진 모래사장 아래 투명한 제주바다,33.226463,126.25283,064-760-2772,region2,서귀포시,22,대정,대정해변 (하모해수욕장),2018052303153,https://api.cdn.visitjeju.net/photomng/imgpath/201807/26/d26d60e8-3b2f-4902-a3cb-8b632a322df8.jpg,https://api.cdn.visitjeju.net/photomng/thumbnailpath/201807/26/6cac3e36-91d1-42cb-9fd6-ebeb99e111ee.jpg,"['커플', '친구', '아이', '맑음', '해변', '자연경관', '어린이', '공용주차장', '화장실']"
CNTS_000000000020935,동일리포구,제주특별자치도 서귀포시 대정읍 동일리,정겨움 가득한 마을과 동일리포구,33.225437,126.24133,--,region2,서귀포시,22,대정,동일리포구,10217,https://api.cdn.visitjeju.net/photomng/imgpath/201804/30/42db019e-2074-4c09-8073-91ee20e9ec0c.jpg,https://api.cdn.visitjeju.net/photomng/thumbnailpath/201804/30/338f6b14-935e-45cc-b93f-46f925e17d58.jpg,"['포구', '해변', '문화유적지', '자연경관', '역사유적']"
CNTS_000000000020936,당케산물(당케포구),제주특별자치도 서귀포시 표선면 표선당포로,설문대할망의 넋을 기리던 당케포구,33.322533,126.82287,--,region2,서귀포시,26,표선,당케산물(당케포구),2019022594928,https://api.cdn.visitjeju.net/photomng/imgpath/202112/20/b814ffae-a537-47fd-8ee0-be17668f51a6.jpg,https://api.cdn.visitjeju.net/photomng/thumbnailpath/202112/20/2d5291c7-e544-4ea4-b78e-1b9aaaa78272.jpg,"['포구', '해변', '문화유적지', '아주 어려움', '자연경관', '역사유적']"
CNTS_000000000020959,"저지오름(닥몰오름,새오름)",제주특별자치도 제주시 한경면 저지리 산 51,비양도와 한라산이 보이는 저지리의 아름다운 오름,33.333008,126.25095,064-728-7952,region1,제주시,14,한경,"저지오름(닥몰오름,새오름)",2019022558204,https://api.cdn.visitjeju.net/photomng/imgpath/201907/24/4d60c3e1-77b5-469d-b883-710cbf67585f.jpg,https://api.cdn.visitjeju.net/photomng/thumbnailpath/201907/24/2a79f2f1-0fe9-425d-8fed-c6e6b1f2455f.jpg,"['일몰', '오름', '걷기/등산', '공용주차장', '화장실', '유도 및 안내시설', '아주 어려움', '자연경관', '도보여행', '도보']"
CNTS_000000000020961,금능포구,제주특별자치도 제주시 한림읍 금능리,에메랄드빛 바다 위 평화로운 포구,33.359856,126.24607,064-728-7672,region1,제주시,13,한림,금능포구,2019022558639,https://api.cdn.visitjeju.net/photomng/imgpath/201907/30/a963fd34-1ade-4a36-abad-87e058a59221.jpg,https://api.cdn.visitjeju.net/photomng/thumbnailpath/201907/30/82eaaf81-8ec9-4900-af78-b0c3cf5f9d05.jpg,"['포구', '해변', '문화유적지', '아이', '아주 어려움', '자연경관', '역사유적', '어린이']"
CNTS_000000000020963,그랑블루 요트투어,제주특별자치도 서귀포시 대포로 172-7 2층 그랑블루요트,대포항 앞 제주바다에서 누비는 요트체험,33.238754,126.439644,0507-1407-7785,region2,서귀포시,21,서귀포시내,그랑블루 요트투어,2019022558285,https://api.cdn.visitjeju.net/photomng/imgpath/201907/25/bb72efba-9da5-49d8-b9c4-f0a0ef1572d6.jpg,https://api.cdn.visitjeju.net/photomng/thumbnailpath/201907/25/560b791c-b0cb-42ac-8a10-25972fa0a7a6.jpg,"['액티비티', '커플', '여름', '체험', '레저/체험', '수상레저', '어트랙션', '공용주차장', '화장실', '무료 WIFI', '아주 어려움']"
CNTS_000000000020964,고내리포구,제주특별자치도 제주시 애월읍 고내리,소박한 고깃배의 정취를 느끼며 걷고 또 걷는 제주의 해안길 여행,33.46709,126.33758,--,region1,제주시,12,애월,고내리포구,10285,https://api.cdn.visitjeju.net/photomng/imgpath/201804/30/cd13910f-47a8-402c-8d1c-e84123dd3cc0.jpg,https://api.cdn.visitjeju.net/photomng/thumbnailpath/201804/30/b5b2affb-c8c8-4f2b-be66-dc9a1cdbc520.jpg,"['부모', '커플', '혼자', '친구', '해변', '올레', '아주 어려움', '자연경관']"
CNTS_000000000020975,무릉곶자왈,제주특별자치도 서귀포시 대정읍 무릉리 산 1,초보들도 쉽게 탐방할 수 있는 곳,33.291157,126.26312,064-792-1732,region2,서귀포시,22,대정,무릉곶자왈,2019022592312,https://api.cdn.visitjeju.net/photomng/imgpath/202112/01/f6d05575-4db4-4d72-8f1f-39134de446eb.JPG,https://api.cdn.visitjeju.net/photomng/thumbnailpath/202112/01/e3365eb2-f18b-4529-97dd-92794e468112.JPG,"['숲길', '걷기/등산', '흐림', '가을', '자연경관', '도보여행', '도보', '곶자왈', '숲', '언택트', '식물군락지']"
CNTS_000000000020980,송당승마장,제주특별자치도 제주시 구좌읍 번영로 2015,구좌의 들판을 달려보자,33.43554,126.741356,064-782-1199,region1,제주시,16,구좌,송당승마장,2019022560682,https://api.cdn.visitjeju.net/photomng/imgpath/201908/22/ec81b062-d5b0-4ebd-b3cf-ca1663606a47.jpg,https://api.cdn.visitjeju.net/photomng/thumbnailpath/201908/22/6376986b-e0cb-47e5-bf46-82d7df8532a1.jpg,"['승마', '액티비티', '커플', '친구', '공용주차장', '화장실', '편의점', '아주 어려움', '체험', '레저/체험', '어트랙션']"
CNTS_000000000020987,오조포구,제주특별자치도 서귀포시 성산읍 오조리,오조리 마을의 한적한 포구,33.462772,126.92111,--,region2,서귀포시,17,성산,오조포구,2019022590810,https://api.cdn.visitjeju.net/photomng/imgpath/202111/22/4b587b76-10bb-4205-9409-8ec39a1451eb.JPG,https://api.cdn.visitjeju.net/photomng/thumbnailpath/202111/22/cab9527c-a22c-4d3b-b73b-734c875b69ca.JPG,"['포구', '일출', '해변', '문화유적지', '아주 어려움', '자연경관', '역사유적', 'k-drama']"
CNTS_000000000020989,태흥포구,제주특별자치도 서귀포시 남원읍 태흥리,잔잔한 바다와 함께 걷는 길,33.2868,126.75014,--,region2,서귀포시,25,남원,태흥포구,10345,https://api.cdn.visitjeju.net/photomng/imgpath/201804/30/99905ae5-3735-4772-8a14-2beb5d2fa1b0.jpg,https://api.cdn.visitjeju.net/photomng/thumbnailpath/201804/30/9bc1c46e-8daf-445b-b30f-5f54ab927953.jpg,"['부모', '커플', '혼자', '친구', '휴식/힐링', '해변', '공용주차장', '아주 어려움', '자연경관']"
CNTS_000000000021006,대포포구,제주특별자치도 서귀포시 대포로,해상 교통의 요지 대포포구,33.243515,126.43522,--,region2,서귀포시,21,서귀포시내,대포포구,2019022594004,https://api.cdn.visitjeju.net/photomng/imgpath/202112/10/aae29585-3cbe-46fd-a354-2b595548e43b.jpg,https://api.cdn.visitjeju.net/photomng/thumbnailpath/202112/10/33a074c8-282f-419e-ab63-14e1a7c949c4.jpg,"['포구', '해변', '문화유적지', '아주 어려움', '자연경관', '역사유적']"
CNTS_000000000021028,온평리 포구,제주특별자치도 서귀포시 성산읍 온평리,"제주올레 3코스 시작, 온평포구
· 서귀포시 성산읍 온평리
· 올레2코스",33.40161,126.90301,--,region2,서귀포시,17,성산,온평리 포구,10405,https://api.cdn.visitjeju.net/photomng/imgpath/201804/30/918b67a4-a74d-4253-aa61-b11ba6c03aa9.jpg,https://api.cdn.visitjeju.net/photomng/thumbnailpath/201804/30/04aa5327-6ae8-48a0-a06c-5ed67f70f9ec.jpg,"['포구', '해변', '문화유적지', '봄', '자연경관', '역사유적']"
CNTS_000000000021056,정주항,제주특별자치도 제주시 조천읍 함덕리,낭만적인 검은 화산 돌이 있는 정주항,33.531406,126.66637,--,region1,제주시,15,조천,정주항,10503,https://api.cdn.visitjeju.net/photomng/imgpath/201804/30/de8307e7-f674-4b98-8396-808e620859ef.jpg,https://api.cdn.visitjeju.net/photomng/thumbnailpath/201804/30/b1b63cd1-5c8e-445b-b350-ae4631bdade9.jpg,"['항구', '맑음', '아주 어려움']"
CNTS_000000000021060,월령포구,제주특별자치도 제주시 한림읍 월평리,맑은 바다를 만날 수 있는 최고의 스노쿨링 명소,33.37863,126.21653,--,region1,제주시,13,한림,월령포구,2019022637044,https://api.cdn.visitjeju.net/photomng/imgpath/202407/27/30eddf18-822b-4cd2-a93d-f5f723f4989d.jpg,https://api.cdn.visitjeju.net/photomng/thumbnailpath/202407/27/8c63ce46-3fc2-4360-97a3-8e0c9fdff834.jpg,"['제주도', '  스노쿨링', ' 제주여행', ' 해양레포츠', ' 천혜의자연', ' 맑은바다', ' 가족여행', ' 제주도추천스팟', ' 여름여행', '공용주차장', '아주 어려움']"
CNTS_000000000021064,김녕해안도로,제주특별자치도 제주시 구좌읍 김녕리,김녕에서 하도까지 바다를 끼고 달리는 길,33.55654,126.7603,--,region1,제주시,16,구좌,김녕해안도로,2019022591592,https://api.cdn.visitjeju.net/photomng/imgpath/202111/26/944ec2ca-3d04-4d46-a131-e8aadc186a08.jpg,https://api.cdn.visitjeju.net/photomng/thumbnailpath/202111/26/1206a5b2-fd03-40d3-9fa8-41bf951c6e0c.jpg,"['드라이브', '커플', '맑음', '여름', '공용주차장', '화장실', '아주 어려움', '자연경관']"
CNTS_000000000021080,신창리포구,제주특별자치도 제주시 한경면 신창리,바다마을의 매력을 느낄 수 있는 포구,33.349598,126.18087,--,region1,제주시,14,한경,신창리포구,10577,https://api.cdn.visitjeju.net/photomng/imgpath/201804/30/64b84bc9-aadb-4bb8-8c73-6799993476cb.jpg,https://api.cdn.visitjeju.net/photomng/thumbnailpath/201804/30/36c0d550-2be6-46b1-8cf9-96f182bc3145.jpg,"['포구', '해변', '문화유적지', '커플', '자연경관', '역사유적']"
CNTS_000000000021103,청수곶자왈,제주특별자치도 제주시 한경면 대한로 1036,제주도내 최대 운문산 반딧불이 서식지,33.305817,126.26187,064-772-1303,region1,제주시,14,한경,청수곶자왈,2019022591553,https://api.cdn.visitjeju.net/photomng/imgpath/202111/26/1579d76a-e2d1-4b19-abb6-6c852a8f4e4f.jpg,https://api.cdn.visitjeju.net/photomng/thumbnailpath/202111/26/842836dc-f74e-4248-90c6-424528afab18.jpg,"['커플', '친구', '맑음', '여름', '밤', '숲길', '걷기', '도보여행', '도보', '곶자왈', '숲', '식물군락지', '공용주차장', '화장실', '아주 어려움']"
CNTS_000000000021169,세리월드 테마파크,제주특별자치도 서귀포시 법환상로2번길 97-13,다양한 레포츠 체험을 동시에,33.247314,126.51267,064-739-8254,region2,서귀포시,21,서귀포시내,세리월드 테마파크,10748,https://api.cdn.visitjeju.net/photomng/imgpath/201804/30/b32d8cc2-d0ea-4271-a210-624d8dde3dd3.jpg,https://api.cdn.visitjeju.net/photomng/thumbnailpath/201804/30/4086ab1f-1309-41c9-b695-290963a5eb88.jpg,"['액티비티', '아이', '겨울', '실내관광지', '체험', '레저/체험', '어린이', '테마공원', '어트랙션', '공용주차장', '현금결제', '카드결제', '화장실', '아주 어려움', '실외', '하', '공연/전시', '1~2시간']"
CNTS_000000000021184,북촌환해장성,제주특별자치도 제주시 조천읍 북촌리,계속된 왜구의 침략으로 불안과 공포에 휩싸였던 그 시대의 삶을 느껴보자.,33.536594,126.69666,--,region1,제주시,15,조천,북촌환해장성,10806,https://api.cdn.visitjeju.net/photomng/imgpath/201804/30/ce54570c-698d-4c79-bc0a-0e6d03cd9ad0.jpg,https://api.cdn.visitjeju.net/photomng/thumbnailpath/201804/30/69b31ab4-23e3-40a1-936e-fe2f582ef675.jpg,"['부모', '혼자', '아이', '흐림', '문화유적지', '청년', '중/장년', '문화관광', '역사유적', '어린이', '2022_마을산책_봄', 'Moment_봄']"
CNTS_000000000021207,북촌포구,제주특별자치도 제주시 조천읍 북촌9길 26-1,다려도를 한눈에 볼 수 있고 마을 풍어제를 지내는 신당을 볼 수 있는 곳,33.550053,126.69415,064-783-8522,region1,제주시,11,제주시내,북촌포구,2019022595246,https://api.cdn.visitjeju.net/photomng/imgpath/202112/22/a79ff111-9f91-4719-8acb-ad14f6eeffc2.jpg,https://api.cdn.visitjeju.net/photomng/thumbnailpath/202112/22/3c265713-b9e1-444a-8cbc-d52b8cf4faf2.jpg,"['포구', '해변', '문화유적지', '맑음', '겨울', '자연경관', '문화관광', '역사유적', '2022_마을산책_봄', 'Moment_봄']"
CNTS_000000000021240,1100고지습지,제주특별자치도 서귀포시 색달동 산 1-2,쉽게 만나볼 수 없는 야생동물을 만나볼 수 있는 곳,33.3575,126.46292,064-740-6000,region2,서귀포시,21,서귀포시내,1100고지습지,2019022589161,https://api.cdn.visitjeju.net/photomng/imgpath/202111/15/ff33ab04-9b68-48c3-ad3d-0cbf95a03520.JPG,https://api.cdn.visitjeju.net/photomng/thumbnailpath/202111/15/bb43ab2a-f8b9-405d-b76e-4cbc6a75b09a.JPG,"['산', '경관/포토', '흐림', '가을', '자연경관', '포토스팟', '한라산', '언택트']"
CNTS_000000000021251,"고내봉(고내오름,고니오름,망오름)",제주특별자치도 제주시 애월읍 고내리 산 3-1,올레 15코스의 마지막 종점 고내봉,33.460022,126.34064,064-799-3277,region1,제주시,12,애월,"고내봉(고내오름,고니오름,망오름)",2019022557768,https://api.cdn.visitjeju.net/photomng/imgpath/201907/12/33f3ad81-fc81-4182-be48-8c61064ccd82.jpg,https://api.cdn.visitjeju.net/photomng/thumbnailpath/201907/12/d52004db-7558-4ca7-b8aa-b01e65668da9.jpg,"['오름', '걷기/등산', '맑음', '봄', '화장실', '자연경관', '도보여행', '도보']"
CNTS_000000000021259,문석이오름 [출입제한],제주특별자치도 제주시 구좌읍 송당리,초록색 물결이 넘실거리는 아름다운 오름,33.447876,126.79623,,region1,제주시,16,구좌,문석이오름,2019022559585,https://api.cdn.visitjeju.net/photomng/imgpath/201908/12/e610c699-c49b-4710-ad63-6aff25718e6b.jpg,https://api.cdn.visitjeju.net/photomng/thumbnailpath/201908/12/a5cccaa4-9884-4739-a5d6-7a3658c82697.jpg,"['부모', '커플', '혼자', '친구', '아이', '맑음', '오름', '자연경관', '도보여행', '도보']"
CNTS_000000000021261,협재포구,제주특별자치도 제주시 한림읍 협재리,비양도를 바라보며 즐기는 바다낚시,33.39929,126.24321,--,region1,제주시,13,한림,협재포구,2019022593841,https://api.cdn.visitjeju.net/photomng/imgpath/202112/09/07991d86-a4bf-4d2f-bfe9-2f713dbad1d1.jpg,https://api.cdn.visitjeju.net/photomng/thumbnailpath/202112/09/9a8c3af4-d86b-45ab-8b31-9ae58c4183e8.jpg,"['친구', '커플', '맑음', '해변', '포구', '자연경관']"
CNTS_000000000021380,산방산 용머리해안 지질트레일,제주특별자치도 서귀포시 안덕면 사계북로41번길 192,80만년 지구의 시간과 함께 용머리해안과 산방산을 품은 길,33.235634,126.30946,064-792-3363,region2,서귀포시,23,안덕,산방산 용머리해안 지질트레일,11180,https://api.cdn.visitjeju.net/photomng/imgpath/201804/30/59a6c172-6ee6-4c97-bb94-d762a203a321.jpg,https://api.cdn.visitjeju.net/photomng/thumbnailpath/201804/30/fd9df0d6-48f9-4b61-954a-af98dc57aff7.jpg,"['지질트레일', '걷기/등산', '친구', '커플', '맑음', '봄', '공용주차장', '화장실', '편의점', '유도 및 안내시설', 'UNESCO 세계지질공원', '지오브랜드', '자연경관', '체험', '언택트', '유네스코', '어트랙션', '봄꽃', '유채꽃']"
CNTS_000000000021390,김녕항,제주특별자치도 제주시 구좌읍 김녕항1길 50-13,요트를 타고 푸른 제주 바다의 물살을 가르며 달리다,33.558033,126.74019,--,region1,제주시,16,구좌,김녕항,11190,https://api.cdn.visitjeju.net/photomng/imgpath/201804/30/0c0ca26a-95bd-49c8-96de-7ac8c2ddb2d2.jpg,https://api.cdn.visitjeju.net/photomng/thumbnailpath/201804/30/7fe642c2-de06-47e7-84e0-6cacd893470d.jpg,"['지질공원', '해변', '혼자', '맑음', '공용주차장', '아주 어려움', '자연경관']"
CNTS_000000000021401,발자국화석공원,제주특별자치도 서귀포시 대정읍 형제해안로 192,천연기념물 제464호로 지정된 발자국 화석 공원,33.21723,126.29294,064-710-6804,region2,서귀포시,22,대정,발자국화석공원,2019022595174,https://api.cdn.visitjeju.net/photomng/imgpath/202112/22/88a6a72e-9526-464b-9694-cb7fbb8a8129.jpg,https://api.cdn.visitjeju.net/photomng/thumbnailpath/202112/22/f28b7ba7-89d7-482c-a163-7b49b3e7abc8.jpg,"['부모', '커플', '아이', '경관/포토', '문화유적지', '사계절', '화장실', '아주 어려움']"
CNTS_000000000021405,아이스뮤지엄,제주특별자치도 제주시 은수길 69,365일 얼음이 덮여있는 제주의 얼음동산,33.47011,126.487595,064-742-3700,region1,제주시,11,제주시내,아이스뮤지엄,2019022594299,https://api.cdn.visitjeju.net/photomng/imgpath/202112/14/adc0fab1-ba9b-4d3f-ab65-682c3f64eab8.jpg,https://api.cdn.visitjeju.net/photomng/thumbnailpath/202112/14/78af98ad-57f4-4717-a4a6-45e793350468.jpg,"['제주여행', '제주관광', '제주도', '뮤지엄', '아이스뮤지엄', '제주도박물관', '박물관', '어트랙션', '제주도여행', '공용주차장', '화장실', '편의점', '아주 어려움', '실내+실외']"
CNTS_000000000021406,김녕 지질트레일,제주특별자치도 제주시 구좌읍 김녕로 209,"바당밭, 빌레왓을 일구며 동굴 위에서 살았던 주민들의 삶의 원형을 만날 수 있는 김녕 지질트레일",33.5562,126.76165,--,region1,제주시,11,제주시내,김녕 월정 지질트레일,11234,https://api.cdn.visitjeju.net/photomng/imgpath/201804/30/a93e522d-96bf-4d4c-b918-59a714abc184.jpg,https://api.cdn.visitjeju.net/photomng/thumbnailpath/201804/30/6ff467de-32ef-483a-8aa1-d6d186c13636.jpg,"['지질트레일', '걷기/등산', '친구', '커플', '맑음', '가을', '겨울', '지오브랜드', '자연경관', '체험', '언택트', '유네스코', '어트랙션']"
CNTS_000000000021408,다끄네포구(용담포구),제주특별자치도 제주시 용담3동,용담 마을 주민들이 닦아 만든 포구,33.51841,126.500786,--,region1,제주시,11,제주시내,다끄네포구(용담포구),2019022560410,https://api.cdn.visitjeju.net/photomng/imgpath/201908/20/0e250cd2-c9a4-4059-910c-151fabb76329.jpg,https://api.cdn.visitjeju.net/photomng/thumbnailpath/201908/20/1678cede-9e42-42e8-8f35-ef0cb2f97a81.jpg,"['커플', '혼자', '친구', '문화유적지', '해변', '포구', '자연경관', '역사유적']"
CNTS_000000000021411,보목포구,제주특별자치도 서귀포시 보목포로 46,보목포구로 자리물회 먹으로 옵써!,33.239265,126.606895,--,region2,서귀포시,21,서귀포시내,보목포구,2019022557962,https://api.cdn.visitjeju.net/photomng/imgpath/201907/17/64a9f815-4ef1-4fac-8adb-90588553ed7a.jpg,https://api.cdn.visitjeju.net/photomng/thumbnailpath/201907/17/3dfdaafa-6623-4a49-915e-a7e4f7c659fe.jpg,"['맑음', '해변', '친구', '부모', '커플', '혼자', '아이', '아주 어려움', '자연경관', '어린이']"
CNTS_000000000021429,다이나믹메이즈,제주특별자치도 서귀포시 표선면 번영로 2644,"다이나믹메이즈는 날씨에 구애받지 않고 즐기는 실내 액티비티다. 요즘 인기인 ‘방탈출’과 비슷한 콘셉트로 미로를 빠져나오기 위해 여러 가지 미션을 수행해야 한다. 가족이나 친구, 연인과 한 팀이 되어 서로 머리를 맞대 문제를 풀고 장애물을 뛰어넘으며 탈출구를 향해 달리는 색다른 재미를 느낄 수 있다. ",33.399128,126.785194,064-805-0906/0910,region2,서귀포시,26,표선,다이나믹메이즈,2019022643401,https://api.cdn.visitjeju.net/photomng/imgpath/202410/17/aafd977f-9e35-4dec-8de6-83b23a34e3ef.jpg,https://api.cdn.visitjeju.net/photomng/thumbnailpath/202410/17/6f8c53a1-87e0-4e4f-ab9c-daef2dc36cdf.jpg,"['서귀포가볼만한곳', ' 제주도동쪽코스', ' 제주테마파크', ' 제주도핫플', ' 제주실내관광지', ' 제주체험', ' 액티비티', ' 어린이', '공용주차장', '현금결제', '카드결제', '화장실', '음료대', '유도 및 안내시설', '아주 어려움', '우수관광사업체', '1~2시간']"
CNTS_000000000021473,구좌해안로,제주특별자치도 제주시 구좌읍 구좌해안로,온 세상이 수국과 노란색 유채꽃으로 물들 것만 같은 구좌 해안로,33.55702,126.727806,--,region1,제주시,16,구좌,구좌해안로,11359,https://api.cdn.visitjeju.net/photomng/imgpath/201804/30/a5935758-624d-44ed-b941-7f65dc5103b1.jpg,https://api.cdn.visitjeju.net/photomng/thumbnailpath/201804/30/6541ab5c-f2d5-4278-8021-0c05c502388b.jpg,"['해변', '걷기/등산', '드라이브', '맑음', '아주 어려움']"
CNTS_000000000021491,추사 유배길 - 2코스 인연의 길,제주특별자치도 제주시 한경면 낙수로 228-9,"추사의 편지, 차 등을 통해 추사의 인연을 떠올리는 길",33.319798,126.23731,--,region1,제주시,14,한경,추사 유배길 - 2코스 인연의 길,11408,https://api.cdn.visitjeju.net/photomng/imgpath/201804/30/be17db6a-1f50-4551-a177-50aa74949635.jpg,https://api.cdn.visitjeju.net/photomng/thumbnailpath/201804/30/aaa9a965-d06e-4015-b620-38ca004ef402.jpg,"['걷기/등산', '봄', '가을', '문화관광', '도보여행', '도보', '어트랙션']"
CNTS_000000000021492,추사 유배길 - 3코스 사색의 길,제주특별자치도 서귀포시 안덕면 향교로 165-17,추사가 제자들과 함께 사색을 즐기며 시름을 잊었던 길,33.239353,126.28839,--,region2,서귀포시,22,대정,추사 유배길 - 3코스 사색의 길,11413,https://api.cdn.visitjeju.net/photomng/imgpath/201804/30/92489cae-6546-4e87-b7f1-ef3924e9258d.jpg,https://api.cdn.visitjeju.net/photomng/thumbnailpath/201804/30/4a39f9b7-552a-44ae-b5dd-377bece6d4e4.jpg,"['걷기/등산', '봄', '가을', '문화관광', '도보여행', '도보', '어트랙션']"
CNTS_000000000021515,큰노꼬메오름,제주특별자치도 제주시 애월읍 유수암리 산 138,멋지고 시원한 전망과 바람에 일렁이는 억새를 만날 수 있는 곳,33.39231,126.41524,064-728-8863,region1,제주시,12,애월,큰노꼬메오름,11461,https://api.cdn.visitjeju.net/photomng/imgpath/201804/30/fd9e1ff3-a897-458f-be56-92b2e58207af.jpg,https://api.cdn.visitjeju.net/photomng/thumbnailpath/201804/30/41f70ace-a9f3-4e0f-9889-8cfa6e18d7db.jpg,"['일몰', '오름', '걷기/등산', '봄', '자연경관', '도보여행', '도보', '반려동물동반_오름', '반려동물', '반려동물동반입장', '혼저옵서개', '반려동물동반_자연', '공용주차장', '화장실', '아주 어려움']"
CNTS_000000000021516,삼의악트레킹코스,제주특별자치도 제주시 아라동 산 24-2,쉽게 도심을 벗어날 수 있는 트레킹코스,33.43981,126.56199,--,region1,제주시,11,제주시내,삼의악트레킹코스,2019022595373,https://api.cdn.visitjeju.net/photomng/imgpath/202112/23/ee61e994-10f3-485a-bb7c-95d8f8f44d61.jpg,https://api.cdn.visitjeju.net/photomng/thumbnailpath/202112/23/bdd29da0-f77b-46f7-b71e-40c11e105a12.jpg,"['걷기/등산', '공용주차장', '아주 어려움', '어트랙션']"
CNTS_000000000021522,공천포구,제주특별자치도 서귀포시 남원읍 신례리,검은 돌과 검은 모래가 가득한 바다,33.26312,126.64165,--,region2,서귀포시,25,남원,공천포구,2019022592924,https://api.cdn.visitjeju.net/photomng/imgpath/202112/06/ef3fe97f-621d-445b-b767-b94ebdbd8a95.jpg,https://api.cdn.visitjeju.net/photomng/thumbnailpath/202112/06/e9506ae1-c2e6-463a-b7ee-ba46b0339426.jpg,"['커플', '친구', '경관/포토', '해변', '부모', '혼자', '아이', '맑음', '자연경관', '포토스팟', '어린이']"
CNTS_000000000021525,함덕카페거리,제주특별자치도 제주시 조천읍 함덕리,함덕 서우봉해변 근처에 위치한 함덕 카페거리,33.54264,126.66915,--,region1,제주시,15,조천,함덕카페거리,11487,https://api.cdn.visitjeju.net/photomng/imgpath/201804/30/09495b42-bc43-4db3-845f-47739a26f984.jpg,https://api.cdn.visitjeju.net/photomng/thumbnailpath/201804/30/df91e639-d813-4d70-8bb8-dc6d10180764.jpg,"['밤', '커플', '여름']"
CNTS_000000000021527,삼다수숲길 지질트레일,제주시 조천읍 교래리 산 70-24 ,"교래 삼다수마을은 2018년 제주도의 13번째 지질공원 대표명소로 지정되었다. 교래 삼다수마을에는 지질학적 가치가 높은 교래곶자왈, 교래리퇴적층, 맨틀 포획암, 돌문화공원, 산굼부리(천염기념물 제 263호) 등이 위치해있다. 이곳은 생태적 측면에서 삼나무 싶길을 중심으로 희귀식물(붓순나무, 황칠나무) 군락지가 잇으며, 다양한 생물들이 공존하고 있다",33.4180631,126.6534847,064-782-1746,region1,제주시,15,조천,삼다수숲길,2019022569567,https://api.cdn.visitjeju.net/photomng/imgpath/202002/25/bdc65b79-da50-4f55-b614-34f8efaec7c4.jpg,https://api.cdn.visitjeju.net/photomng/thumbnailpath/202002/25/885aa9fc-a0b7-47e6-b9e8-9f56677b8cd3.jpg,"['숲길', '걷기/등산', '혼자', '흐림', '봄', '자연경관', '도보여행', '도보', '단풍', '숲', '언택트', '지질트레일', '유네스코', '어트랙션']"
CNTS_000000000021528,노을해안로,제주특별자치도 서귀포시 대정읍 노을해안로 24,붉게 물든 하늘과 바다를 감상하며 지나는 해안로,33.24254,126.22441,--,region2,서귀포시,22,대정,노을해안로,2019022593899,https://api.cdn.visitjeju.net/photomng/imgpath/202112/10/8b7aa778-d828-49b2-b342-15d125cdb918.jpg,https://api.cdn.visitjeju.net/photomng/thumbnailpath/202112/10/48c6558b-9ad5-40d5-91c0-00629bff75e4.jpg,"['일몰', '해변', '걷기/등산', '혼자', '가을', '자연경관']"
CNTS_000000000021531,엉알해안산책로,제주특별자치도 제주시 한경면 노을해안로 1143,화산재가 쌓여 이루어진 웅장한 지층과 낙조가 아름다운 산책로,33.3079446,126.164135,064-728-7952,region1,제주시,14,한경,엉알해안산책로,2019022560720,https://api.cdn.visitjeju.net/photomng/imgpath/201908/22/006f2cc3-0484-403a-90bb-a1df70964239.jpg,https://api.cdn.visitjeju.net/photomng/thumbnailpath/201908/22/0fe2acee-0f87-4a5b-99ce-2ec99cf974ba.jpg,"['일몰', '해변', '걷기/등산', '커플', '맑음', '가을', '자연경관']"
CNTS_000000000021575,알오름(표선면),제주특별자치도 서귀포시 표선면 토산리 산 11,새알을 연상하게하는 알오름,33.32773,126.77738,064-760-4418,region2,서귀포시,26,표선,알오름(표선면),11507,https://api.cdn.visitjeju.net/photomng/imgpath/201804/30/343f029d-bdb7-47f0-b006-b86310623cd7.jpg,https://api.cdn.visitjeju.net/photomng/thumbnailpath/201804/30/f73c63c7-8085-46f4-a1f1-c3c16b4d87dd.jpg,"['오름', '걷기/등산', '자연경관', '도보여행', '도보']"
CNTS_000000000021612,볼레낭길,제주특별자치도 서귀포시 안덕면 감산리 1049,"제주올레 9코스의 한 구간, 보리수나무가 흐드러진 볼레낭길",33.235916,126.34946,--,region2,서귀포시,23,안덕,볼레낭길,11563,https://api.cdn.visitjeju.net/photomng/imgpath/201804/30/4b85933d-8276-48d6-81d4-1a461fb1a8b3.jpg,https://api.cdn.visitjeju.net/photomng/thumbnailpath/201804/30/7341c3a5-55f6-4940-8d3b-fa6494deface.jpg,"['걷기/등산', '자연경관', '도보여행', '도보']"
CNTS_000000000021620,성산오조리해안,제주특별자치도 거쉬포시 성산읍 한도로,제주에서 조개잡이 체험장으로 유명한 성산 오조리 해안,33.45794,126.8903,--,region2,서귀포시,17,성산,성산오조리해안,2019022591396,https://api.cdn.visitjeju.net/photomng/imgpath/202111/25/ebe32fd6-4142-4a67-aa42-23e2e5b9a214.jpg,https://api.cdn.visitjeju.net/photomng/thumbnailpath/202111/25/7286de96-6273-415f-ba40-d612aac7cec4.jpg,"['해변', '경관/포토', '커플', '맑음', '겨울', '자연경관', '포토스팟']"
CNTS_000000000021635,삼양해안도로,제주특별자치도 제주시 삼양2동,짧지만 강렬한 아름다움,33.52099,126.58382,--,region1,제주시,11,제주시내,삼양해안도로,2019022595346,https://api.cdn.visitjeju.net/photomng/imgpath/202112/23/d524c99e-fdc0-4f3a-8b7c-1dca5a1f3668.JPG,https://api.cdn.visitjeju.net/photomng/thumbnailpath/202112/23/f3a237c1-63fb-429b-8963-51e9ba0fc50d.JPG,"['해변', '드라이브', '커플', '맑음', '자연경관']"
CNTS_000000000021661,보물섬하이킹,제주특별자치도 제주시 용문로14길 14,제주도 자전거여행을 위한 자전거대여 전문점,33.50585,126.510254,010-4582-8240,region1,제주시,11,제주시내,BMS (Treasure Island Hiking),11685,https://api.cdn.visitjeju.net/photomng/imgpath/201804/30/36d6dc6e-ea93-4f96-8cd7-aa11b21f559c.jpg,https://api.cdn.visitjeju.net/photomng/thumbnailpath/201804/30/a295e588-d875-4f60-90de-d8d4d09f57db.jpg,"['액티비티', '체험', '레저/체험', '어트랙션']"
CNTS_000000000021772,1100고지(휴게소),제주특별자치도 서귀포시 1100로 1555,겨울이면 더욱 아름다운 한라산 대표적인 뷰포인트,33.339912,126.43682,064-740-6000,region2,서귀포시,21,서귀포시내,1100고지(휴게소),2019022589144,https://api.cdn.visitjeju.net/photomng/imgpath/202111/15/2bb7145b-d0f8-406d-9a4f-258e6f60c37d.jpg,https://api.cdn.visitjeju.net/photomng/thumbnailpath/202111/15/e00a264d-1545-43e1-a6a4-2adeaceb5057.jpg,"['산', '경관/포토', '흐림', '겨울', '포토스팟', '한라산', '언택트', '어트랙션', '제주명품42', '제주7대도로']"
CNTS_000000000021844,엉덩물계곡,제주특별자치도 서귀포시 중문관광로 192,중문관광단지에 위치한 산책하기 좋은 계곡,33.2464,126.414536,064-735-7327,region2,서귀포시,24,중문,엉덩물계곡,11838,https://api.cdn.visitjeju.net/photomng/imgpath/201804/30/1c3e9213-60c9-4669-adb1-5b805ff95982.jpg,https://api.cdn.visitjeju.net/photomng/thumbnailpath/201804/30/d6a81af0-5d67-4c33-bdfa-bb4e75ea0f4a.jpg,"['부모', '커플', '혼자', '친구', '아이', '맑음', '봄', '올레', '계곡', '자연경관', '어린이', '어트랙션', '봄꽃', '유채꽃', '물놀이']"
CNTS_000000000021870,전농로 서사라문화거리,제주특별자치도 제주시 서사로7길 27,매년 봄 왕벚꽃 축제가 열리는 구도심 제주의 거리,33.506634,126.522415,--,region1,제주시,11,제주시내,전농로 서사라문화거리,2019022590848,https://api.cdn.visitjeju.net/photomng/imgpath/202111/23/70c1a9a6-337b-4e9f-8798-7a91e6089d36.JPG,https://api.cdn.visitjeju.net/photomng/thumbnailpath/202111/23/b3c59428-719a-4c05-ab36-a7fabbef6d8f.JPG,"['꽃', '걷기/등산', '맑음', '봄', '문화관광', '어트랙션', '봄꽃', '벚꽃', '2023_관광10선_봄', 'Moment_봄']"
CNTS_000000000021894,장전리 벚꽃축제길,제주특별자치도 제주시 애월읍 광상로 403,봄 벚꽃소식과 함께 축제의 장이 열리는 장전리,33.44326,126.390686,--,region1,제주시,12,애월,장전리 벚꽃축제길,2019022592721,https://api.cdn.visitjeju.net/photomng/imgpath/202112/03/b3c4382e-6579-4f10-a9f9-56906625021a.JPG,https://api.cdn.visitjeju.net/photomng/thumbnailpath/202112/03/b80f5bf3-2c40-4eb1-b49e-86131c9da446.JPG,"['걷기/등산', '경관/포토', '커플', '맑음', '봄', '봄꽃', '도보여행', '도보', '포토스팟', '어트랙션', '벚꽃']"
CNTS_000000000022003,쉼터마을 유수암리 농어촌체험마을,제주특별자치도 제주시 애월읍 유수암평화길 14,중산간 마을에서 보기드문 용천수를 간직한 마을,33.4413679,126.4029559,064-799-2201,region1,제주시,12,애월,쉼터마을 유수암리 농어촌체험마을,2019022594264,https://api.cdn.visitjeju.net/photomng/imgpath/202112/14/1d8ac54d-f951-4178-bbad-afde346809dc.jpg,https://api.cdn.visitjeju.net/photomng/thumbnailpath/202112/14/92b9a662-5669-47df-8efe-1d8ac0908b04.jpg,"['체험관광', '아이', '흐림', '사계절', '체험', '마을산책', '마을관광', '어린이', '어트랙션']"
CNTS_000000000022006,참살이마을 명도암 농어촌체험마을,제주시 명림로 268-71,자연 그대로의 삶이 있는 참살이마을,33.461636,126.60709,064-723-0261,region1,제주시,11,제주시내,참살이마을 명도암 농어촌체험마을,12358,https://api.cdn.visitjeju.net/photomng/imgpath/201804/30/79d2df2e-dfc3-489a-a955-f73ecb30233d.png,https://api.cdn.visitjeju.net/photomng/thumbnailpath/201804/30/f213c5b6-3faf-41f3-91ac-7e45d2bb87e2.png,"['체험관광', '친구', '커플', '흐림', '사계절', '체험', '마을산책', '마을관광', '어트랙션']"
CNTS_000000000022059,제주스쿠터여행,제주시 서광로 164,"공항,부두,제주도내 어디서든 쉽게 방문 할 수 있는 2007년에 개점한 전통있는 스쿠터 대여점",33.49984,126.51392,064-722-3700,region1,제주시,11,제주시내,제주스쿠터여행,12644,https://api.cdn.visitjeju.net/photomng/imgpath/201804/30/92f9cb7a-023b-4474-beb0-28300d9bc38c.jpg,https://api.cdn.visitjeju.net/photomng/thumbnailpath/201804/30/3dbcead0-43eb-47c1-a3af-bad610b2499d.jpg,"['액티비티', '친구', '커플', '맑음', '체험', '레저/체험', '어트랙션', '공용주차장']"
CNTS_000000000022063,관음사 템플스테이,제주시 산록북로 660,산천단 부근에 있는 관음사 절이며 템플 스테이 당일 및 숙박 프로그램을 체험할 수 있다.,33.42172,126.558815,064-724-6833,region1,제주시,11,제주시내,관음사 템플스테이,12671,https://api.cdn.visitjeju.net/photomng/imgpath/201804/30/59f7169a-ff77-4897-b161-cc36715a0244.jpg,https://api.cdn.visitjeju.net/photomng/thumbnailpath/201804/30/01709868-685e-4fc2-b2ef-728ccdde9fc6.jpg,"['템플스테이', '휴식/힐링', '커플', '흐림', '사계절', '문화관광', '체험', '한라산', '언택트', '어트랙션']"
CNTS_000000000022073,제주제트,제주특별자치도 서귀포시 대포로 172-5,제주중문의 빼어난 절경을 무대로 아름다운 경관과 스릴있는 모험의 세계로 안내할 익사이팅한 해상 레져 체험장,33.2435151,126.4352216,064-739-3939,region2,서귀포시,21,서귀포시내,제주제트,2019022636770,https://api.cdn.visitjeju.net/photomng/imgpath/202407/24/07081e1d-cdee-4170-ba19-3345b4d3e9b8.jpg,https://api.cdn.visitjeju.net/photomng/thumbnailpath/202407/24/4bf8b594-4a32-4cec-b426-c6a439da28c2.jpg,"['제주', '제주바다', '제주도', '어트랙션', '제주체험', '제트보트', '보트', '제주보트', '제주제트', '파라세일링', '카드결제', '화장실', '공용주차장', '실외', '해양스포츠', '1시간 미만']"
CNTS_000000000022171,낙타트래킹,제주특별자치도 서귀포시 표선면 번영로 2564-21,"kbs 인간극장, sbs 동물농장, kbs 배틀트립, 생생정보통, vj특공대, 굿모닝대한민국, sbs 좋은아침, kbs 귀농이 대박이다 등 다수 출연",33.40256,126.77849,064-787-2256,region2,서귀포시,26,표선,낙타트래킹,13187,https://api.cdn.visitjeju.net/photomng/imgpath/201804/30/d94d144b-a983-416f-aa96-1c7e7efdb1f0.jpg,https://api.cdn.visitjeju.net/photomng/thumbnailpath/201804/30/f2d236e2-457f-4c55-b00b-d0a56ae5ecb0.jpg,"['액티비티', '친구', '커플', '체험', '레저/체험', '어트랙션']"
CNTS_000000000022222,서귀포유람선,제주특별자치도 서귀포시 남성중로 40,"제주 새섬, 범섬, 외돌개, 정방폭포 서귀포시 추천관광지를 유람선에서 관광할 수 있다.",33.2392231,126.5586562,064-732-1717,region2,서귀포시,21,서귀포시내,서귀포유람선,13466,https://api.cdn.visitjeju.net/photomng/imgpath/201804/30/1a33d497-fb6f-4507-b5fa-87b44822ecbc.jpg,https://api.cdn.visitjeju.net/photomng/thumbnailpath/201804/30/994217fa-e5b5-4f41-a172-dc002953a504.jpg,"['액티비티', '부모', '아이', '커플', '친구', '맑음', '체험', '레저/체험', '어린이', '공용주차장', '현금결제', '카드결제', '화장실']"
CNTS_000000000022262,동산농원 딸기체험장,제주특별자치도 제주시 한경면 저지리 1448-2,제주시 한경면 저지리에 위치한 딸기체험장,33.333553,126.24605,010-9838-2479,region1,제주시,14,한경,동산농원 딸기체험장,2019022594019,https://api.cdn.visitjeju.net/photomng/imgpath/202112/10/c392aab3-2a8f-4fb0-9eae-f8c3c32033c0.jpg,https://api.cdn.visitjeju.net/photomng/thumbnailpath/202112/10/330b19cc-4803-4444-8953-d00770a43efc.jpg,"['친구', '아이', '커플', '실내', '체험관광', '체험', '어린이', '어트랙션', '화장실']"
CNTS_000000000022377,성산포항,서귀포시 성산읍 성산등용로 130-21,제주특별자치도 서귀포시 성산읍에 있는 연안항,33.47211,126.9332,--,region2,서귀포시,17,성산,성산포항,14251,https://api.cdn.visitjeju.net/photomng/imgpath/201804/30/e7f98ed3-20e7-469a-9fa7-80f894a08cf7.jpg,https://api.cdn.visitjeju.net/photomng/thumbnailpath/201804/30/3a33bca2-f93e-4799-8cc0-629a2fbb081b.jpg,"['해변', '맑음', '공용주차장', '자연경관', '어트랙션']"
CNTS_000000000022455,애월 한담 카약,제주 제주시 애월읍 애월로1길 25,애월 한담 해수욕장 부근에서 즐길 수 있는 투명카약.,33.46246,126.30959,--,region1,제주시,12,애월,애월 한담 카약,2019022560967,https://api.cdn.visitjeju.net/photomng/imgpath/201908/27/0f52c16a-eca8-4b1b-8c5b-acaa985834b1.jpg,https://api.cdn.visitjeju.net/photomng/thumbnailpath/201908/27/cb910a9e-6a17-446d-b6b4-6a2507c8aef2.jpg,"['해수욕장', '액티비티', '커플', '맑음', '여름', '체험', '레저/체험', '해변', '물놀이', '수상레저', '어트랙션']"
CNTS_000000000022459,산방산 수국,제주특별자치도 서귀포시 안덕면 산방로,산방산 근처의 수국길.,33.238625,126.31461,--,region2,서귀포시,21,서귀포시내,산방산 수국,2019022595291,https://api.cdn.visitjeju.net/photomng/imgpath/202112/22/eba873b6-9873-4505-b1fa-78b67b593e27.JPG,https://api.cdn.visitjeju.net/photomng/thumbnailpath/202112/22/b6eba2c7-88cd-4924-be7e-6d7467630704.JPG,"['산', '걷기/등산', '경관/포토', '친구', '커플', '맑음', '여름', '자연경관', '포토스팟', '어트랙션', '수국']"
CNTS_000000000022516,월정리해안도로,제주특별자치도 제주시 구좌읍 월정리 652-4,풍차와 애매랄드 빛 바다를 보며 드라이브를 즐기기 좋은 곳,33.556572,126.79497,--,region1,제주시,16,구좌,월정리해안도로,2019022593554,https://api.cdn.visitjeju.net/photomng/imgpath/202112/08/0a46a73f-294a-45f1-b201-6b9b0e2388cf.JPG,https://api.cdn.visitjeju.net/photomng/thumbnailpath/202112/08/fb4ef6e7-dd0f-4ab2-9f1d-ace7cf281237.JPG,"['해변', '드라이브', '커플', '맑음', '여름', '자연경관', '제주명품42', '포토스팟', '제주7대도로']"
CNTS_000000000022519,우도봉 풍경,제주특별자치도 제주시 우도면 연평리 1,섬속의 섬 우도에 있는 우도봉의 풍경,33.5043,126.95405,--,region3,섬 속의 섬,31,우도,우도봉 풍경,15089,https://api.cdn.visitjeju.net/photomng/imgpath/201804/30/ab689af2-5482-4aed-8741-2f17349c8296.jpg,https://api.cdn.visitjeju.net/photomng/thumbnailpath/201804/30/a7655b1d-070a-447e-8bfa-68072a15d0f1.jpg,"['일출', '오름', '경관/포토', '맑음', '자연경관', '포토스팟', ' 우도']"
CNTS_000000000022529,도두항,제주특별자치도 제주시 도공로 2,제주공항과 가까운 낚시하기 좋은 포구,33.507725,126.466576,--,region1,제주시,11,제주시내,도두항,2019022590757,https://api.cdn.visitjeju.net/photomng/imgpath/202111/22/8fa4adab-fa8b-46d5-a83a-10bbf7df632b.jpg,https://api.cdn.visitjeju.net/photomng/thumbnailpath/202111/22/53847cd0-dad0-4f98-a2e3-1a57db8f0b4e.jpg,"['부모', '커플', '혼자', '친구', '아이', '맑음', '휴식/힐링', '어린이']"
CNTS_000000000022681,생이기정,제주특별자치도 제주시 한경면 용수리 산 60,올레 12코스에 위치한 절벽길,33.315594,126.16737,--,region1,제주시,14,한경,생이기정,2019022592440,https://api.cdn.visitjeju.net/photomng/imgpath/202112/02/a2ca30bb-ffdd-4442-8e77-18f119c19cbd.jpg,https://api.cdn.visitjeju.net/photomng/thumbnailpath/202112/02/a1dd51ba-a4b3-42f9-b013-2912ea0264cd.jpg,"['일몰', '해변', '걷기/등산', '맑음', '가을', '자연경관']"
CNTS_000000000022704,천아숲길 천아계곡,제주특별자치도 제주시 애월읍 봉성리 산 1,한라산 둘레길에 자리한 단풍명소,33.355183,126.4252,064-738-4280,region1,제주시,12,애월,천아숲길 천아계곡,2019022591497,https://api.cdn.visitjeju.net/photomng/imgpath/202111/25/193fb537-52ac-4cf7-9daa-de6677143fda.JPG,https://api.cdn.visitjeju.net/photomng/thumbnailpath/202111/25/3759f6fe-c804-40ae-b862-6506eabe94a6.JPG,"['숲길', '걷기/등산', '아이', '흐림', '봄', ' 단풍', ' 가을', '공용주차장', '단풍', '가을', '자연경관', '도보여행', '도보', '숲', '어린이', '언택트', '계곡', '물놀이']"
CNTS_000000000022724,피규어뮤지엄 제주,제주특별자치도 서귀포시 안덕면 한창로 243,"국내 최대규모의 피규어 뮤지엄, 피규어 취향저격 기프트샵",33.2819208,126.35554720000005,064-792-2244,region2,서귀포시,23,안덕,피규어뮤지엄 제주,16213,https://api.cdn.visitjeju.net/photomng/imgpath/201804/30/42161641-a82b-42d5-9648-7c75a07d498f.jpg,https://api.cdn.visitjeju.net/photomng/thumbnailpath/201804/30/7c8e7d88-1b60-4030-8862-34bc0cf6f042.jpg,"['실내', '테마공원', '아이', '비.눈', '흐림', '겨울', '실내관광지', '어린이', '어트랙션', '공용주차장']"
CNTS_000000000022726,플레이박스VR,제주특별자치도 제주시 은수길 69,싱크로율 99% 고퀄리티의 다양한 VR체험공간,33.47011,126.487595,064-903-2080,region1,제주시,11,제주시내,플레이박스VR,16233,https://api.cdn.visitjeju.net/photomng/imgpath/201804/30/2c487f15-962c-45cf-b3c8-f8b0959c9c3b.jpg,https://api.cdn.visitjeju.net/photomng/thumbnailpath/201804/30/55c4f0e1-6f8c-49d2-b8e1-e68dc4c8c9de.jpg,"['실내', '테마공원', '아이', '비.눈', '흐림', '사계절', '실내관광지', '어린이', '어트랙션']"
CNTS_000000000022752,이승이오름(이승악),제주특별자치도 서귀포시 남원읍 신례리 산 12-19,이승이오름은 살쾡이를 닮아서 이승이란 이름을 갖게 되었지만 정확한 생김새를 확인하기는 수월치 않다. 능선에 울창하게 자라난 나무들 때문이다.,33.36066,126.597206,--,region2,서귀포시,25,남원,이승이오름(이승악),2019022569651,https://api.cdn.visitjeju.net/photomng/imgpath/202002/25/8da4a41f-6e2f-447b-9ea6-b184ce903f07.jpg,https://api.cdn.visitjeju.net/photomng/thumbnailpath/202002/25/416f96c8-eb01-4aba-a2dd-efa54e4a6289.jpg,"['오름', '자연경관', '도보여행', '도보']"
CNTS_000000000022753,하도리 철새도래지,제주특별자치도 제주시 구좌읍 하도리 53-2,월동하러 가는 철새들의 은신처,33.51021,126.896255,--,region1,제주시,16,구좌,하도리 철새도래지,16459,https://api.cdn.visitjeju.net/photomng/imgpath/201804/30/8854a463-6ec7-4ed0-9b8f-08525d0c49fc.jpg,https://api.cdn.visitjeju.net/photomng/thumbnailpath/201804/30/30abe529-57bf-46ad-a83b-dc765c5a973b.jpg,"['해변', '경관/포토', '맑음', '자연경관', '포토스팟']"
CNTS_000000000022771,신화테마파크,서귀포시 안덕면 신화역사로304번길 98,한국 토종 애니메이션으로 세계적인 인기를 끈 라바의 세계관이 곳곳에 심어진 정통 테마파크..,33.30525966712617,126.31521554103088,1670-1188,region2,서귀포시,21,서귀포시내,신화테마파크,2019022611313,https://api.cdn.visitjeju.net/photomng/imgpath/202301/02/e9f4ba08-53a6-4768-89bb-ee21835224ac.jpg,https://api.cdn.visitjeju.net/photomng/thumbnailpath/202301/02/5e99a9bf-c105-4da0-a1c9-e69dc3af70a8.jpg,"['테마공원', '맑음', '아이', '실내관광지', '어린이', '어트랙션', '안전여행스탬프', '제주신화월드', '무장애관광', '카드결제', '화장실', '공용주차장', '흡연구역', '편의점', '음료대', '유도 및 안내시설', '경보 및 피난시설', '현금결제', 'Room charge', ' Shinhwa reward point', ' Landing casino point', ' Samsung pay', ' Union pay', ' Alipay', ' Wechat pay', '영어', '중국어', '단차없음', '단독접근가능', '장애인 화장실', '수동 휠체어 대여 가능', '장애인 전용 주차장', '테이블 비치', '쉬움', '실내+실외', '중', '기타', '2~3시간']"
CNTS_000000000022852,곤흘동(곤을동) 마을터,제주특별자치도 제주시 화북1동 4438,4.3 당시 주민들이 무차별 학살을 당하고 불태워진 곤흘동 마을,33.521984,126.55739,--,region1,제주시,11,제주시내,곤흘동(곤을동) 마을터,2019022594718,https://api.cdn.visitjeju.net/photomng/imgpath/202112/16/965fa772-dfa8-4cce-903a-804e4510da27.jpeg,https://api.cdn.visitjeju.net/photomng/thumbnailpath/202112/16/8f02b8d2-b4a1-45a4-b4ae-64c07d09e460.jpeg,"['4.3', '문화유적지', '문화관광', '제주4.3', '역사유적', '마을산책', '마을관광', '어트랙션']"
CNTS_000000000022859,이덕구 산전,제주특별자치도 제주시 조천읍 516로 1865,토벌대의 학살을 피해 숨어든 피난민들의 피난처,33.384853,126.619545,--,region1,제주시,15,조천,이덕구 산전,16751,https://api.cdn.visitjeju.net/photomng/imgpath/201804/30/40f8193d-3cc3-4dd9-a356-c9f024a2cd39.jpg,https://api.cdn.visitjeju.net/photomng/thumbnailpath/201804/30/195656a7-3ff8-4626-82e8-f5074398b2f5.jpg,"['4.3', '문화유적지', '문화관광', '제주4.3', '역사유적', '어트랙션']"
CNTS_000000000021463,선흘1리,제주특별자치도 제주시 조천읍 중산간동로 1280,"가슴 아픈 역사와 문화, 광활한 자연의 집합체, 선흘 1리",33.51144,126.70519,-783-8885,region1,제주시,15,조천,선흘1리,2019022595452,https://api.cdn.visitjeju.net/photomng/imgpath/202112/23/beb83616-f6b0-472b-ac1d-09a6709d369a.jpg,https://api.cdn.visitjeju.net/photomng/thumbnailpath/202112/23/a57201dc-34d7-4732-a6fb-13d378a4d238.jpg,"['문화유적지', '흐림', '사계절', '공용주차장', '역사유적']"
CNTS_000000000022862,북촌국민학교,제주특별자치도 제주시 조천읍 일주동로 1481,4·3 당시 최대의 피해마을인 북촌리 학살의 상징으로 남아있는 곳,33.547977,126.69154,--,region1,제주시,15,조천,북촌국민학교,2019022594112,https://api.cdn.visitjeju.net/photomng/imgpath/202112/13/9121b75f-1e02-42c8-ae18-dcf1d27d7352.jpeg,https://api.cdn.visitjeju.net/photomng/thumbnailpath/202112/13/874256f9-97a5-4d11-b8e0-6bff11748237.jpeg,"['문화유적지', '문화관광', '역사유적', '어트랙션']"
CNTS_000000000022863,터진목 & 성산면 4·3희생자 위령비,제주특별자치도 서귀포시 성산읍 일출로 88-19,"4.3사건 당시 성산, 구좌면 관내 주민들이 총살됐던 학살터.",33.450108,126.922455,--,region2,서귀포시,17,성산,터진목 & 성산면 4·3희생자 위령비,2019022589571,https://api.cdn.visitjeju.net/photomng/imgpath/202111/16/111901c8-8357-4190-92e8-8d5f5b64476a.jpeg,https://api.cdn.visitjeju.net/photomng/thumbnailpath/202111/16/04b1d860-94c9-43b5-8fa2-28e1659604ae.jpeg,"['4.3', '문화유적지', '문화관광', '제주4.3', '역사유적', '어트랙션']"
CNTS_000000000022864,낙선동 4.3성,제주특별자치도 제주시 조천읍 선흘서5길 13,4·3 당시 산사람들과 마을 사람들의 연계를 차단하고 분리시키기 위해 토벌대의 작전계획에 따라 쌓은 석성,33.480583,126.709526,064-783-4373,region1,제주시,15,조천,낙선동 4.3,16761,https://api.cdn.visitjeju.net/photomng/imgpath/201804/30/673015a3-649d-4af8-b957-50ab132ca597.jpg,https://api.cdn.visitjeju.net/photomng/thumbnailpath/201804/30/87c210b5-cb35-43bc-9909-a5459d924579.jpg,"['문화유적지', '4.3', '문화관광', '제주4.3', '역사유적', '어트랙션']"
CNTS_000000000022866,목시물굴,제주특별자치도 제주시 조천읍 선흘리 산26번지 일대,선흘리 초토화 이후 선흘리민들이 은신 했다가 희생 당한 곳,33.51025,126.722336,--,region1,제주시,15,조천,목시물굴,16765,https://api.cdn.visitjeju.net/photomng/imgpath/201804/30/31fa4472-3745-4c9c-9581-032e7c619514.jpg,https://api.cdn.visitjeju.net/photomng/thumbnailpath/201804/30/72c320f8-d249-47df-ab6f-f055561afc78.jpg,"['4.3', '문화유적지', '문화관광', '제주4.3', '역사유적', '어트랙션']"
CNTS_000000000022877,함덕백사장 & 서우봉,제주특별자치도 제주시 조천읍 조함해안로 519-10,함덕 대대본부에 주둔한 군인들에 의해 많은 사람들이 희생된 곳,33.54379,126.668846,--,region1,제주시,15,조천,함덕백사장 & 서우봉,2019022558749,https://api.cdn.visitjeju.net/photomng/imgpath/201907/30/4fb452b8-fecd-4fad-a7b7-2675c2082a08.jpeg,https://api.cdn.visitjeju.net/photomng/thumbnailpath/201907/30/47bc464b-b164-489d-99fb-e9630291d1ca.jpeg,"['부모', '커플', '혼자', '친구', '아이', '맑음', '여름', '해변', '문화유적지', '오름', '자연경관', '역사유적', '어린이', '봄꽃', '유채꽃']"
CNTS_000000000022881,진아영 할머니 집터,제주특별자치도 제주시 한림읍 월령1길 22,총탄에 턱을 맞고 쓰러진 뒤 무명천으로 턱을 가린 채 후유증으로 삶을 살아가셨던 진아영 할머니,33.376026,126.21468,064-722-2701,region1,제주시,13,한림,진아영 할머니 집터,16792,https://api.cdn.visitjeju.net/photomng/imgpath/201804/30/c26e319a-4106-4ad1-8484-c762a255dfcc.jpg,https://api.cdn.visitjeju.net/photomng/thumbnailpath/201804/30/06db4d95-4ff5-493b-985c-f246070adc2e.jpg,"['문화유적지', '4.3', '문화관광', '제주4.3', '역사유적', '어트랙션']"
CNTS_000000000022885, 주정공장수용소 4.3역사관,제주특별자치도 제주시 임항로 111 (건입동)일대,4.3사건 당시 수용소로 활용한 동양척식주식회사 제주주정공장,33.51911,126.5345,064-725-4302,region1,제주시,11,제주시내,주정공장(동척회사) 옛터,16801,https://api.cdn.visitjeju.net/photomng/imgpath/201804/30/d08715d0-ff10-4d54-bfec-4333f17927cc.jpg,https://api.cdn.visitjeju.net/photomng/thumbnailpath/201804/30/2fc83faa-3cb4-4ab7-8cb0-4ff31d0e5827.jpg,"['4.3', '문화유적지', '문화관광', '제주4.3', '역사유적', '어트랙션']"
CNTS_200000000007191,하도어촌체험마을,제주특별자치도 제주시 구좌읍 해맞이해안로 1897-27,제주시 구좌읍 해맞이해안로에 위치한 풍요로운 해녀마을인 하도 어촌체험마을.,33.5200922,126.9041337,064-783-1996,region1,제주시,16,구좌,구좌 하도어촌계,2018052301663,https://api.cdn.visitjeju.net/photomng/imgpath/201807/09/1ee0088f-1303-4779-8a2d-4fa63482cdc0.jpg,https://api.cdn.visitjeju.net/photomng/thumbnailpath/201807/09/9c233bd8-7ae8-4af0-9cc0-c38c8c0b6dbf.jpg,"['경관/포토', '체험관광', '액티비티', '바릇잡이', '낚시', '체험', '레저/체험', '포토스팟', '어트랙션', '카드결제', '현금결제', '물놀이', '기타', ' 해녀체험', ' 낚시체험', '러닝홀리데이인제주']"
CNTS_200000000007218,중엄리새물,제주특별자치도 제주시 애월읍 애월해안로 10-2,제주 제일의 해안용수를 볼 수 있는 곳 이다.,33.4654193,126.3169526,,region1,제주시,12,애월,중엄리새물,2018052302204,https://api.cdn.visitjeju.net/photomng/imgpath/201807/11/1fb4cbc0-809a-47cc-91e3-7be24311ec1f.JPG,https://api.cdn.visitjeju.net/photomng/thumbnailpath/201807/11/8616bb01-c5a5-47ce-a00b-b1b4374470ed.JPG,"['경관/포토', '올레', '공용주차장', '실외', '자연경관', '포토스팟']"
CNTS_200000000007223,태웃개,제주특별자치도 서귀포시 남원읍 태위로398번길 57,요즘 핫한 스노쿨링 ‘태웃개’.. 바닷물과 용천수도 공존,33.3060336,126.6580882,,region2,서귀포시,25,남원,태웃개,2018052302274,https://api.cdn.visitjeju.net/photomng/imgpath/201807/12/ee8d8a4a-abc5-44fc-93ac-83b6ada45b88.JPG,https://api.cdn.visitjeju.net/photomng/thumbnailpath/201807/12/8e681bee-6c56-448e-9a2a-2d619ff41309.JPG,"['남원가볼만한곳', '제주해수욕장', '제주여행', '서귀포가볼만한곳', '제주액티비티', '제주스노쿨링', '제주바다', '제주해변', '제주아이와가볼만한곳', '화장실', '공용주차장', '실외']"
CNTS_200000000007252,해녀의 태왁,제주특별자치도 제주시 구좌읍 김송로 94,해녀와 함께 태왁 만들기 체험을 할 수 있는 곳이다.,33.5582139,126.7373381,064-782-6347,region1,제주시,16,구좌,해녀의 태왁,2018052302815,https://api.cdn.visitjeju.net/photomng/imgpath/201807/20/54a5d911-bf52-47a4-9c80-d8d13a363cea.jpg,https://api.cdn.visitjeju.net/photomng/thumbnailpath/201807/20/0e783294-d602-4a11-8931-a70602d08e96.jpg,"['체험관광', '아이', '사계절', '어린이', '어트랙션', '무장애관광', '공용주차장', '현금결제', '카드결제', '화장실', '무료 WIFI', '', '단독접근가능', '청각장애인 접근성', '시각장애인 접근성', '저상버스 접근 가능', '쉬움', '실내', '중', '체험', '세계 자연유산 해녀의 태왁을 체험 하기 위함', '1시간 미만']"
CNTS_200000000007279,막숙,제주특별자치도 서귀포시 막숙포로37번길 2,법환포구 옆 자연 용천수가 흐르는 숨은 명소,33.237775,126.5157941,,region2,서귀포시,21,서귀포시내,막숙,2018052303310,https://api.cdn.visitjeju.net/photomng/imgpath/201807/31/d21a3dd2-a355-4d27-95f9-2c3d2174d2c1.jpg,https://api.cdn.visitjeju.net/photomng/thumbnailpath/201807/31/010297d2-316b-4132-a76f-979ce5ee804e.jpg,"['맑음', '휴식/힐링', '여름', '용천수', '물놀이', '공용주차장', '자연경관']"
CNTS_200000000007287,흑돼지거리,제주특별자치도 제주시 건입동,건입동에 위치한 흑돼지구이 전문점이 모여 있는 골목,33.5132674,126.5511425,,region1,제주시,11,제주시내,흑돼지거리,2018052303142,https://api.cdn.visitjeju.net/photomng/imgpath/201807/26/f8ad0c26-2030-4f03-8511-b80fb56a3718.JPG,https://api.cdn.visitjeju.net/photomng/thumbnailpath/201807/26/0a2427d1-232d-4431-8e9d-22751f694527.JPG,"['사계절', ' 흑돼지', '흑돼지', '어트랙션']"
CNTS_200000000007292,애월 하물,제주특별자치도 제주시 애월읍 애월로11길 6,애월리 마을 중심에 위치한 애월 하물은 한국 명수 100선에 선정된 용천수.,33.464873,126.3206795,,region1,제주시,12,애월,애월 하물,2018052303159,https://api.cdn.visitjeju.net/photomng/imgpath/201807/26/d51c7fda-8e0c-48cd-a95c-3d89dde46bf0.JPG,https://api.cdn.visitjeju.net/photomng/thumbnailpath/201807/26/6194dc22-e8bd-4cb0-a50e-cc7dea0ed458.JPG,"['사계절', '아이', '용천수', '자연경관', '어린이']"
CNTS_200000000007344,이호테우해수욕장,제주특별자치도 제주시 도리로 20,붉은 조랑말과 흰 조랑말의 극명하게 대조되는 색감이 이국적인 풍경을 선사하는 해변,33.4961851,126.4559518,064-728-3993,region1,제주시,11,제주시내,이호테우해변,2018052303851,https://api.cdn.visitjeju.net/photomng/imgpath/201808/08/41382152-d67e-46e1-9167-b5ea4ef84068.jpg,https://api.cdn.visitjeju.net/photomng/thumbnailpath/201808/08/fa5051e7-6840-4257-b2ab-50a035045352.jpg,"['경관/포토', '휴식/힐링', '여름', '일몰', '해변', '해수욕장', '자연경관', '물놀이', '포토스팟', '반려동물', '반려동물동반입장', '혼저옵서개', '반려동물동반_자연', '공용주차장', '화장실', '실외', '해양스포츠', '야외수영장', ' 스노클링']"
CNTS_200000000007409,신화워터파크,제주특별자치도 서귀포시 안덕면 신화역사로304번길 38,"제주 바다보다 더 짜릿한 물놀이 천국, 신화워터파크",33.30610869643796,126.31611825316467,1670-1188,region2,서귀포시,23,안덕,신화워터파크,2019022601121,https://api.cdn.visitjeju.net/photomng/imgpath/202205/30/2a160505-d290-4219-a2e2-73abf059cf4a.jpg,https://api.cdn.visitjeju.net/photomng/thumbnailpath/202205/30/83b11489-fe7e-45e2-94a8-7227d58e1832.jpg,"['워터파크', ' 수영장', ' 물놀이', ' 제주도실내관광지', ' 제주워터파크', ' 제주실내수영장', ' 제주도물놀이', ' 제주신화월드', '공용주차장', '무료 WIFI', '화장실', '현금결제', '카드결제', '유도 및 안내시설', '경보 및 피난시설', 'Room charge', ' Shinhwa reward point', ' Landing casino point', ' Samsung pay', ' Union pay', ' Alipay', ' Wechat pay', '장애인 화장실', '승강기', '어려움', '실내+실외', '중', '체험', '물놀이', '3시간 이상']"
CNTS_200000000007473,가파도 마라도 정기여객선,제주특별자치도 서귀포시 대정읍 최남단해안로 120,"가파도, 마라도를 운항하는 정기여객선사 '아름다운 섬나라'",33.2100551,126.2585746,064-794-5490,region2,서귀포시,22,대정,가파도 마라도 정기여객선,2019022647965,https://api.cdn.visitjeju.net/photomng/imgpath/202412/04/1d85ec9b-ef63-4432-aded-4bfd52044a14.jpg,https://api.cdn.visitjeju.net/photomng/thumbnailpath/202412/04/6f70b031-0326-4e55-9d86-2460f6592dbb.jpg,"['아름다운섬나라', '어트랙션', '']"
CNTS_200000000007676,신창풍차해안도로,제주특별자치도 제주시 한경면 한경해안로 485, 해상풍력단지가 조성되어 있어 해안도로를 따라 줄지어 서 있는 풍차를 만날 수 있는 신창풍차해안도로,33.3430267,126.17217,,region1,제주시,14,한경,신창풍차해안도로,2019022590767,https://api.cdn.visitjeju.net/photomng/imgpath/202111/22/42fa696f-6a84-4e1e-b6a7-7a1ca439097f.jpg,https://api.cdn.visitjeju.net/photomng/thumbnailpath/202111/22/94f00b31-8791-404f-9b32-981969fa9204.jpg,"['제주여행', ' 제주도서쪽코스', '제주풍차', ' 제주여름', ' 드라이브', ' 포토스팟', ' 바다목장', ' 제주바다', '반려동물', '반려동물동반입장', '혼저옵서개', '반려동물동반_자연', '실외', '하', '포토스팟', '1시간 미만']"
CNTS_200000000007859,게우지코지,제주특별자치도 서귀포시 하효동,툭 튀어나온 암석 지형이 마치 전복의 내장을 닮았다 해서 이름 붙여진 곳,33.2438505,126.6186661,,region2,서귀포시,21,서귀포시내,게우지코지,2018052308819,https://api.cdn.visitjeju.net/photomng/imgpath/201811/14/069f3732-e7b2-4811-97e9-e304c09d2b1b.jpg,https://api.cdn.visitjeju.net/photomng/thumbnailpath/201811/14/968b4ec3-313c-411a-b70c-1fa88d19a771.jpg,"['커플', '혼자', '친구', '경관/포토', '올레', '자연경관', '포토스팟']"
CNTS_200000000007919,행원육상양식단지,제주특별자치도 제주시 구좌읍 해맞이해안로 680-13,제주 동쪽 일몰 포인트,33.5595727,126.8162673,,region1,제주시,16,구좌,행원육상양식단지,2018052309274,https://api.cdn.visitjeju.net/photomng/imgpath/201811/20/7ac69362-8877-473d-b041-b832b04edee4.jpg,https://api.cdn.visitjeju.net/photomng/thumbnailpath/201811/20/d4416c82-80c5-439f-9c8c-adbd844e7ea7.jpg,"['휴식/힐링', '산책', ' 해변']"
CNTS_200000000007942,비자림농원,제주특별자치도 제주시 조천읍 선흘동1길 31-71,감귤 체험을 할 수 있는 곳,33.5142094,126.718764,010-9274-8420,region1,제주시,15,조천,비자림농원,2018052309939,https://api.cdn.visitjeju.net/photomng/imgpath/201811/29/b467784f-a48d-46b9-97d7-2f58d2d2646d.jpg,https://api.cdn.visitjeju.net/photomng/thumbnailpath/201811/29/5785b9c6-254d-4924-ad2f-a2ab3ba086c1.jpg,"['체험관광', '아이', '감귤', '키위', '어린이', '어트랙션']"
CNTS_200000000008001,머체왓숲길,제주특별자치도 서귀포시 남원읍 서성로 755,"족욕 체험장, 피크닉 카페 등 다양한 테마가 어우러진  숲길",33.3301649,126.6789687,064-805-3113,region2,서귀포시,25,남원,머체왓숲길,2019022655678,https://api.cdn.visitjeju.net/photomng/imgpath/202508/20/42453a3f-14d7-4fb3-8447-1c071696223d.jpg,https://api.cdn.visitjeju.net/photomng/thumbnailpath/202508/20/3455c7a5-9812-4c37-a1bc-cf3ee6d8ecd7.jpg,"['웰니스', '자연', '숲', '치유', '숲길', '걷기', '커플', '자연경관', '도보여행', '도보', '언택트', '무장애관광', '2023_관광10선_봄', 'Moment_봄', '공용주차장', '현금결제', '카드결제', '화장실', '무료 WIFI', '흡연구역', '음료대', '유도 및 안내시설', '경보 및 피난시설', '청각장애인 접근성', '저상버스 접근 가능', '장애인 전용 주차장', '어려움', '2~3시간']"
CNTS_200000000008003,동백포레스트,서귀포시 남원읍 신례리 1767,사진찍기 좋은 신례리 동백나무 군락지,33.299995,126.6297939,,region2,서귀포시,25,남원,동백포레스트,2018052311141,https://api.cdn.visitjeju.net/photomng/imgpath/201812/14/21a91d34-7787-423a-9b19-4047b7bbedf0.JPG,https://api.cdn.visitjeju.net/photomng/thumbnailpath/201812/14/72ac0724-e737-4623-a258-e99151b51b8e.JPG,"['커플', '친구', '맑음', '경관/포토', '겨울', '자연경관', '동백', '포토스팟']"
CNTS_200000000008013,샤이니숲길,제주특별자치도 제주시 조천읍 교래리 719-10,나무 사이로 들어오는 빛이 아름다운 ‘샤이니숲길’,33.4272161,126.6618459,,region1,제주시,15,조천,샤이니숲길,2019022636544,https://api.cdn.visitjeju.net/photomng/imgpath/202407/23/4eb8d5b6-db0f-41c5-a11d-2210ddeff79c.jpg,https://api.cdn.visitjeju.net/photomng/thumbnailpath/202407/23/a060deb8-d18f-4c1c-9a6c-cf2ecb17cda6.jpg,"['제주도', '제주여행', '제주동쪽가볼만한곳', '제주숲길', '숲길', '힐링', '제주스팟', '제주인생샷', '실내', '하', '포토스팟', '1시간 미만']"
CNTS_200000000008018,어린이교통공원,제주특별자치도 제주시 명림로 437 (봉개동 4.3 공원 맞은편),"제주를 대표하는 교통안전 공원으로 어린이의 호기심 유발을 통한 차별화된 교육의 장
",33.451493,126.6234132,064-710-6281~2,region1,제주시,11,제주시내,어린이교통공원,2018052311462,https://api.cdn.visitjeju.net/photomng/imgpath/201812/19/b7b7a592-352c-4123-aae2-b821a29d2bee.JPG,https://api.cdn.visitjeju.net/photomng/thumbnailpath/201812/19/5425756f-46e2-4ee6-adcd-0b038902271b.JPG,"['아이', '경관/포토', '테마공원', '액티비티', '체험관광', '실내관광지', '체험', '레저/체험', '포토스팟', '어린이', '어트랙션', '공용주차장', '화장실', '어려움']"
CNTS_200000000008022,카카오본사(구 스페이스닷원),제주특별자치도 제주시 첨단로 242,카카오 본사 스페이스닷원,33.4500257,126.5733138,1899-1326,region1,제주시,11,제주시내,다음스페이스닷원,2018052311500,https://api.cdn.visitjeju.net/photomng/imgpath/201812/19/a1056453-2576-4cca-bf62-d2649b5c2077.JPG,https://api.cdn.visitjeju.net/photomng/thumbnailpath/201812/19/84e7db69-9725-4429-aa5a-86bab0d8b353.JPG,"['체험관광', '카카오', '다음', '아이', '실내관광지', '문화관광', '어린이', '어트랙션', '포토스팟', '제주명품42', '제주7대건축물', '공용주차장', '화장실']"
CNTS_200000000008034,소라의성,제주특별자치도 서귀포시 칠십리로214번길 17-17,해안절벽에 지어진 아름다운 건축물,33.2663197,126.5671727,064-732-7128,region2,서귀포시,21,서귀포시내,소라의성,2018052311627,https://api.cdn.visitjeju.net/photomng/imgpath/201812/20/f6782432-d614-495f-b7ad-a93dfaba8eb0.JPG,https://api.cdn.visitjeju.net/photomng/thumbnailpath/201812/20/08bc99b7-1869-49e1-8631-525c88ee73dc.JPG,"['건축물', '북카페', '전시', '실내관광지', '문화관광', '어트랙션', '화장실']"
CNTS_200000000008047,통일관,제주특별자치도 제주시 삼성로 46,통일에 대한 다양한 정보와 유물 등이 있는 전시관. ,33.5067485,126.5307225,064-751-0191,region1,제주시,11,제주시내,통일관,2018052311779,https://api.cdn.visitjeju.net/photomng/imgpath/201812/20/df6da46c-00be-4d57-a4d6-ba0a0fc56e0b.JPG,https://api.cdn.visitjeju.net/photomng/thumbnailpath/201812/20/320a3bb0-e961-4cfd-8e83-6b6ddb51c094.JPG,"['통일', '역사', '실내관광지', '역사유적', '어트랙션']"
CNTS_200000000008091,성산 유채꽃재배단지,제주특별자치도 서귀포시 성산읍 일출로,"유채꽃과 성산일출봉, 바다를 배경으로 사진찍을 수 있는 곳",33.449998,126.9224688,,region2,서귀포시,17,성산,광치기해변 유채꽃,2018052312269,https://api.cdn.visitjeju.net/photomng/imgpath/201901/02/050a8da8-7bd9-4542-b3c3-38cd8573f4ab.JPG,https://api.cdn.visitjeju.net/photomng/thumbnailpath/201901/02/39143899-70f1-4547-9f65-00ebd31b0dba.JPG,"['맑음', '봄', '겨울', '경관/포토', '자연경관', '포토스팟', '봄꽃', '유채꽃']"
CNTS_200000000008895,차귀도유람선,제주특별자치도 제주시 한경면 노을해안로 1163 차귀도유람선,"섬속의 섬 차귀도 둘레길 탐방과 수월봉, 차귀도의 절경 유람을 동시에 즐길 수 있는 유람선",33.3089957,126.1658373,064-738-5355,region1,제주시,14,한경,차귀도 유람선,2019022557311,https://api.cdn.visitjeju.net/photomng/imgpath/201907/03/2f12fc8c-9716-4f7a-8b99-5f2557a98429.JPG,https://api.cdn.visitjeju.net/photomng/thumbnailpath/201907/03/6f9ddbc8-de92-4bfa-b776-74d2dbbdf836.JPG,"['차귀도', '유람선', '둘레길', '차귀도유람선', '섬여행', '자연경관', '체험', '도보여행', '도보', '어트랙션', '반려동물', '반려동물동반입장', '혼저옵서개', '반려동물동반_관광지', '공용주차장', '화장실', '무료 WIFI', '흡연구역', '편의점', '유도 및 안내시설', '카드결제', '현금결제', '카카오페이', ' 네이버페이', '쉬움', '실내+실외', '하', '등산', '해양스포츠', '차귀도 둘레길 탐방', ' 차귀도 경치 유람', '1~2시간']"
CNTS_200000000008959,서프라이즈테마파크,제주특별자치도 제주시 조천읍 남조로 2243,문화예술계에서 주목하고 있는 재활용 소재를 활용한 정크아트(Junk Art) 작품을 테마로 조성된 관광지,33.4819547,126.6406839,064-783-7272,region1,제주시,15,조천,서프라이즈테마파크,2019022602473,https://api.cdn.visitjeju.net/photomng/imgpath/202207/06/af880d88-514c-4389-b4fa-44fc59ec6a97.jpg,https://api.cdn.visitjeju.net/photomng/thumbnailpath/202207/06/7608b763-15ea-4437-9e5f-960a95242272.jpg,"['반려동물', '반려동물동반입장', '혼저옵서개', '반려동물동반_관광지', '부모', '아이', '테마공원', '경관/포토', '미술/박물관', '전시와 행사', '우수관광사업체', '체험', '포토스팟', '어린이', '어트랙션', '안전여행스탬프', '무장애관광', '공용주차장', '현금결제', '카드결제', '화장실', '무료 WIFI', '흡연구역', '유도 및 안내시설', '경보 및 피난시설', '', '단독접근가능', '단차없음', '청각장애인 접근성', '시각장애인 접근성', '저상버스 접근 가능', '장애인 화장실', '장애인 전용 주차장', '쉬움', '실내+실외', '하', '1~2시간']"
CNTS_200000000009031,윈드1947 카트 테마파크,제주특별자치도 서귀포시 토평공단로 78-27,제주도의 아름다운 남쪽 풍경을 품은 제주 최고의 체험형 테마파크,33.289717,126.5888625,064-733-3500,region2,서귀포시,21,서귀포시내,윈드 1947 카트 테마파크,2019022559195,https://api.cdn.visitjeju.net/photomng/imgpath/201908/06/bc2eb8ae-1c48-4af3-8f16-7e407f9c55cc.jpg,https://api.cdn.visitjeju.net/photomng/thumbnailpath/201908/06/48b3cf30-2314-46d1-ac11-61e43c62ed43.jpg,"['제주가볼만한곳', ' 제주도카트', ' 테마파크', ' 제주도카트장', ' 실외관광지', ' 제주액티비티', ' 액티비티', ' 카트체험', '공용주차장', '현금결제', '카드결제', '화장실', '무료 WIFI', '편의점', '음료대', '유도 및 안내시설', '경보 및 피난시설', '', '영어', '중국어', '일본어', '단독접근가능', '장애인 전용 주차장', '어려움', '실외', '중', '체험', '카트 테마 파크', '1~2시간']"
CNTS_200000000009866,목장카페 드르쿰다,제주특별자치도 서귀포시 표선면 번영로 2454,"탁 트인 경치를 품은 목장카페 드르쿰다는 동물 먹이주기와 승마, 카트, 이색 자전거 체험까지 즐길 거리가 많은 곳이다. 번영로 대로변에 위치해 찾기 쉽고 편안한 카페와 체험장이 한 공간에 있어 이용하기 편하다. 카페 전망창 너머로는 푸른 들판이 펼쳐진다. ",33.4091347,126.7701478,064-787-5220,region2,서귀포시,26,표선,목장카페 드르쿰다,2019022647768,https://api.cdn.visitjeju.net/photomng/imgpath/202411/25/a81a744d-0c05-4b41-a3c4-449d3bf2aa8c.jpg,https://api.cdn.visitjeju.net/photomng/thumbnailpath/202411/25/c68c3c03-d526-4b14-bf5f-57b9ef1648f7.jpg,"['테마공원', '자연경관', '실내관광지', '체험', '어린이', '어트랙션', '실내+실외']"
CNTS_200000000010214,액티브파크,제주특별자치도 제주시 한림읍 금능남로 76,"클라이밍 놀이시설의 세계적인 브랜드'클립앤클라임' 센터와 함께 키즈카페, 레저카트 등을 통해 액티브한 즐거움을 선사한다.",33.3598575,126.2460727,0507-1461-0881,region1,제주시,13,한림,액티브파크,2019022641208,https://api.cdn.visitjeju.net/photomng/imgpath/202409/24/a9758b25-edfb-43ad-b21a-51fb1022ac62.JPG,https://api.cdn.visitjeju.net/photomng/thumbnailpath/202409/24/1605fc5d-2246-483e-aa51-5a374761c92a.JPG,"['액티비티  #실내관광지 #테마공원', ' 클라이밍', ' 제주도놀거리', ' 제주체험', ' 카트', ' BTS', ' 어린이', ' 액티비티', ' 스포츠', '공용주차장', '카드결제', '현금결제', '영어', '단독접근가능', '단차없음', '장애인 화장실', '장애인 전용 주차장', '쉬움', '실내+실외', '1~2시간']"
CNTS_200000000010333,파파빌레,제주특별자치도 제주시 조천읍 남조로 2185,‘파파빌레’는 드넓은 공간에 다양한 제주의 땅속 현무암의 모습을 보여주는 돌을 소재로 한 관광지다,33.4634233,126.6520259,064-783-5599,region1,제주시,15,조천,파파빌레,2019022655676,https://api.cdn.visitjeju.net/photomng/imgpath/202508/20/aedae650-1d84-4b91-8023-64a2438266d5.jpg,https://api.cdn.visitjeju.net/photomng/thumbnailpath/202508/20/da1c60ee-10b2-489c-a5d9-4fdb747ca949.jpg,"['웰니스', '자연', '숲', '치유', '현무암', '부모', '자연경관', '체험', '어트랙션', '안전여행스탬프']"
CNTS_200000000010336,취다선리조트,제주특별자치도 서귀포시 성산읍 해맞이해안로 2688,취다선리조트 Tea&Meditaion은 쉼을 최우선으로 하는 명상 리조트다. ,33.4718786,126.9130109,064-7842-221,region2,서귀포시,17,성산,취다선리조트,2019022655674,https://api.cdn.visitjeju.net/photomng/imgpath/202508/20/76cfad73-b41a-4843-b029-926fea100d0d.jpg,https://api.cdn.visitjeju.net/photomng/thumbnailpath/202508/20/59dd6992-a0ea-4794-b88a-3fb80a6fc0bb.jpg,"['웰니스', '힐링', '명상', '요가', '차', '커플', '숙소', '리조트', '어트랙션', '럭셔리트래블인제주']"
CNTS_200000000010337,WE호텔 웰니스센터,제주특별자치도 서귀포시 1100로 453-95,"WE 호텔은 대한민국 최초로 관광과 헬스케어 서비스가 융합된 맞춤형 헬스리조트로, 웰니스 센터에서는 다양한 미네랄 성분이 함유된 물을 이용한 수(水) 치료 프로그램과 헬스케어 서비스를 제공한다",33.2862186,126.4442655,064-730-1462,region2,서귀포시,21,서귀포시내,WE호텔 웰니스센터,2019022655672,https://api.cdn.visitjeju.net/photomng/imgpath/202508/20/e3f3f5d3-8149-479f-9a95-10d2ed362266.jpg,https://api.cdn.visitjeju.net/photomng/thumbnailpath/202508/20/b97d3e54-878d-434b-97ca-8c0beda9755e.jpg,"['웰니스', '뷰티', '스파', '테라피', '헬스케어', '호텔', '어트랙션', '럭셔리트래블인제주']"
CNTS_200000000010341,수목원테마공원(야시장길&LED공원),제주특별자치도 제주시 은수길 69,"수목원테마파크 소나무 군락지에서 열리는 야시장은 다른 야시장과는 분위기가 사뭇 다르다. 숲 속을 밝힌 LED 조명과 푸드트럭, 프리마켓, 포토존마다 아기자기한 콘텐츠가 넘친다. ",33.4701135,126.4875915,064-742-3700,region1,제주시,11,제주시내,수목원테마공원 (야시장길&LED공원),2019022571207,https://api.cdn.visitjeju.net/photomng/imgpath/202007/01/e5e043b3-3d49-4e8a-ac64-cb78c540c62b.jpg,https://api.cdn.visitjeju.net/photomng/thumbnailpath/202007/01/29838391-6b51-45a1-8cdc-c7e65e11c509.jpg,"['수목원', '야시장', '공원', '실내관광지', '체험', '도보여행', '도보', '전통시장', '쇼핑', '상점/상가', '어트랙션']"
CNTS_200000000010435,제주고산리유적,제주특별자치도 제주시 한경면 노을해안로 1100,"우리나라! 신석기시대  최초(最初), 최고(最古), 최애(最愛) 유적, 제주 고산리 유적!",33.30418,126.166345,064-772-0041,region1,제주시,14,한경,제주고산리유적,2019022572370,https://api.cdn.visitjeju.net/photomng/imgpath/202007/30/0c05a480-d165-4c0f-937a-e784f86581d9.jpg,https://api.cdn.visitjeju.net/photomng/thumbnailpath/202007/30/3a956ef2-629c-4f69-8a82-2cfaa64d6a42.jpg,"['고산리', '신석기시대', '유적', '토기', '자연경관', '문화관광', '체험', '역사유적', '어트랙션', '무장애관광', '공용주차장', '화장실', '무료 WIFI', '유도 및 안내시설', '무료운영', '', '단독접근가능', '단차없음', '저상버스 접근 가능', '장애인 화장실', '승강기', '장애인 전용 주차장', '쉬움', '실내+실외', '하', '공연/전시', '교육', ' 행사', '1~2시간']"
CNTS_200000000010477,함덕잠수함(이고제주),제주특별자치도 제주시 조천읍 조함해안로 378,"우리가족,연인끼리만 이용하는 신비로운 바다속 체험, 잠수함과 요트를 동시에!",33.5476842,126.6568003,0507-1466-1334,region1,제주시,15,조천,함덕잠수함,2019022573017,https://api.cdn.visitjeju.net/photomng/imgpath/202008/18/a374cf21-9984-4fe8-b7bb-ac0cb0eca760.jpg,https://api.cdn.visitjeju.net/photomng/thumbnailpath/202008/18/2735da14-99b3-4881-bd51-962d43a2edc1.jpg,"['액티비티', '부모', '아이', '함덕', '체험', '레저/체험', '어린이', '수상레저', '어트랙션', '공용주차장', '현금결제', '카드결제', '화장실', '무료 WIFI', '네이버페이', ' 삼성페이', ' 제로페이', '영어', '', '어려움', '실외', '하', '수중관람 및 요트체험', '1시간 미만']"
CNTS_200000000010699,이음새 농장,제주특별자치도 서귀포시 남원읍 위미리 4137-1,"쪽빛 하늘 아래 감귤밭에 직접 만든 쪽빛 손수건을 널었다. 내 친구는 감물 염색으로 만든 조그만 파우치를 말렸다. 전통 감귤밭에서 감귤따기체험, 전통 감물염색체험을 통해 자신만의 작품을 만들어 볼 수 있는 곳이 있다. 제주의 천연 염색 기법을 그대로 활용한 서귀포시 남원읍 위미리에 위치한 천연염색체험장 '이음새' 교육농장이다.",33.275292,126.6686352,064-764-3773,region2,서귀포시,25,남원,이음새,2019022574496,https://api.cdn.visitjeju.net/photomng/imgpath/202010/07/274d18fe-d03a-434d-a837-851bc9e67ea4.jpg,https://api.cdn.visitjeju.net/photomng/thumbnailpath/202010/07/68d9a2b4-5629-4891-8844-2ca7d271e599.jpg,"['체험', '염색체험', '힐링', '어트랙션']"
CNTS_200000000010713,공방:하루_반,제주특별자치도 제주시 구좌읍 월정7길 42-6 1층,월정리에 위치한 다양한 공예 체험을 할 수 있는 공간,33.5553143,126.7966528,064-803-0066,region1,제주시,16,구좌,공방:하루_반,2019022574566,https://api.cdn.visitjeju.net/photomng/imgpath/202010/13/68c23e24-8a76-47ce-a7d9-c157d7134250.jpg,https://api.cdn.visitjeju.net/photomng/thumbnailpath/202010/13/2f237029-292e-4647-9fdd-7a940af1562a.jpg,"['공방', ' 월정', ' 공예품', '', '어려움', '실내', '하', '체험', '공', '2~3시간', '월정', '공예품', '어트랙션']"
CNTS_200000000010800,마라도 섬투어,제주특별자치도 서귀포시 대정읍 마라로 65,"최남단 마라도 섬투어는 주민이 직접 안내자 겸 해설사가 되어 무인도 시절부터 지금까지 이어진 마라도의 자연과 문화, 역사, 생활사를 들려주는 섬투어 프로그램이다. 선착장이 생기기 전, 제주도에서 정기적인 여객선이 왕래하기 이전 시절의 이야기, 마라도 섬 전체의 안녕을 기원하는 할망당의 당문화, 석달 열흘 넘게 꺼지지 않은 불을 피해 바다 건너로 도망친 뱀 이야기 등 마라도에 얽힌 설화와 재미있는 섬 이야기를 주민이 직접 들려주는 해설 프로그램으로 토박이가 아니고서는 알기 힘든 리얼한 스토리를 들을 수 있어 인기가 많다.",33.1700179,126.271518,010-6437-1970,region2,서귀포시,22,대정,마라도 섬투어,2019022575610,https://api.cdn.visitjeju.net/photomng/imgpath/202011/03/7304b09b-467d-4a97-9fa8-2174465a888a.jpg,https://api.cdn.visitjeju.net/photomng/thumbnailpath/202011/03/7d3f20dd-cf4f-4501-a9fa-6cd53a10d849.jpg,"['겨울', ' 마라도', '마라도', '자연경관', '체험', '도보', '도보여행', '언택트', '포토스팟', '섬속의섬', '어트랙션']"
CNTS_200000000010958,아르떼뮤지엄,제주특별자치도 제주시 애월읍 어림비로 478,"국내 최대의 몰입형 미디어 아트 뮤지엄. 스피커 제조공장이었던 건물을 리모델링하여 빛과 소리가 만드는 다이나믹한 미디어아트에 흠뻑 빠져보자,",33.3973766,126.3457218,1899-5008,region1,제주시,12,애월,아르떼뮤지엄,2019022577782,https://api.cdn.visitjeju.net/photomng/imgpath/202012/16/73fcd1b4-ec19-49c6-937f-dfb73d85fa8f.jpg,https://api.cdn.visitjeju.net/photomng/thumbnailpath/202012/16/e8969aa3-904e-4cdb-b45e-1df7d8cdce6f.jpg,"['박물관', '아르떼뮤지엄', '제주여행', '제주', '제주도', '미술관', '뮤지엄', '전시', '우수관광사업체', '공용주차장', '화장실', '카드결제', '현금결제', '실내']"
CNTS_200000000011113,레이저서바이벌M,제주특별자치도 제주시 신광로 58 4층,현실에서 즐기는 실내형 서든어택!,33.4870349,126.4897301,0507-1329-3098,region1,제주시,11,제주시내,레이저서바이벌M,2019022589167,https://api.cdn.visitjeju.net/photomng/imgpath/202111/15/09312989-4825-478e-84e5-bdf9f10ee8bd.jpg,https://api.cdn.visitjeju.net/photomng/thumbnailpath/202111/15/2dca6662-8c8d-41d7-8a90-9bc3f96c7c76.jpg,"['친구', '체험관광', '액티비티', '사계절', '체험', '레저/체험', '어트랙션', '관광지', '무장애관광', '공용주차장', '현금결제', '카드결제', '화장실', '무료 WIFI', '흡연구역', '음료대', '탐나는전', ' 제로페이 등', '영어', '', '승강기', '아주 어려움', '실내', '하', '1~2시간']"
CNTS_200000000011434,그제바람 윈드서핑패들보드,제주특별자치도 제주시 선사로8길 13-4,20년 이상의 경력을 가진 윈드서핑국가대표의 전문지식과 노하우로 쉽고 안전하게  배울 수 있다.,33.5260277,126.5869144,"0507-1324-7052, 010-2632-4613",region1,제주시,11,제주시내,그제바람 윈드서핑패들보드,2019022619956,https://api.cdn.visitjeju.net/photomng/imgpath/202307/26/18050836-dd13-412b-a445-f72a6d3ea5dc.jpg,https://api.cdn.visitjeju.net/photomng/thumbnailpath/202307/26/234a1983-e454-45ac-b249-3612c5ca171c.jpg,"['체험관광', '체험', 'waterleisure', '수상레저', '어트랙션', '관광지', '러닝홀리데이인제주', '공용주차장', '현금결제', '카드결제', '화장실', '무료 WIFI', '흡연구역', '', '영어', '어려움', '실외', '하', '2~3시간']"
CNTS_200000000011435,제주안전체험관,제주특별자치도 제주시 애월읍 평화로 1885,각종 재난에 대처하는 능력을 겸비한 현직 소방관이 직접 안전교육을 하는 특별한 체험공간에서 스스로 행동하는 방법을 배우고 안전의 소중함에 대해 생각할 수 있는 유익한 시간을 보낼 수 있습니다.,33.3978324,126.3668593,064-710-4010,region1,제주시,12,애월,제주안전체험관,2019022634251,https://api.cdn.visitjeju.net/photomng/imgpath/202406/27/3e5fe5a3-7344-4d34-a319-59ef5868d6ae.jpg,https://api.cdn.visitjeju.net/photomng/thumbnailpath/202406/27/348cd33b-0446-4f70-8db4-f8ec3155b4d2.jpg,"['아이', '테마공원', '체험관광', '실내관광지', '체험', '어린이', '어트랙션', '관광지', '실내']"
CNTS_200000000011553,M1971 요트투어,제주특별자치도 서귀포시 대정읍 최남단해안로 128,제주 돌고래와 함께하는 요트투어,33.2100551,126.2585746,064-901-1971,region2,서귀포시,22,대정,M1971마린 주식회사,2019022581821,https://api.cdn.visitjeju.net/photomng/imgpath/202108/17/a060603b-b3f0-4fc2-bd02-a128fdb0790c.jpg,https://api.cdn.visitjeju.net/photomng/thumbnailpath/202108/17/d48b1b76-fc71-434f-93ec-113f54552be0.jpg,"['체험관광', '경관/포토', '휴식/힐링', '체험', '포토스팟', 'waterleisure', '수상레저', '어트랙션', '관광지', '무장애관광', '공용주차장', '현금결제', '카드결제', '화장실', '무료 WIFI', '음료대', '', '영어', '일본어', '장애인 화장실', '장애인 전용 주차장', '실내+실외', '하', '해양스포츠', '1~2시간']"
CNTS_200000000011778,노을해안1014,제주특별자치도 제주시 한경면 노을해안로 1014,제주 전기바이크와 함께하는 수월봉 지질트레일 체험,33.2974201,126.1686497,010-4927-1837,region1,제주시,14,한경,노을해안1014,2019022581546,https://api.cdn.visitjeju.net/photomng/imgpath/202107/22/5fa43348-bede-4c99-aff6-801b068cb24a.jpg,https://api.cdn.visitjeju.net/photomng/thumbnailpath/202107/22/a52ea885-9ed1-4b2a-9e44-42576bdb57ba.jpg,"['액티비티', '체험관광', '체험', '레저/체험', '어트랙션', '관광지', '공용주차장', '현금결제', '카드결제', '화장실', '무료 WIFI', '흡연구역', '음료대', '유도 및 안내시설', '', '어려움', '실내+실외', '중', '카페이용과 전기바이크로 지질트레일러 라이딩', '1~2시간']"
CNTS_200000000011994,우포토 시네마 갤러리 카페,제주특별자치도 서귀포시 대정읍 상모로 216-2,대한민국의 영화 사진계를 이끌어 온 우명률 사진작가가 고향인 제주에 내려와 오픈한 시네마갤러리 카페,33.2252947,126.2659767,064-792-5536,region2,서귀포시,22,대정,우포토 시네마 카페 갤러리,2019022582475,https://api.cdn.visitjeju.net/photomng/imgpath/202109/13/cf037d40-1c3c-4638-82e0-502264f6282b.jpg,https://api.cdn.visitjeju.net/photomng/thumbnailpath/202109/13/df2dd546-e79a-4846-b343-db379f6036b7.jpg,"['휴식/힐링', '어트랙션', '카페', '관광지']"
CNTS_200000000012094,제주어울림감귤체험농장,제주특별자치도 서귀포시 성산읍 서성일로 809,서귀포시 성산읍 소재한  단일 규모로 넓은 노지 감귤 따기 체험 농장 ,33.4361372,126.8672665,010-9342-2545,region2,서귀포시,17,성산,제주어울림감귤체험농장,2019022583098,https://api.cdn.visitjeju.net/photomng/imgpath/202110/14/81b51ed4-0c3b-4fb3-8b87-e4ebea28d4b8.JPG,https://api.cdn.visitjeju.net/photomng/thumbnailpath/202110/14/08c9de58-5291-4a7d-adf3-6f4b7c2c0044.JPG,"['체험관광', '체험', '어트랙션', '관광지', '현금결제', '카드결제', '화장실', '무료 WIFI', '온라인 입금', '중국어', '', '쉬움', '실외', '하', '감귤따기체험', '1시간 미만']"
CNTS_200000000012471,고요산책,제주특별자치도 제주시 중앙로12길 5,"고요산책은 제주의 청정자연과 마을 여행 콘텐츠를 발굴하여 관광객, 주민, 여행지 모두가 행복한 공정여행을 만드는 ㈜제주착한여행이 운영하는 복합문화공간이다. 제주시 원도심에 위치한 고요산책은 다양한 문화 예술 프로그램 및 대관을 위한 공간부터, 북라운지와 북스테이 공간을 운영하고 있다.",33.5118057,126.5239394,010-6608-2652,region1,제주시,11,제주시내,고요산책,2019022594848,https://api.cdn.visitjeju.net/photomng/imgpath/202112/20/119bd477-c98f-40ce-94e6-73b47c70c90a.JPG,https://api.cdn.visitjeju.net/photomng/thumbnailpath/202112/20/cee6495e-da0f-41fa-86c5-370f525ef146.JPG,"['혼자', '친구', '휴식/힐링', '체험관광', '사계절', '휴식/치유', '체험', '어트랙션', '관광지']"
CNTS_200000000013306,빠우사,제주특별자치도 제주시 조천읍 선교로 539,그림 명상과 요가를 진행하는 요가카페입니다.,33.4578166,126.711838,0507-1465-5101,region1,제주시,15,조천,빠우사,2019022600603,https://api.cdn.visitjeju.net/photomng/imgpath/202204/27/6bdb84d3-094d-48a6-b96b-31cd8b1057fb.jpg,https://api.cdn.visitjeju.net/photomng/thumbnailpath/202204/27/e77234c6-d94c-4c96-8431-943473fbf3f9.jpg,"['요가', '카페', '체험', '음식', '디저트', '웰니스', '관광지', '공용주차장', '카드결제', '화장실', '무료 WIFI', '네이버페이', ' 카카오페이', ' 제로페이', ' 삼성페이 등', '영어', '', '쉬움', '실내+실외', '중', '명상과 요가를 통한 휴식', '1~2시간']"
CNTS_200000000014386,송악산둘레길,제주특별자치도 서귀포시 대정읍 송악관광로 421-1,제주의 자연과 역사를 담은 송악산 주변 걷기 좋은 코스,33.2077142,126.2909893,,region2,서귀포시,22,대정,송악산둘레길,2019022638544,https://api.cdn.visitjeju.net/photomng/imgpath/202408/19/ca998261-1788-40c9-880c-6f9f06d7e611.jpg,https://api.cdn.visitjeju.net/photomng/thumbnailpath/202408/19/d8c74606-b126-4b83-82ec-f088ca97b315.jpg,"['제주여행', ' 제주서귀포가볼만한곳', ' 제주올레길', ' 대정읍', ' 송악산', ' 산책코스', ' 해안산책로', ' 힐링여행', '공용주차장', '화장실', '무료 WIFI', '실외', '하', '1~2시간']"
CNTS_200000000014587,유진팡 열대과일농장,제주특별자치도 서귀포시 남원읍 원님로399번길 31-7,제주에서 즐기는 이색적인 열대과일농장체험,33.3395826,126.7424833,064-762-3116,region2,서귀포시,25,남원,유진팡 열대과일농장,2019022612063,https://api.cdn.visitjeju.net/photomng/imgpath/202302/14/fe775700-6ba1-4e7b-8dea-dc2b4fdd1b1b.jpg,https://api.cdn.visitjeju.net/photomng/thumbnailpath/202302/14/cfa832cc-80a0-41a2-be5a-17dcaccbecbe.jpg,"['관광지', '체험', '반려동물동반입장', '어린이동물농장', '반려동물동반_관광지', '반려동물', '포토스팟', '농장', '유채꽃', '동백', '수국', '봄꽃', '자연경관', '어린이', '공용주차장', '현금결제', '카드결제', '화장실', '무료 WIFI', '', '어려움', '실내+실외', '하', '1~2시간']"
CNTS_200000000014628,유동룡미술관,제주특별자치도 제주시 한림읍 용금로 906-10,세계적인 건축가로 알려진 예술가 이타미 준(유동룡)의 흔적을 따라가며 나의 '오리지널리티’를 찾는 복합문화공간,33.3403492,126.2709132,064-745-2678,region1,제주시,13,한림,유동룡미술관,2019022612183,https://api.cdn.visitjeju.net/photomng/imgpath/202302/24/cc407d41-94aa-4d74-8b32-43af37d10e60.jpg,https://api.cdn.visitjeju.net/photomng/thumbnailpath/202302/24/f343f339-d745-48d0-85bc-e966cb0b31cb.jpg,"['관광지', '미술관', '문화관광', '건축문화기행', '2023_관광10선_가을', '공용주차장', '카드결제', '화장실', '무료 WIFI', '편의점', '음료대', '유도 및 안내시설', '경보 및 피난시설', '', '영어', '일본어', '승강기', '실내+실외', '1~2시간']"
CNTS_200000000015144,차귀도달래배낚시체험,제주특별자치도 제주시 한경면 노을해안로 1160,차귀도 앞바다에서 즐기는 낚시의 손맛,33.308909,126.1649209,064-772-5155,region1,제주시,14,한경,차귀도달래배낚시체험,2019022617950,https://api.cdn.visitjeju.net/photomng/imgpath/202306/20/ba71e43d-6735-46a0-8040-2b43b186a936.jpg,https://api.cdn.visitjeju.net/photomng/thumbnailpath/202306/20/09532671-b5bc-4b87-89f5-da2b7240f8a3.jpg,"['한경면', ' 고산리', ' 낚시', ' 이색체험', '실외', '중', '1~2시간']"
CNTS_300000000012837,제주동화마을,제주특별자치도 제주시 구좌읍 비자림로 1191,다양한 꽃들로 정원을 꾸며 동화같은 풍경의 정원이 큰 특징이다.,33.435982,126.7315083,064-743-5000,region1,제주시,16,구좌,동쪽송당 동화마을,2019022633935,https://api.cdn.visitjeju.net/photomng/imgpath/202406/20/b0001541-0f65-4dcb-b02b-bc80b0c30c6e.jpg,https://api.cdn.visitjeju.net/photomng/thumbnailpath/202406/20/a81442d3-9711-4290-bd2a-0a958e564d6d.jpg,"['꽃', ' 정원', ' 인생샷', ' 카페 #관광지 #제주도 #여행지 #포토존 #인생샷']"
CNTS_300000000012850,성읍녹차동굴,제주특별자치도 서귀포시 표선면 중산간동로 4772,자연이 만들어 준 최고의 포토존										,33.3817211,126.7912667,064-787-6888,region2,서귀포시,26,표선,성읍녹차동굴,2019022624381,https://api.cdn.visitjeju.net/photomng/imgpath/202311/22/77420ed9-af7c-4c21-b08c-110409dd31fa.jpg,https://api.cdn.visitjeju.net/photomng/thumbnailpath/202311/22/a45df209-656f-4f98-848d-409f1d074830.jpg,"['표선', ' 포토존\t\t\t\t\t\t\t\t\t']"
CNTS_300000000012851,쇠소깍 전통 조각배 체험									,제주특별자치도 서귀포시 쇠소깍로 104, ‘명승’ 쇠소깍에서 전통배체험 하세요 ,33.2540919,126.6222974,064-732-9998,region2,서귀포시,21,서귀포시내,쇠소깍 전통 조각배 체험									,2019022636719,https://api.cdn.visitjeju.net/photomng/imgpath/202407/24/24fae6de-913a-4120-a5a3-25c00b97c6b9.jfif,,"['제주도', '쇠소깍', '서귀포가볼만한곳', '쇠소깍카약', '제주여행', '서귀포관광지', '제주체험', '제주아이와가볼만한곳', '공용주차장', '화장실', '실외', '해양스포츠', '물놀이', '포토스팟', '1시간 미만']"
CNTS_300000000013009,하우스오브레퓨즈,제주특별자치도 제주시 애월읍 하소로 735,20여년간 제주 애월 숲속에 버려진 폐건물에 새생명을 불어넣은 복합문화공간,33.4192422,126.396054,070-5173-8819,region1,제주시,12,애월,하우스오브레퓨즈,2019022632964,https://api.cdn.visitjeju.net/photomng/imgpath/202405/08/04c7c73e-9f26-469b-acfe-2b76b865b1a7.jpg,https://api.cdn.visitjeju.net/thumbnail/photomng/imgpath/202405/08/04c7c73e-9f26-469b-acfe-2b76b865b1a7.jpg,"['제주여행', ' 제주도놀거리', ' 미디어아트', ' 애월', ' 오션뷰', ' 전시', ' 에릭오', ' 실내전시', ' 오페라', '공용주차장', '현금결제', '카드결제', '화장실', '흡연구역', '음료대', '유도 및 안내시설', '경보 및 피난시설', '엘리베이터', '', '영어', '단독접근가능', '청각장애인 접근성', '시각장애인 접근성', '장애인 화장실', '승강기', '장애인 전용 주차장', '쉬움', '실내+실외', '하', '체험', '공연/전시', '포토스팟', '기타', '쇼핑', '2~3시간']"
CNTS_300000000013064,답다니수국밭,제주특별자치도 서귀포시 월평로50번길 17-30,"아기자기한 인물사진 찍기 좋은 수국명소, 답다니수국밭",33.2437573,126.4645228,0507-1488-1009,region2,서귀포시,21,서귀포시내,답다니수국밭,2019022634239,https://api.cdn.visitjeju.net/photomng/imgpath/202406/26/5cde4cab-824d-4d2f-9a35-716a14b48122.jpg,https://api.cdn.visitjeju.net/photomng/thumbnailpath/202406/26/06559c10-55c4-406d-9ae7-c48ee3300e89.jpg,"['수국', ' 제주도 관광지', ' 포도존', ' 제주여행', ' 수국축제', ' 6월제주여행', ' 여름제주여행', ' 수국정원', ' 제주도수국', '공용주차장', '현금결제', '편의점', '화장실', '계좌이체', '실외', '하', '포토스팟', '1~2시간']"
CNTS_300000000013338,씬오브제주,제주특별자치도 제주시 애월읍 금성3길 21 (금성리) ,"제주의 풍경을 당신의 옷장에, 제주 로컬 자연염색 브랜드",33.4460228,126.3004713,010-9391-5219,region1,제주시,12,애월,씬오브제주,2019022655671,https://api.cdn.visitjeju.net/photomng/imgpath/202508/20/70c05452-b011-47f1-ae8e-a8b63e91ca16.jpg,https://api.cdn.visitjeju.net/photomng/thumbnailpath/202508/20/7efc70a5-6909-4c5a-a0dd-e9a24047a950.jpg,"['제주자연염색', '제주로컬브랜드', '제주염색체험', '공용주차장', '현금결제', '카드결제', '화장실', '무료 WIFI', '', '영어', '실내', '체험', '쇼핑', ' 체험', '1~2시간']"
CNTS_300000000013469,초원승마클럽 승마체험/활쏘기체험,제주특별자치도 서귀포시 상예로 363 (상예동) ,한라산을 배경으로 한 이국적인 자연 속 힐링 승마체험 / 유아24개월이상부터 성인까지 누구나 즐기는 제주도 승마체험장 ,33.2765801,126.397166,010-4667-9485,region2,서귀포시,24,중문,초원승마클럽 승마체험/활쏘기체험,2019022650291,https://api.cdn.visitjeju.net/photomng/imgpath/202503/19/8859de0a-e483-42be-89ac-74e89fb0dc9d.jpg,https://api.cdn.visitjeju.net/photomng/thumbnailpath/202503/19/a2bae4ee-cc16-43f5-9708-705e63dffb41.jpg,"['승마체험', '승마', '아이와 함께', '활쏘기', '체험', '중문가볼만한곳 ', '공용주차장', '현금결제', '카드결제', '화장실', '무료 WIFI', '온라인/전화/방문 현장결제 가능', '영어', '중국어', '일본어', '', '실내+실외', '하', '유아시설', '1시간 미만']"
CNTS_300000000013561,아이바가든,제주특별자치도 제주시 애월읍 고성남서길 10 (고성리) 아이바가든,"애월읍 고성리에 위치한 복합문화공간 ""아이바가든"" 미디어아트 뮤지엄&갤러리""애월"",해바라기 라이브콘서트홀,카페,게임장,한식뷔페",33.4335399179775,126.42167599813081,064-752-1000,region1,제주시,12,애월,아이바가든,2019022652398,https://api.cdn.visitjeju.net/photomng/imgpath/202506/11/35e58906-62c2-4e64-9711-9052ce270f07.jpg,https://api.cdn.visitjeju.net/photomng/thumbnailpath/202506/11/d72716b7-aa5f-41c7-9724-88c44206e351.jpg,"['뮤지엄', ' 미디어아트', ' 실내관광지', ' 테마공원', ' 포토스팟', ' 복합문화공간', ' 전시', ' 갤러리', ' 박물관', ' 데이트', ' 가족여행', ' 여행', '공용주차장', '현금결제', '카드결제', '화장실', '무료 WIFI', '흡연구역', '유도 및 안내시설', '경보 및 피난시설', '문화누리카드', '탐나는전', '', '단독접근가능', '단차없음', '장애인 화장실', '장애인 전용 주차장', '쉬움', '실내+실외', '하', '체험', '공연/전시', '미디어아트 뮤지엄 관람 / 갤러리 전시 / 게임존 / 라이브콘서트홀', '1~2시간']"
CNTS_300000000013654,김정문알로에 알로에숲,제주특별자치도 서귀포시 성산읍 성읍정의현로32번길 43 (신풍리) 김정문알로에 알로에숲,세계최대 알로에 전문식물원,33.4335399179775,126.42167599813081,064-787-3593,region2,서귀포시,17,성산,김정문알로에 알로에숲2,2019022654684,https://api.cdn.visitjeju.net/photomng/imgpath/202507/30/3a9952b7-4e90-4a96-bd24-08478f19fb0b.jpg,https://api.cdn.visitjeju.net/photomng/thumbnailpath/202507/30/7fdc3544-8279-4d40-9de5-6aba9ce0fb47.jpg,"['서귀포', ' 성산', ' 알로에', ' 식물원', ' 유기농알로에', ' 유기농알로에수확체험', ' 식물포토존 ', '공용주차장', '현금결제', '카드결제', '화장실', '음료대', '', '단차없음', '쉬움', '실내+실외']"
CNTS_300000000016071,제주프리다이빙스쿨,제주특별자치도 서귀포시 보목로 88-1,중력을 거스르고 삶의 방향성을 찾는 여정,33.2406615,126.6024596,010-2001-3315,region2,서귀포시,21,서귀포시내,제주프리다이빙스쿨,2019022619908,https://api.cdn.visitjeju.net/photomng/imgpath/202307/25/daf5723d-6439-4ac7-935f-f4ec8bbe85b8.jpg,https://api.cdn.visitjeju.net/photomng/thumbnailpath/202307/25/a5b84e76-2762-4329-96a7-7a0cb046d984.jpg,"['레져', ' 체험', ' 프리다이빙', ' 입문코스. AIDA', ' 러닝홀리데이인제주']"
CONT_000000000500001,산방산유람선,제주특별자치도 서귀포시 안덕면 화순해안로106번길 16,"세계지질공원으로 인증된 산방산,용머리 해안을 산방산 유람선에서 감상하세요.",33.236904,126.33513,064-792-1188~9,region2,서귀포시,23,안덕,"Green Cruise Co., Ltd",16899,https://api.cdn.visitjeju.net/photomng/imgpath/201804/30/d6b0c350-b965-46b8-aeac-77dd4f0a403a.gif,https://api.cdn.visitjeju.net/photomng/thumbnailpath/201804/30/04ea2078-f578-4537-a962-c778cd55fc74.gif,"['경관/포토', '부모', '맑음', '봄', '포토스팟', '공용주차장', '편의점']"
CONT_000000000500002,김녕요트투어,제주특별자치도 제주시 구좌읍 구좌해안로 229-16,돌고래와 함께하는 최고급 인테리어 시설의 김녕요트투어,33.5582139,126.7373381,064-782-5271~3,region1,제주시,16,구좌,Gimnyeong Yacht Tour,16911,https://api.cdn.visitjeju.net/photomng/imgpath/201804/30/2caa2401-67a2-4733-abee-1a7b5888db59.gif,https://api.cdn.visitjeju.net/photomng/thumbnailpath/201804/30/a3f5e1eb-b0c5-4a61-a2e4-470a0e1b27c8.gif,"['액티비티', '커플', '여름', '체험', '레저/체험', '수상레저', '어트랙션', '우수관광사업체', '공용주차장', '현금결제', '카드결제', '화장실', '무료 WIFI', '흡연구역', '음료대', '유도 및 안내시설', '경보 및 피난시설', '아주 어려움']"
CONT_000000000500004,알프스승마장포니,제주특별자치도 서귀포시 표선면 서성일로 73,제주도 최고의 경치와 최대의 부지를 자랑하는 아름다운 승마장,33.4112985,126.7819256,064-787-3663,region2,서귀포시,26,표선,Alps Equestrian Center Pony,16919,https://api.cdn.visitjeju.net/photomng/imgpath/201804/30/aa49d155-0390-448c-b8fd-6f69b0e35bef.gif,https://api.cdn.visitjeju.net/photomng/thumbnailpath/201804/30/483edc35-d282-4886-b373-9fa6c6725001.gif,"['승마', '액티비티', '흐림', '가을', '체험', '레저/체험', '어트랙션', '무장애관광', '공용주차장', '현금결제', '카드결제', '화장실', '무료 WIFI', '음료대', '유도 및 안내시설', '경보 및 피난시설', '단차없음', '어려움']"
CONT_000000000500006,제주라프 짚라인,제주특별자치도 제주시 조천읍 선교로 117,"제주시 조천읍에 위치한 종합아트클러스터로서 짚와이어, 족욕, F&B, 예술작품, 빛축제 등 다양한 볼거리와 체험을 제공한다. ",33.487106,126.706276,064-784-9030,region1,제주시,15,조천,제주라프 짚라인,2019022582764,https://api.cdn.visitjeju.net/photomng/imgpath/202109/24/da02d6fd-c002-4b03-b3a9-f194e7cc64fd.jpg,https://api.cdn.visitjeju.net/photomng/thumbnailpath/202109/24/232f27f1-2647-470c-843a-bb4c119c8bbd.jpg,"['제주여행', ' 제주도놀거리', ' 제주액티비티', ' 레저', ' 스포츠', ' 체험', ' 야외활동', ' 짚라인', '공용주차장', '현금결제', '카드결제', '화장실', '무료 WIFI', '흡연구역', '편의점', '음료대', '유도 및 안내시설', '경보 및 피난시설', '단독접근가능', '단차없음', '저상버스 접근 가능', '장애인 전용 주차장', '쉬움', '실외']"
CONT_000000000500010,5.16도로숲터널,제주특별자치도 서귀포시 남원읍 신례리 산 2-1,제주시와 서귀포를 잇는 낭만적인 숲터널,33.36869,126.62519,064-710-8590,region1,제주시,15,조천,Road No. 5.16 Forest Tunnel ,16959,https://api.cdn.visitjeju.net/photomng/imgpath/201804/30/5b6f6d8d-b84f-43dc-925a-558933a7c9c0.jpg,https://api.cdn.visitjeju.net/photomng/thumbnailpath/201804/30/0f280594-79bc-4691-8950-a76b54d0f022.jpg,"['드라이브', '맑음', '자연경관', '숲', '단풍', '제주명품42', '포토스팟', '제주7대도로']"
CONT_000000000500024,강정천유원지,제주특별자치도 서귀포시 강정통물로 (강정동),은어들이 춤을 추고 용천수와 바다가 만나는 곳,33.233673,126.49047,064-760-4802,region2,서귀포시,21,서귀포시내,강정천유원지,2019022592192,https://api.cdn.visitjeju.net/photomng/imgpath/202111/30/d09f605d-ce98-4229-9c28-fee50c4aa23f.jpg,https://api.cdn.visitjeju.net/photomng/thumbnailpath/202111/30/b1436e7e-3e50-4d07-a087-845716016a2d.jpg,"['계곡', '액티비티', '맑음', '여름', '자연경관', '체험', '레저/체험', '수상레저', '어트랙션', '물놀이', '공용주차장', '화장실', '유도 및 안내시설']"
CNTS_300000000015865,신흥바다낚시공원(낚고락고),제주특별자치도 제주시 조천읍 조함해안로 247-2,낚시 초보자도 즐길 수 있는 체험공원,33.550596,126.6474337,064-783-8855,region1,제주시,15,조천,신흥바다낚시공원(낚고락고),2019022617763,https://api.cdn.visitjeju.net/photomng/imgpath/202306/19/5d04a030-e778-4fd3-8384-f48755a22c2f.jpg,https://api.cdn.visitjeju.net/photomng/thumbnailpath/202306/19/97544170-b9b2-479b-bcb4-ef2ad7f800c7.jpg,"['조천', ' 신흥리', ' 낚시', ' 이색체험', '실외', '중', '1시간 미만']"
CONT_000000000500026,개오름,제주특별자치도 서귀포시 표선면 성읍이리로57번길 162,모양이 개모양 같다고 하여 붙여진 개오름,33.42347314801973,126.77172227409665,064-787-1367,region2,서귀포시,26,표선,개오름,2019022594700,https://api.cdn.visitjeju.net/photomng/imgpath/202112/16/b5894ad7-b221-41f6-aad4-1d2d4312cd74.JPG,https://api.cdn.visitjeju.net/photomng/thumbnailpath/202112/16/34e2f654-5f22-4473-b83d-b5c72889713b.JPG,"['커플', '친구', '혼자', '맑음', '오름', '자연경관', '도보여행', '도보', '유도 및 안내시설', '아주 어려움']"
CNTS_300000000015892,제주바다하늘패러투어,제주특별자치도 제주시 한림읍 한창로 1295,제주 하늘을 날아보는 짜릿한 체험,33.3568837,126.2968554,010-3692-7345,region1,제주시,13,한림,제주바다하늘패러투어,2019022618049,https://api.cdn.visitjeju.net/photomng/imgpath/202306/20/220472b9-49b9-4864-89e6-85a33c37cce9.jpg,https://api.cdn.visitjeju.net/photomng/thumbnailpath/202306/20/76227c4c-d367-4621-af9b-9a184f7aa59d.jpg,"['한림', ' 함덕', ' 금오름', ' 서우봉', ' 패러글라이딩', ' 이색체험', '실외', '상', '1시간 미만']"
CONT_000000000500034,거문오름(UNESCO 세계자연유산),제주특별자치도 제주시 조천읍 선교로 569-36,대한민국 유일의 세계자연유산 거문오름,33.4569963,126.7143064,064-710-8981,region1,제주시,15,조천,거문오름(UNESCO 세계자연유산),2019022643057,https://api.cdn.visitjeju.net/photomng/imgpath/202410/16/57127b8a-f9c3-4874-8541-3261e6da44d5.jpg,https://api.cdn.visitjeju.net/photomng/thumbnailpath/202410/16/66facb67-f2d8-4ad3-8032-4a66f317d313.jpg,"['제주도여행', ' 제주도오름', ' 유네스코', ' 용암동굴', ' 트래킹', ' 제주자연', ' 제주동쪽', ' 오름추천', '공용주차장', '현금결제', '카드결제', '화장실', '무료 WIFI', '편의점', '음료대', '유도 및 안내시설', '아주 어려움', 'UNESCO 세계자연유산', 'UNESCO 세계지질공원', '실외', '중']"
CONT_000000000500039,건강과성박물관,제주특별자치도 서귀포시 안덕면 일주서로 1611,"건강과 성 박물관은 서귀포시 안덕면 감산리에서 세계최대, 최초의 제1종 성 박물관으로 운영되고 있다.",33.2550314,126.3452068,064-792-5700,region2,서귀포시,23,안덕,건강과성박물관,2019022611478,https://api.cdn.visitjeju.net/photomng/imgpath/202301/09/82bcc672-47a9-4bc4-8292-6cafd7dd62d7.jpg,https://api.cdn.visitjeju.net/photomng/thumbnailpath/202301/09/2a41f6c6-3c35-4a6b-a569-6dcef8372ecb.jpg,"['실내', '미술/박물관', '커플', '비.눈', '사계절', '실내관광지', '문화관광', '박물관', '어트랙션', '무장애관광', '공용주차장', '현금결제', '카드결제', '화장실', '무료 WIFI', '편의점', '음료대', '유도 및 안내시설', '경보 및 피난시설', '엘리베이터', '단독접근가능', '단차없음', '저상버스 접근 가능', '장애인 화장실', '승강기', '장애인 전용 주차장', '수동 휠체어 대여 가능', '쉬움', '하', '공연/전시', '1~2시간']"
CONT_000000000500040,걸매생태공원,제주특별자치도 서귀포시 서홍동 1207,봄을 알리는 매화가 가득한  시민공원. ,33.252052,126.554306,064-760-3191,region2,서귀포시,21,서귀포시내,걸매생태공원,2019022552801,https://api.cdn.visitjeju.net/photomng/imgpath/201903/12/9f94ece3-2dae-4baa-9ac8-fa87d3f031fc.jpg,https://api.cdn.visitjeju.net/photomng/thumbnailpath/201903/12/0ae5b334-11c2-4883-8301-e492dfc5edc5.jpg,"['폭포', '계곡', '휴식/힐링', '맑음', '가을', '자연경관', '동백', '매화', '물놀이', '공용주차장', '화장실', '음료대', '유도 및 안내시설', '아주 어려움']"
CONT_000000000500045,검멀레동굴,제주특별자치도 제주시 우도면,우도 8경 중 7경에 속하는 검은 모래가 있는 해안과 특이한 지형의 검멀레동굴,33.49634,126.96676,--,region3,섬 속의 섬,31,우도,검멀레동굴,2019022593157,https://api.cdn.visitjeju.net/photomng/imgpath/202112/06/9bbfb3c0-215f-4211-83c5-3fbe4c55710c.JPG,https://api.cdn.visitjeju.net/photomng/thumbnailpath/202112/06/055468e4-33bc-425a-8a16-81baa2a9d821.JPG,"['경관/포토', '친구', '커플', '부모', '아이', '맑음', '동굴', '편의점', '아주 어려움', '자연경관', '포토스팟', '어린이']"
CONT_000000000500046,검멀레해변,제주특별자치도 제주시 우도면 우도해안길,검은모래가 매력적인 우도에서 빠질 수 없는 명소,33.49698480960003,126.96860272497565,064-728-3394,region3,섬 속의 섬,31,우도,검멀레해변,2019022558272,https://api.cdn.visitjeju.net/photomng/imgpath/201907/25/a30bb3ff-c287-4de2-80d0-428e3281e8c0.jpg,https://api.cdn.visitjeju.net/photomng/thumbnailpath/201907/25/dffe0d39-0899-4db3-9dc7-1efb930f3005.jpg,"['해변', '경관/포토', '커플', '맑음', '여름', '편의점', '아주 어려움', '자연경관', '포토스팟', 'k-drama']"
CONT_000000000500050,고근산(고공산),제주특별자치도 서귀포시 고근산로202번길 48,눈앞에 펼쳐지는 범섬 앞바다의 장관,33.26679698325026,126.5137438068848,064-760-2913,region2,서귀포시,21,서귀포시내,Gogeunsan Mountain (Gogongsan Mountain),17162,https://api.cdn.visitjeju.net/photomng/imgpath/201804/30/4f77f379-2304-44d1-b319-8cd86241cd93.jpg,https://api.cdn.visitjeju.net/photomng/thumbnailpath/201804/30/bb9021b6-2771-4c90-a162-511956b6a93f.jpg,"['일출', '오름', '걷기/등산', '맑음', '공용주차장', '화장실', '아주 어려움', '자연경관', '단풍']"
CONT_000000000500054,곶자왈,제주특별자치도 서귀포시 대정읍 신평리,"생태계의 보고, 제주의 허파라 불리는 수풀이 우거진 숲",33.28449,126.27018,064-710-6042,region2,서귀포시,22,대정,곶자왈,2019022568350,https://api.cdn.visitjeju.net/photomng/imgpath/201912/19/c9b772fe-6410-470e-9ad3-368cb17a4ab0.jpg,https://api.cdn.visitjeju.net/photomng/thumbnailpath/201912/19/fc4b1fc0-0ae5-4b0d-a1b5-b745c22db9ac.jpg,"['숲길', '걷기/등산', '친구', '흐림', '봄', '가을', '자연경관', '도보여행', '도보', '곶자왈', '숲', '식물군락지', '공용주차장', '화장실', '유도 및 안내시설', '아주 어려움', 'UNESCO 세계지질공원']"
CONT_000000000500061,교래자연휴양림,제주특별자치도 제주시 조천읍 남조로 2023,교래자연휴양림은 곶자왈 생태 체험이 가능한 최초의 휴양림이다. 휴양림 안에 생태관찰로(2.5km)와 오름산책로(7km) 두 가지 탐방코스가 있다. 탐방길을 걷다 보면 함몰지와 돌출지가 불규칙하게 이어지는데 이 때문에 곶자왈은 열대 북방한계식물과 한대 남방한계식물이 공존하는 독특한 식생을 갖게 되었다. ,33.436817,126.66685,064)710-8673,region1,제주시,15,조천,교래자연휴양림,2019022569578,https://api.cdn.visitjeju.net/photomng/imgpath/202002/25/c9d1a8e9-57cb-4149-9958-45da69ed575a.jpg,https://api.cdn.visitjeju.net/photomng/thumbnailpath/202002/25/371dbfb7-e92d-482a-bfa3-cbb039a36177.jpg,"['휴양림', '걷기/등산', '휴식/힐링', '부모', '아이', '흐림', '여름', '자연경관', '단풍', '어린이', '무장애관광', '공영관광지', '공용주차장', '현금결제', '카드결제', '화장실', '편의점', '음료대', '유도 및 안내시설', '엘리베이터', '단독접근가능', '단차없음', '저상버스 접근 가능', '장애인 화장실', '승강기', '장애인 전용 주차장', '수동 휠체어 대여 가능', '쉬움']"
CONT_000000000500067,국립제주박물관,제주특별자치도 제주시 일주동로 17,동북아시아 문화교류의 거점인 제주도 역사와 문화의 전당,33.5139974,126.5489702,064-720-8000,region1,제주시,11,제주시내,국립제주박물관,2018052300916,https://api.cdn.visitjeju.net/photomng/imgpath/201806/28/a9a2562a-6f36-4223-b185-9d250af3306a.jpg,https://api.cdn.visitjeju.net/photomng/thumbnailpath/201806/28/e8cf4ca1-7983-437c-a820-b95d00ea03b6.jpg,"['전시회', ' 박물관', ' 제주실내가볼만한곳', ' 제주실내관광지', ' 실내관광지', '문화관광', ' 제주도박물관', ' 제주도전시회', ' 제주도여행지', '공용주차장', '화장실', '무료 WIFI', '흡연구역', '음료대', '유도 및 안내시설', '경보 및 피난시설', '엘리베이터', '단독접근가능', '단차없음', '청각장애인 접근성', '시각장애인 접근성', '저상버스 접근 가능', '장애인 화장실', '승강기', '장애인 전용 주차장', '수동 휠체어 대여 가능', '쉬움', '실내', '하', '공연/전시', '1~2시간']"
CONT_000000000500068,"군산(군산오름,코메오름)",제주특별자치도 서귀포시 안덕면 창천리 산 3-1,"황홀한 저녁 노을을 바라보며, 패러글라이딩을 즐길 수 있는 곳
· 올레8코스",33.2516165921848,126.36818883862301,--,region2,서귀포시,23,안덕,"군산(군산오름,코메오름)",2019022586707,https://api.cdn.visitjeju.net/photomng/imgpath/202111/04/20b8b887-9d81-4631-b3ce-df5c7095ae2c.jpg,https://api.cdn.visitjeju.net/photomng/thumbnailpath/202111/04/30844d88-66cc-4749-a0ba-34a8afd58c63.jpg,"['일몰', '일출', '오름', '걷기/등산', '친구', '맑음', '가을', '자연경관', '도보여행', '도보', '아주 어려움', '실외', '하', '기타', '1시간 미만']"
CONT_000000000500076,그리스신화박물관 / 트릭아이미술관,제주특별자치도 제주시 한림읍 광산로 942,"루브르, 바티칸박물관 명화와 대리석 조각상 200점 재현! 시공간을 초월하는 입체미술체험관!",33.3659432,126.35644,064-773-5800,region1,제주시,13,한림,Greek Mythology museum & AR Trick eye museum,17230,https://api.cdn.visitjeju.net/photomng/imgpath/201804/30/9d0e1ccd-1ad7-4539-b2e0-e4cd675f15ea.gif,https://api.cdn.visitjeju.net/photomng/thumbnailpath/201804/30/a571808e-423d-457f-90ba-c3425ba02b8e.gif,"['실내', '테마공원', '아이', '비.눈', '겨울', '실내관광지', '미술관', '문화관광', '박물관', '어트랙션', '무장애관광', '공용주차장', '현금결제', '카드결제', '화장실', '편의점', '유도 및 안내시설', '경보 및 피난시설', '단독접근가능', '단차없음', '장애인 화장실', '장애인 전용 주차장', '어려움', '실내+실외', '하', '공연/전시', '포토스팟', '1~2시간']"
CONT_000000000500103,노루생태관찰원,제주특별자치도 제주시 명림로 520,제주의 야생 노루를 언제든지 가까이서 만날 수 있는 곳,33.4087482,126.635052,064-728-3611,region1,제주시,11,제주시내,노루생태관찰원,2019022590244,https://api.cdn.visitjeju.net/photomng/imgpath/202111/18/2488302c-e919-42a9-85b2-cfd3ff40d228.jpg,https://api.cdn.visitjeju.net/photomng/thumbnailpath/202111/18/4717f6a8-b2c2-48ce-a7f1-220eb36ca05d.jpg,"['액티비티', '아이', '흐림', '맑음', '자연경관', '체험', '레저/체험', '어린이', '어트랙션', '무장애관광', '공영관광지', '공용주차장', '현금결제', '카드결제', '화장실', '무료 WIFI', '음료대', '유도 및 안내시설', '단독접근가능', '단차없음', '장애인 화장실', '장애인 전용 주차장', '어려움', '실내+실외', '중', '공연/전시', '2~3시간']"
CONT_000000000500109,논짓물,제주특별자치도 서귀포시 예래해안로 253,해수와 담수가 만나는 곳에 있는 천연 해수욕장,33.23679920000001,126.3886721,064-760-4854,region2,서귀포시,21,서귀포시내,논짓물,2019022636558,https://api.cdn.visitjeju.net/photomng/imgpath/202407/23/38469f3b-8a1a-49f1-8f11-97ffdaa8cc68.jfif,,"['제주', '제주도', '논짓물', '제주바다', '해수욕장', '제주해수욕장', '물놀이', '제주물놀이', '여름', '축제', '공용주차장', '화장실', '유도 및 안내시설', '아주 어려움']"
CONT_000000000500110,높은오름,제주특별자치도 제주시 구좌읍 송당리 산 213-1,위치가 높아 시원한 전망을 지닌 오름,33.45761407222886,126.79309050654297,064-783-3073,region1,제주시,16,구좌,Nopeun Oreum Volcanic Cone,17318,https://api.cdn.visitjeju.net/photomng/imgpath/201804/30/ae1c6aad-8c74-4554-990e-9b2a8d6ec0a5.jpg,https://api.cdn.visitjeju.net/photomng/thumbnailpath/201804/30/1c370361-c83a-4b8e-967c-50ca774f023b.jpg,"['부모', '커플', '혼자', '친구', '아이', '맑음', '오름', '자연경관', '도보여행', '도보', '어린이', '반려동물동반_오름', '반려동물', '반려동물동반입장', '혼저옵서개', '반려동물동반_자연', '아주 어려움']"
CONT_000000000500124,단산(바굼지오름),제주특별자치도 서귀포시 안덕면 향교로 165-23,거대한 박쥐가 날개를 펴고 있는 듯한 곳,33.2399744,126.2891838,,region2,서귀포시,23,안덕,Dansan Mountain (Bagumji Oreum Volcanic Cone),17363,https://api.cdn.visitjeju.net/photomng/imgpath/201804/30/7df96177-a4e0-4bfa-96e3-2283ae56fa94.gif,https://api.cdn.visitjeju.net/photomng/thumbnailpath/201804/30/0ef95eb1-4350-4c06-905f-14501e50b83c.gif,"['부모', '커플', '혼자', '친구', '경관/포토', '오름', '도보여행', '도보', '포토스팟', '반려동물동반_오름', '반려동물', '반려동물동반입장', '혼저옵서개', '반려동물동반_자연', '공용주차장']"
CONT_000000000500129,당오름,제주특별자치도 제주시 구좌읍 송당리 산 199-1,제주 신당의 원조격인 본향당이 자리를 튼 곳,33.467194,126.77773,,region1,제주시,16,구좌,당오름,2019022593929,https://api.cdn.visitjeju.net/photomng/imgpath/202112/10/e26eb1ed-fc54-4ecd-ac59-acf57fb2bdaf.jpg,https://api.cdn.visitjeju.net/photomng/thumbnailpath/202112/10/78a51ddd-c3c3-4e1b-976e-c1649ced670d.jpg,"['커플', '친구', '혼자', '맑음', '오름', '자연경관', '도보여행', '도보']"
CONT_000000000500131,당오름(한경면),제주특별자치도 제주시 한경면 용수리 산 18,푸른 바다와 함께 걷는 호젓한 산책길,33.308254,126.17365,064-710-6072,region1,제주시,14,한경,Dang Oreum Volcanic Cone (Hangyeong-myeon),17405,https://api.cdn.visitjeju.net/photomng/imgpath/201804/30/798641e1-129f-4ec9-92cc-3ae75c0d1b79.jpg,https://api.cdn.visitjeju.net/photomng/thumbnailpath/201804/30/073b8204-09b1-42ab-846e-522ea1273808.jpg,"['오름', '걷기/등산', '맑음', '가을', '자연경관', '도보여행', '도보']"
CONT_000000000500138,대정향교,제주특별자치도 서귀포시 안덕면 향교로 165-17,서귀포시 안덕면 사계리에 있는 조선시대의 향교,33.23958,126.2884,064-794-7944,region2,서귀포시,23,안덕,대정향교,2019022594955,https://api.cdn.visitjeju.net/photomng/imgpath/202112/20/255bbc57-b713-4b54-9143-4ed92e9d7961.jpg,https://api.cdn.visitjeju.net/photomng/thumbnailpath/202112/20/bdc8e621-1118-44b4-aa4e-77aed39c14a8.jpg,"['문화유적지', '흐림', '겨울', '자연경관', '문화관광', '역사유적', '공용주차장', '화장실', '유도 및 안내시설', '아주 어려움']"
CONT_000000000500141,더마파크,제주특별자치도 제주시 한림읍 월림7길 155,세계최초의 말전문테마공원,33.353992,126.24263,064-795-8080,region1,제주시,13,한림,더마파크,2019022589652,https://api.cdn.visitjeju.net/photomng/imgpath/202111/16/84fd9eab-8916-47b2-b2d9-db0fb87a1f8a.jpg,https://api.cdn.visitjeju.net/photomng/thumbnailpath/202111/16/d933eea8-03ee-4d30-a3f6-7cd465422207.jpg,"['승마', '실내', '액티비티', '아이', '맑음', '사계절', '체험', '레저/체험', '어린이', '테마공원', '어트랙션', '무장애관광', '공용주차장', '현금결제', '카드결제', '화장실', '무료 WIFI', '편의점', '경보 및 피난시설', '엘리베이터', '단독접근가능', '단차없음', '승강기', '수동 휠체어 대여 가능', '어려움', '실외', '하', '공연/전시', '1~2시간']"
CONT_000000000500143,도두봉,제주특별자치도 제주시 도두항길 4-17,시원한 바닷바람을 맞으며 제주의 야경을 즐길 수 있는 명소,33.5071377,126.4684832,,region1,제주시,11,제주시내,도두봉,2019022643062,https://api.cdn.visitjeju.net/photomng/imgpath/202410/16/529a0d77-8348-488e-a6d7-84fe8a66af32.jpg,https://api.cdn.visitjeju.net/photomng/thumbnailpath/202410/16/63992138-b676-48cb-bde4-60c7279af0a0.jpg,"['제주공항', ' 제주오름', ' 키세스존', ' 제주시내', ' 오름추천', ' 산책로', ' 포토존', ' 제주가볼만한곳', '반려동물', '반려동물동반입장', '혼저옵서개', '반려동물동반_자연', '화장실', '유도 및 안내시설', '아주 어려움', '실외', '중', '1~2시간']"
CONT_000000000500146,돈내코,제주특별자치도 서귀포시 돈내코로 128-1," 상록수림으로 둘러싸인 시원한 계곡, 물맞이 명소 '돈내코'
",33.3011703,126.5847327,064-710-6920,region2,서귀포시,21,서귀포시내,돈내코,2019022638487,https://api.cdn.visitjeju.net/photomng/imgpath/202408/16/653e65b3-4a92-46d3-8a39-69929ce21de4.jpg,https://api.cdn.visitjeju.net/photomng/thumbnailpath/202408/16/72d29ef9-ce92-4ade-9025-3e12ba06353a.jpg,"['제주도여행', ' 원앙폭포', ' 제주돈내코', ' 제주물놀이', ' 제주계곡', ' 서귀포가볼만한곳', ' 물놀이', ' 물멍', ' 제주여름', '공용주차장', '화장실', '편의점', '음료대', '유도 및 안내시설', '아주 어려움']"
CONT_000000000500150,북촌돌하르방미술관,제주특별자치도 제주시 조천읍 북촌서1길 70,"숲, 만남, 그리고 평화. 제주의 자연과 문화 그리고 예술이 함께 어우러진 감성공간.",33.5387743,126.6887213,064-782-0570,region1,제주시,15,조천,북촌돌하르방미술관,2019022589941,https://api.cdn.visitjeju.net/photomng/imgpath/202111/17/29194b1f-3fa2-4714-88d0-2c6711970a81.gif,https://api.cdn.visitjeju.net/photomng/thumbnailpath/202111/17/42b25a96-8526-4fcf-b0f7-847f83d6a2d4.gif,"['테마공원', '부모', '친구', '커플', '아이', '맑음', '봄', '겨울', '실내관광지', '미술관', '문화관광', '어트랙션', '자연경관', '2022_마을산책_봄', 'Moment_봄', '공용주차장', '현금결제', '카드결제', '화장실', '무료 WIFI', '음료대', '아주 어려움']"
CONT_000000000500153,돔베낭골,제주특별자치도 서귀포시 호근동,기암 절벽과 훤히 트인 바다의 경치를 볼 수 있는 곳,33.238617,126.53255,064-760-6321,region2,서귀포시,21,서귀포시내,Dombenanggol,17506,https://api.cdn.visitjeju.net/photomng/imgpath/201804/30/e0db628f-15c1-456b-bd66-27b81c628925.jpg,https://api.cdn.visitjeju.net/photomng/thumbnailpath/201804/30/fa4bdea9-1aed-4c5c-ace8-8ec20d54ec0a.jpg,"['해변', '휴식/힐링', '맑음', '여름', '아주 어려움', '자연경관']"
CONT_000000000500160,돛오름,제주특별자치도 제주시 구좌읍 송당리 산 3,비자림을 안고 있는 돛오름,33.499622,126.53119,064-783-4093,region1,제주시,16,구좌,Dot Oreum Volcanic Cone,17544,https://api.cdn.visitjeju.net/photomng/imgpath/201804/30/1091ec48-7f86-4560-a987-ea8dca0a4549.jpg,https://api.cdn.visitjeju.net/photomng/thumbnailpath/201804/30/94e2e92e-1c8c-4480-9d57-15ba90aab1e2.jpg,"['오름', '걷기/등산', '자연경관', '도보여행', '도보']"
CONT_000000000500161,두맹이골목,제주특별자치도 제주시 동문로16길 17-4,옛추억을 꺼내주는 제주의 벽화마을,33.51202,126.53499,064-728-4436,region1,제주시,11,제주시내,두맹이골목,2019022591382,https://api.cdn.visitjeju.net/photomng/imgpath/202111/25/8f6e28bc-4422-4817-9ae7-a8bc5ff8de53.jpg,https://api.cdn.visitjeju.net/photomng/thumbnailpath/202111/25/ca52c880-dfdf-4824-a289-978949072bbc.jpg,"['두멩이골목', '걷기/등산', '경관/포토', '흐림', '봄', '유도 및 안내시설', '아주 어려움', '자연경관', '포토스팟']"
CONT_000000000500162,두산봉(말미오름),제주특별자치도 서귀포시 성산읍 시흥리 산 1-5,올레1코스의 마스코트 두산봉,33.47950858344703,126.88414743068847,064-782-3180,region2,서귀포시,17,성산,두산봉(말미오름),2019022592244,https://api.cdn.visitjeju.net/photomng/imgpath/202112/01/de800f68-9d34-472b-bcb9-5a697cca35e4.JPG,https://api.cdn.visitjeju.net/photomng/thumbnailpath/202112/01/32c18c86-fa52-4864-a28a-abd73d42ce3c.JPG,"['커플', '친구', '일출', '봄', '오름', '자연경관', '도보여행', '도보', '반려동물동반_오름', '반려동물', '반려동물동반입장', '혼저옵서개', '반려동물동반_자연']"
CONT_000000000500163,둔지봉,제주특별자치도 제주시 구좌읍 한동리 산 40,제주도를 한눈에 내려다볼 수 있는 둔지봉,33.50136,126.79464,064-783-2619,region1,제주시,16,구좌,둔지봉,2019022558521,https://api.cdn.visitjeju.net/photomng/imgpath/201907/29/1184805a-d761-4d03-a9d1-5e96684d3342.jpg,https://api.cdn.visitjeju.net/photomng/thumbnailpath/201907/29/3acce4dc-9217-4767-9be6-51baaa584a02.jpg,"['오름', '걷기/등산', '자연경관']"
CONT_000000000500168,따라비오름,제주특별자치도 서귀포시 표선면 가시리 산 62,"표선면 가시리에 위치한 따라비오름은 3개의 분화구(굼부리)와 6개의 봉우리로 이루어져 있다. 화산이 폭발할 때 분출된 용암은 부드러운 산세를 만들어냈고, 가을이면 오름을 뒤덮은 억새 군락이 장관을 이룬다. ",33.389156,126.75325,,region2,서귀포시,26,표선,따라비오름,2019022585901,https://api.cdn.visitjeju.net/photomng/imgpath/202111/01/2807b2be-5aa2-4e3e-bd91-23a92d2985a6.JPG,https://api.cdn.visitjeju.net/photomng/thumbnailpath/202111/01/3b6ae16c-68ba-4607-b01f-2ae5b1d3a98d.JPG,"['일출', '오름', '걷기/등산', '친구', '가을', '자연경관', '도보여행', '도보', '억새', '반려동물동반_오름', '반려동물', '반려동물동반입장', '혼저옵서개', '반려동물동반_자연']"
CONT_000000000500169,라온골프클럽,제주특별자치도 제주시 한경면 용금로 998,타이거우즈가 격찬하고 콜린 몽고메리가 설계한 제주서부의 명품 골프클럽,33.3448687,126.2782452,064-795-8000,region1,제주시,14,한경,라온골프클럽,2019022594031,https://api.cdn.visitjeju.net/photomng/imgpath/202112/10/f0c45fe9-e63a-4afe-9be0-12875831aec6.jpg,https://api.cdn.visitjeju.net/photomng/thumbnailpath/202112/10/a121f31a-3cd0-45a2-9529-d74964df5b7e.jpg,"['커플', '친구', '액티비티', '골프', '체험', '레저/체험', '어트랙션', '공용주차장', '현금결제', '카드결제', '화장실', '무료 WIFI', '흡연구역', '편의점', '음료대', '유도 및 안내시설', '경보 및 피난시설', '아주 어려움']"
CONT_000000000500170,라온승마클럽,제주특별자치도 제주시 한림읍 월림7길 155,국제규격의 승마시설을 갖춘 제주서부의 명품승마클럽. 초보자부터 전문가까지 아우르는 승마시설 보유,33.355453,126.2419,064-795-8095,region1,제주시,13,한림,라온승마클럽,2019022593240,https://api.cdn.visitjeju.net/photomng/imgpath/202112/07/06ea0727-38aa-42ff-87b8-4b2378a3d090.jpg,https://api.cdn.visitjeju.net/photomng/thumbnailpath/202112/07/ae283799-1bd5-456f-8861-027e93756077.jpg,"['승마', '액티비티', '커플', '체험', '레저/체험', '어트랙션', '공용주차장', '현금결제', '카드결제', '화장실', '무료 WIFI', '흡연구역', '편의점', '음료대', '유도 및 안내시설', '경보 및 피난시설', '아주 어려움']"
CONT_000000000500171,마라도(마라해양도립공원),제주특별자치도 서귀포시 대정읍 마라로101번길 46,"난대성 해양 동식물이 풍부하고 경관이 아름다운 유인도 중에 국토 최남단인 섬, 천연기념물 제423호",33.1170928491147,126.26747322880556,064-760-4014,region2,서귀포시,22,대정,Marado Island (Mara Ocean Park),17618,https://api.cdn.visitjeju.net/photomng/imgpath/201804/30/c88bc373-ce5d-418f-9635-b6afb4dbb394.jpg,https://api.cdn.visitjeju.net/photomng/thumbnailpath/201804/30/0c267f62-8261-4cc7-bca9-99aa4f446365.jpg,"['섬속의섬', '휴식/힐링', '부모', '아이', '맑음', '가을', '자연경관', '어린이', '화장실', '편의점', '아주 어려움', '공영관광지']"
CONT_000000000500177,마방목지,제주특별자치도 제주시 516로 2480,제주혈통 조랑말이 뛰어노는 초원지대,33.42824,126.60599,064-710-7942,region1,제주시,11,제주시내,Jeju Horse Pastureland,17647,https://api.cdn.visitjeju.net/photomng/imgpath/201804/30/9701ce03-cb6e-4035-9f31-5d7b619de3bf.jpg,https://api.cdn.visitjeju.net/photomng/thumbnailpath/201804/30/6772b54b-d077-4285-8d38-00107f56479f.jpg,"['경관/포토', '문화유적지', '아이', '맑음', '봄', '자연경관', '역사유적', '포토스팟', '어린이', '무장애관광', '공용주차장', '단독접근가능', '단차없음', '어려움']"
CONT_000000000500190,모구리오름,제주특별자치도 서귀포시 성산읍 서성일로 260,편백나무 숲길에서 느끼는 깨끗한 공기와 모구리 야영장에서의 특별한 추억,33.4059591,126.821694,,region2,서귀포시,17,성산,모구리오름,2019022594056,https://api.cdn.visitjeju.net/photomng/imgpath/202112/10/2d959586-9f08-4099-bdca-0324603692f5.jpg,https://api.cdn.visitjeju.net/photomng/thumbnailpath/202112/10/339d2abf-91ce-45fa-af6e-d68b6e791c19.jpg,"['오름', '걷기/등산', '공용주차장', '화장실', '아주 어려움', '자연경관', '도보여행', '도보']"
CONT_000000000500193,모슬봉 (모슬개오름),제주특별자치도 서귀포시 대정읍 상모리 3540-2,완만한 지형을 가진 모슬봉,33.2387353,126.2586981,,region2,서귀포시,22,대정,모슬봉 (모슬개오름),2019022595061,https://api.cdn.visitjeju.net/photomng/imgpath/202112/21/888e53c7-515a-46a4-b929-7109f623bb36.JPG,https://api.cdn.visitjeju.net/photomng/thumbnailpath/202112/21/3112abe1-c274-48e1-838f-842025305b6f.JPG,"['부모', '커플', '혼자', '친구', '아이', '맑음', '오름', '자연경관', '도보여행', '도보', '어린이']"
CONT_000000000500194,모지오름,제주특별자치도 서귀포시 표선면 성읍리 산 22,어머니가 아들을 안은 형체 모지오름,33.393745,126.76842,064-760-2913,region2,서귀포시,26,표선,Moji Oreum Volcanic Cone,17710,https://api.cdn.visitjeju.net/photomng/imgpath/201804/30/1ce955b9-a8dd-4f54-bda1-eec9ce6c1096.jpg,https://api.cdn.visitjeju.net/photomng/thumbnailpath/201804/30/328fb40a-6044-4741-8a67-befbffbd1108.jpg,"['혼자', '친구', '맑음', '경관/포토', '휴식/힐링', '액티비티', '오름', '사계절', '자연경관', '체험', '도보여행', '도보', '레저/체험', '포토스팟', '어트랙션']"
CONT_000000000500195,묘산봉 (괴살메),제주특별자치도 제주시 구좌읍 김녕리 2723,고양이가 누워 있는 모양을 하고 있는 오름,33.542805,126.744316,064-783-5040,region1,제주시,16,구좌,Myosanbong Volcanic Cone (Goesalme),17717,https://api.cdn.visitjeju.net/photomng/imgpath/201804/30/b8a9f2dd-b3ed-4a0b-bfab-9cdfc96d566f.jpg,https://api.cdn.visitjeju.net/photomng/thumbnailpath/201804/30/d87c5be1-522c-45cc-8cef-9da1ffbbb38d.jpg,"['친구', '혼자', '커플', '맑음', '오름', '자연경관']"
CONT_000000000500198,문도지오름 (문돗지),제주특별자치도 제주시 한림읍 금악리 3444,문도지오름은 저지에서 오설록 녹차밭까지 이어지는 제주올레 14-1코스 중간 부근에 위치해있다. 한경면 방림원 사잇길을 따라 차량으로 10분 정도 들어가면 차도가 끝나는 지점에 명성목장이 나타나고 그곳부터 오름길은 시작된다. 문도지오름은 명성목장의 말 방목지로도 이용되고 있다. 오름 대부분은 사유지이지만 소유주의 배려로 자유롭게 탐방할 수 있다. ,33.33229622334082,126.25204764863281,,region1,제주시,13,한림,문도지오름 (문돗지),2019022569640,https://api.cdn.visitjeju.net/photomng/imgpath/202002/25/0dfb8693-2a32-4fb1-9b3e-41ab57964f01.jpg,https://api.cdn.visitjeju.net/photomng/thumbnailpath/202002/25/eac1e84a-227d-4002-b0c0-b5df6322b019.jpg,"['오름', '걷기/등산', '자연경관', '도보여행', '도보']"
CONT_000000000500202,물영아리오름,제주특별자치도 서귀포시 남원읍 남조로 988-11,영아리는 신령스런 산이란 뜻이다. 앞에 ‘물’이란 접두어가 붙은 것은 분화구에 물이 고인 습지를 품고 있기 때문이다. 물영아리오름은 수망리 중잣성 생태 탐방로와 연계되어 있다. 잣성은 제주도의 전통적인 목축 문화 유물로 목초지에 쌓아 올린 경계용 돌담을 뜻한다.,33.361296,126.6926145,064-728-6200,region2,서귀포시,25,남원,물영아리오름,2019022558203,https://api.cdn.visitjeju.net/photomng/imgpath/201907/24/67082bf5-af9a-4723-b9a1-ee8ce2a296b3.jpg,https://api.cdn.visitjeju.net/photomng/thumbnailpath/201907/24/38029480-a1e6-4705-90e6-1569272cab75.jpg,"['일출', '오름', '걷기/등산', '흐림', '여름', '자연경관', '도보여행', '도보', '언택트']"
CONT_000000000500205,물찻오름 [출입제한 - 자연휴식년제 적용 중],제주특별자치도 제주시 조천읍 교래길,샤려니숲길의 끝에서 만날 수 있는 우리나라 명품 숲길,33.39523354393575,126.65173159089356,,region1,제주시,15,조천,Mulchat Oreum Volcanic Cone,17768,https://api.cdn.visitjeju.net/photomng/imgpath/201804/30/dbe0d8ce-f480-4618-876c-1ba0283fb625.jpg,https://api.cdn.visitjeju.net/photomng/thumbnailpath/201804/30/b6f20aa1-97f6-48d2-80f5-0ace92bd77c7.jpg,"['오름', '걷기/등산', '흐림', '여름', '자연경관', '도보여행', '도보']"
CONT_000000000500206,"미악산 (턥오름, 쌀오름, 솔오름)",제주특별자치도 서귀포시 인정오름로 387-63,서귀포 시내를 한눈에 담을 수 있는 미악산,33.30508705271701,126.51715030361333,064-760-4693,region2,서귀포시,21,서귀포시내,"Miaksan Mountain (Taep Oreum Volcanic Cone, Ssal Oreum Volcanic Cone)",17778,https://api.cdn.visitjeju.net/photomng/imgpath/201804/30/cf08dcd2-531e-480f-9a23-da2c50412cc7.jpg,https://api.cdn.visitjeju.net/photomng/thumbnailpath/201804/30/84c0bffd-1dd6-48f5-b02d-a86ac547c0c1.jpg,"['부모', '커플', '혼자', '친구', '아이', '맑음', '오름', '자연경관', '도보여행', '도보', '어린이']"
CONT_000000000500209,민오름(구좌읍),제주특별자치도 제주시 구좌읍 비자림로 1456,故 이승만 대통령의 별장이였던 귀빈사가 있는 곳,33.43717332970755,126.76182586733398,,region1,제주시,16,구좌,민오름(구좌읍),2019022591659,https://api.cdn.visitjeju.net/photomng/imgpath/202111/26/714f3038-a2b6-44c0-bae2-b673c77e5b54.jpg,https://api.cdn.visitjeju.net/photomng/thumbnailpath/202111/26/31f16cc7-49c2-4ad0-9585-977be18b4188.jpg,"['부모', '커플', '혼자', '친구', '아이', '오름', '자연경관', '도보여행', '도보', '어린이', '아주 어려움']"
CONT_000000000500212,민오름(봉개동),제주특별자치도 제주시 칠오름길 (봉개동),매년 봄 야생화의 절경을 감상할 수 있는 봉개 민오름,33.47778961794571,126.61844660373538,,region1,제주시,11,제주시내,민오름(봉개동),2019022593270,https://api.cdn.visitjeju.net/photomng/imgpath/202112/07/2fbc656b-cce6-4090-a472-bb7d0c52ff7b.jpg,https://api.cdn.visitjeju.net/photomng/thumbnailpath/202112/07/d4714d62-9fe0-4083-a07e-dcc78e59ac06.jpg,"['오름', '걷기/등산', '유도 및 안내시설', '자연경관', '도보여행', '도보']"
CONT_000000000500213,민오름(조천읍),제주특별자치도 제주시 조천읍 선흘리 산 141,개척을 거부하는 제주 자연의 민오름,33.47484039573691,126.49502656713867,,region1,제주시,15,조천,민오름(조천읍),2019022594061,https://api.cdn.visitjeju.net/photomng/imgpath/202112/10/b5a63858-1d68-4956-9633-bf9bdde3ccdb.jpg,https://api.cdn.visitjeju.net/photomng/thumbnailpath/202112/10/eb1d1ad1-d892-4440-ad0d-2ce0d7f03e36.jpg,"['부모', '커플', '혼자', '경관/포토', '휴식/힐링', '액티비티', '오름', '청년', '중/장년', '휴식/치유', '자연경관', '체험', '도보여행', '도보', '레저/체험', '포토스팟']"
CONT_000000000500215,바늘오름,제주특별자치도 제주시 조천읍 교래리 산 108,교래리의 바늘오름,33.42869208511108,126.66829691376961,064-782-1746,region1,제주시,15,조천,바늘오름,2019022558357,https://api.cdn.visitjeju.net/photomng/imgpath/201907/26/ac25890f-612d-4e4b-b5a6-d29a0410f5e4.jpg,https://api.cdn.visitjeju.net/photomng/thumbnailpath/201907/26/87339564-66a6-4368-9e49-bd393c02252b.jpg,"['부모', '커플', '혼자', '친구', '경관/포토', '휴식/힐링', '체험관광', '액티비티', '오름', '사계절', '청년', '중/장년', '휴식/치유', '자연경관', '체험', '도보여행', '도보', '레저/체험', '포토스팟']"
CONT_000000000500216,박물관은 살아있다,제주특별자치도 서귀포시 중문관광로 42,다섯개의 착시체험 테마로 이루어진 눈속임테마파크,33.255043,126.409065,064-805-0888,region2,서귀포시,24,중문,Alive Museum ,17846,https://api.cdn.visitjeju.net/photomng/imgpath/201804/30/327fb774-0376-475b-9367-e007cdec546b.jpg,https://api.cdn.visitjeju.net/photomng/thumbnailpath/201804/30/3b0d8581-7bfa-452b-8bff-83145155c38c.jpg,"['실내', '테마공원', '아이', '비.눈', '겨울', '사계절', '실내관광지', '문화관광', '박물관', '어트랙션', '무장애관광', '공용주차장', '현금결제', '카드결제', '화장실', '무료 WIFI', '흡연구역', '편의점', '음료대', '유도 및 안내시설', '경보 및 피난시설', '임산부 휴게시설', '단독접근가능', '단차없음', '장애인 화장실', '장애인 전용 주차장', '수동 휠체어 대여 가능', '쉬움', '하', '공연/전시', '포토스팟', '1~2시간']"
CONT_000000000500223,밧돌오름,제주특별자치도 제주시 구좌읍 송당리 산 66-1,안돌오름과 연결되어 있는 오름,33.46076476786175,126.75995986079101,064-783-4093,region1,제주시,16,구좌,밧돌오름,2019022595195,https://api.cdn.visitjeju.net/photomng/imgpath/202112/22/d70826d1-5608-4821-a0a2-2948909ad470.jpg,https://api.cdn.visitjeju.net/photomng/thumbnailpath/202112/22/5a51dbb8-2b40-413c-a96c-27b8b6d7e294.jpg,"['부모', '커플', '혼자', '친구', '아이', '맑음', '오름', '자연경관', '도보여행', '도보', '어린이']"
CONT_000000000500225,방림원,제주특별자치도 제주시 한경면 용금로 864,"국내최초 세계야생화 작품 전시 박물관, 저지리 예술인 마을에 위치",33.336983,126.26866,064-773-0090,region1,제주시,14,한경,방림원,2019022601112,https://api.cdn.visitjeju.net/photomng/imgpath/202205/30/725e93f1-8ed2-4290-84e3-431ac76b78b3.jpg,https://api.cdn.visitjeju.net/photomng/thumbnailpath/202205/30/c783bc80-2b73-4f3d-bff9-55745d58c880.jpg,"['반려동물', ' 반려동물동반입장', ' 혼저옵서개', ' 반려동물동반_관광지', ' 휴식/힐링', '자연경관', '안전여행스탬프', '테마공원', '무장애관광', '공용주차장', '현금결제', '카드결제', '화장실', '무료 WIFI', '음료대', '유도 및 안내시설', '경보 및 피난시설', '장애인 화장실', '장애인 전용 주차장', '수동 휠체어 대여 가능', '어려움', '실내+실외', '중', '공연/전시', '포토스팟', '1시간 미만']"
CONT_000000000500226,방선문,제주특별자치도 제주시 종천길 39-1,"영주 10경중의 한 곳, 신선이 머무는 곳 방선문계곡으로 오세요.",33.45228391344958,126.51781678437806,064-728-4802,region1,제주시,11,제주시내,방선문,2019022595204,https://api.cdn.visitjeju.net/photomng/imgpath/202112/22/a66a124f-9f1c-4490-9c71-2899539b21b7.JPG,https://api.cdn.visitjeju.net/photomng/thumbnailpath/202112/22/d84e1db5-5c01-449d-95a8-deec4093b5b0.JPG,"['계곡', '휴식/힐링', '봄', '자연경관', '물놀이']"
CONT_000000000500233,백조일손지묘(백조일손지지),제주특별자치도 서귀포시 안덕면 사계리,4.3항쟁시 억울하게 죽은 유골들을 모아 추모할 수 있도록 만든 묘,33.20672,126.2813,064-710-8452,region2,서귀포시,23,안덕,Cemetery of Unnamed Korean War Victims,17908,https://api.cdn.visitjeju.net/photomng/imgpath/201804/30/e5578ff7-eaf4-445f-b75d-797593b45de1.jpg,https://api.cdn.visitjeju.net/photomng/thumbnailpath/201804/30/ad1ef4d3-9b44-454d-927d-0094e6571b1d.jpg,"['문화유적지', '자연경관', '문화관광', '역사유적', '유도 및 안내시설', '아주 어려움']"
CONT_000000000500239,법화사지,제주특별자치도 서귀포시 하원북로35번길 15-28,서귀포시 하원동에 있는 신라시대의 절터,33.2653454,126.4576828,064-760-2505,region2,서귀포시,21,서귀포시내,법화사지,2019022594106,https://api.cdn.visitjeju.net/photomng/imgpath/202112/13/db820a17-680e-43e5-857a-a9b5a810eafb.JPG,https://api.cdn.visitjeju.net/photomng/thumbnailpath/202112/13/d69e42ae-e24c-4e16-91dc-6da3f9a19a0e.JPG,"['부모', '커플', '혼자', '아이', '경관/포토', '휴식/힐링', '문화유적지', '중/장년', '휴식/치유', '노년', '공용주차장', '유도 및 안내시설', '아주 어려움', '역사유적', '포토스팟', '어린이']"
CONT_000000000500241,베릿네오름,제주특별자치도 서귀포시 중문상로17번길 51,가족과 함께 걷기 좋은길 베릿네오름,33.24894540638588,126.41982192341766,064-760-4831,region2,서귀포시,24,중문,베릿네오름,2019022595209,https://api.cdn.visitjeju.net/photomng/imgpath/202112/22/3cb4f64f-a064-4be1-b667-e162fcb4ab0b.jpg,https://api.cdn.visitjeju.net/photomng/thumbnailpath/202112/22/5f2da95d-ca69-47c0-97b7-4b2b8c8e2be5.jpg,"['오름', '걷기/등산', '자연경관', '도보여행', '도보']"
CONT_000000000500243,별도봉,제주특별자치도 제주시 선반로 (화북일동),화북악이라고 부르는 곳으로 제주항과 앞바다 등이 한눈에 내려다보이는 오름,33.51933304545922,126.55299740626833,064-728-3605,region1,제주시,11,제주시내,Byeoldobong Peak,17958,https://api.cdn.visitjeju.net/photomng/imgpath/201804/30/2deaa7b2-328c-4241-92f5-8d685db26894.jpg,https://api.cdn.visitjeju.net/photomng/thumbnailpath/201804/30/5baf2687-7d68-4605-a067-c5c0522d9e73.jpg,"['오름', '걷기/등산', '봄', '자연경관']"
CONT_000000000500244,별방진,제주특별자치도 제주시 구좌읍 하도리 3354,조선시대 제주도 동부지역 최대 기지였던 성,33.52612,126.88438,064-710-6704,region1,제주시,16,구좌,Byeolbangjin Fortress,17967,https://api.cdn.visitjeju.net/photomng/imgpath/201804/30/9e1691e1-2199-4b38-86f1-9b141a532f68.jpg,https://api.cdn.visitjeju.net/photomng/thumbnailpath/201804/30/07881143-cb33-40b0-97d3-c1e47afd1837.jpg,"['문화유적지', '맑음', '자연경관', '문화관광', '역사유적', '봄꽃', '유채꽃', '유도 및 안내시설', '아주 어려움']"
CONT_000000000500259,북오름,제주특별자치도 서귀포시 안덕면 동광리 산 94,안덕 곶자왈 지대에 위치한 북오름,33.306194,126.332054,064-794-8722,region2,서귀포시,23,안덕,북오름,2019022593287,https://api.cdn.visitjeju.net/photomng/imgpath/202112/07/9e8e12c3-8fd1-43bd-8cab-4939179ca0d9.JPG,https://api.cdn.visitjeju.net/photomng/thumbnailpath/202112/07/02803de4-a54f-47a8-8d96-e8393a025835.JPG,"['부모', '커플', '혼자', '친구', '아이', '오름', '자연경관', '도보여행', '도보', '어린이']"
CONT_000000000500265,붉은오름(표선면),제주특별자치도 서귀포시 표선면 남조로 1487-73,"제주 힐링여행의 명소, 붉은오름",33.3828211,126.7313785,064-760-3481,region2,서귀포시,26,표선,붉은오름(표선면),2019022638609,https://api.cdn.visitjeju.net/photomng/imgpath/202408/19/b8bc5382-40d5-4af7-8332-67d6ba623063.jpg,https://api.cdn.visitjeju.net/photomng/thumbnailpath/202408/19/ef727a9a-95b3-47ac-8fd8-27ac801a5f51.jpg,"['제주여행', ' 제주도오름', ' 사려니숲길', ' 힐링코스', ' 제주산책', ' 휴양림', ' 삼나무숲길', ' 등산', ' 무장애관광']"
CONT_000000000500266,붉은오름 자연휴양림,제주특별자치도 서귀포시 표선면 남조로 1487-73,계절마다 각기 다른 아름다움을 뽐내는 붉은 오름 자연휴양림,33.395905,126.669785,064-760-3559,region2,서귀포시,26,표선,붉은오름 자연휴양림,2019022588201,https://api.cdn.visitjeju.net/photomng/imgpath/202111/11/e91e2593-82f1-40e4-9d4c-321aa393be20.jpg,https://api.cdn.visitjeju.net/photomng/thumbnailpath/202111/11/f918f315-d44f-4404-8dea-2a5009fbd6a6.jpg,"['휴양림', '걷기/등산', '휴식/힐링', '커플', '흐림', '가을', '자연경관', '도보여행', '도보', '무장애관광', '공영관광지', '공용주차장', '현금결제', '카드결제', '화장실', '무료 WIFI', '편의점', '음료대', '유도 및 안내시설', '경보 및 피난시설', '단차없음', '저상버스 접근 가능', '장애인 화장실', '장애인 전용 주차장', '수동 휠체어 대여 가능', '어려움', '실외', '상', '등산', '등산로', ' 산책로', '1~2시간']"
CONT_000000000500270,비자림,제주특별자치도 제주시 구좌읍 비자숲길 55,천년의 세월이 녹아든 신비로움 가득한 비자림은 500~800년생 비자나무들이 자생하는 세계적으로도 희귀한 장소다. 벼락 맞은 나무부터 긴 세월이 느껴지는 아름드리 나무까지 다양한 비자나무를 만날 수 있다. ,33.491318,126.811386,064-710-7911,region1,제주시,16,구좌,비자림,2019022643111,https://api.cdn.visitjeju.net/photomng/imgpath/202410/16/908a37e8-918e-46a8-bc2e-e7569eba8a8d.jpg,https://api.cdn.visitjeju.net/photomng/thumbnailpath/202410/16/eda139ae-6a88-486f-b2df-f23ecca6326e.jpg,"['제주가볼만한곳', ' 제주도동쪽코스', ' 산책로', ' 산림욕', ' 제주자연', ' 피톤치드', ' 비자나무', ' 제주도볼거리', '공용주차장', '현금결제', '카드결제', '화장실', '무료 WIFI', '단독접근가능', '단차없음', '장애인 화장실', '장애인 전용 주차장', '수동 휠체어 대여 가능', '어려움', '실외', '중', '기타', '산책로', '1시간 미만']"
CONT_000000000500271,비치미오름,제주특별자치도 제주시 구좌읍 송당리 산 255-1,불러도 대답이 없지만 또 부르고 싶은 비치미오름,33.428295,126.764145,,region1,제주시,16,구좌,비치미오름,2019022595285,https://api.cdn.visitjeju.net/photomng/imgpath/202112/22/61178a20-a01b-4cf5-88e5-6a4bf7a911d4.jpg,https://api.cdn.visitjeju.net/photomng/thumbnailpath/202112/22/9751d34d-0f3f-46f1-861a-74ca0c0c62ae.jpg,"['부모', '커플', '혼자', '친구', '아이', '맑음', '경관/포토', '오름', '자연경관', '도보여행', '도보', '포토스팟', '어린이']"
CONT_000000000500275,사계해안도로,제주특별자치도 서귀포시 안덕면 사계리,산방산과 형제섬을 즐길 수 있는 해안도로,33.21973,126.29425,064-760-2772,region2,서귀포시,23,안덕,사계해안도로,2019022589313,https://api.cdn.visitjeju.net/photomng/imgpath/202111/15/4fcaac11-7f36-41c7-99a8-416b7bda3fd6.jpg,https://api.cdn.visitjeju.net/photomng/thumbnailpath/202111/15/465a7e6f-5d83-4ed2-9fc5-4eeaa7ca7857.jpg,"['일출', '해변', '드라이브', '커플', '맑음', '가을', '공용주차장', '화장실', '편의점', '음료대', '유도 및 안내시설', '아주 어려움', '자연경관', '제주명품42', '포토스팟', '제주7대도로']"
CONT_000000000500276,사라봉,제주특별자치도 제주시 사라봉동길 61,붉은 노을이 온 바다를 물들이는 모습이 아름다운 사라봉,33.51839777686117,126.54391681003415,064-728-3605,region1,제주시,11,제주시내,사라봉,2019022591100,https://api.cdn.visitjeju.net/photomng/imgpath/202111/24/74dc9cae-c275-4611-9219-b18902814f7d.jpg,https://api.cdn.visitjeju.net/photomng/thumbnailpath/202111/24/6fc1a542-4741-4972-81c2-c94b7585e1cd.jpg,"['일몰', '일출', '오름', '걷기/등산', '친구', '겨울', '자연경관']"
CONT_000000000500277,사라봉공원,제주특별자치도 제주시 사라봉동길 74 (건입동),"제주의 아침이 열리는 사라봉공원, 영주 10경 중의 하나인 사봉낙조의 장관을 볼 수 있는 곳",33.51921,126.5473,064-728-3605,region1,제주시,11,제주시내,사라봉공원,2019022591114,https://api.cdn.visitjeju.net/photomng/imgpath/202111/24/495664c1-2a08-453c-b914-ed3322c29f9f.jpg,https://api.cdn.visitjeju.net/photomng/thumbnailpath/202111/24/8ffefbf7-b20c-4c5f-869a-bc52cb4728eb.jpg,"['커플', '친구', '일몰', '걷기', '단차없음', '아주 어려움', '자연경관', '무장애관광']"
CONT_000000000500278,사라오름,제주특별자치도 서귀포시 남원읍 신례리 산 2-1,노루떼가 뛰어노는 모습이 한 폭의 그림 같은 곳,33.371944,126.570915,064-710-7826,region2,서귀포시,25,남원,사라오름,2019022587917,https://api.cdn.visitjeju.net/photomng/imgpath/202111/10/088edd31-403a-4eca-a0ee-3327c32ce43a.jpg,https://api.cdn.visitjeju.net/photomng/thumbnailpath/202111/10/3b72914a-8a8f-4a2a-9139-82cabebbb1b9.jpg,"['오름', '걷기/등산', '커플', '겨울', '자연경관', '도보여행', '도보', '한라산', '언택트']"
CONT_000000000500279,사려니오름,제주특별자치도 서귀포시 남원읍 516로 1648-87,볼록한 제주 오름들이 한눈에 보이는 사려니오름,33.3350665992182,126.6432355849854, 064-730-7272,region2,서귀포시,25,남원,Saryeoni Oreum Volcanic Cone (Taepraengi Oreum Volcanic Cone),18160,https://api.cdn.visitjeju.net/photomng/imgpath/201804/30/cd21b3f1-1e1a-4168-b325-2e344c5791d9.jpg,https://api.cdn.visitjeju.net/photomng/thumbnailpath/201804/30/3b77ea2e-ce66-4990-9a93-a366d711cffe.jpg,"['오름', '걷기/등산', '커플', '흐림', '봄', '자연경관', '도보여행', '도보', '단풍']"
CONT_000000000500285,산방산,제주특별자치도 서귀포시 안덕면 사계리 산 16,"설문대할망이 한라산 꼭대기를 뽑아 던져놓았다는 산방산 
· 명승 제77호
· 천연기념물 제376호
· 올레10코스",33.236614,126.31289,064-794-2940,region2,서귀포시,23,안덕,산방산,2019022643119,https://api.cdn.visitjeju.net/photomng/imgpath/202410/16/c2172c06-dda2-4f16-ae3f-a2314b6f9f05.jpg,https://api.cdn.visitjeju.net/photomng/thumbnailpath/202410/16/5eedc065-a33e-4729-89c9-776c52af62c0.jpg,"['제주도여행', ' 제주서쪽가볼만한곳', ' 지질트레일', ' 서귀포', ' 제주도볼거리', ' 트래킹', ' 등산로', ' 제주자연', '공용주차장', '장애인 화장실', '장애인 전용 주차장', '아주 어려움']"
CONT_000000000500288,산방산탄산온천,제주특별자치도 서귀포시 안덕면 사계북로 41번길 192,"제주 유일, 국내 최고의 탄산온천, 제주 산방산탄산온천",33.248665,126.29896,064-792-8300,region2,서귀포시,23,안덕,산방산탄산온천,2019022590520,https://api.cdn.visitjeju.net/photomng/imgpath/202111/19/07c8d978-3c3c-49e1-9ae5-9b4b7a92ab61.jpg,https://api.cdn.visitjeju.net/photomng/thumbnailpath/202111/19/bfe1ec5a-970c-416a-8336-72f89b7e723d.jpg,"['실내', '휴식/힐링', '부모', '아이', '흐림', '겨울', '자연경관', '실내관광지', '어린이', '어트랙션']"
CONT_000000000500290,산지등대,제주특별자치도 제주시 사라봉동길 108-1 (건입동),오랜 역사를 지니고 있는 제주의 대표 등대 중 하나,33.52147,126.54543,064-720-2672,region1,제주시,11,제주시내,산지등대,2019022593297,https://api.cdn.visitjeju.net/photomng/imgpath/202112/07/272be9bc-ac7c-41ea-9f8d-aa715205799f.jpg,https://api.cdn.visitjeju.net/photomng/thumbnailpath/202112/07/7a1cf260-a02d-43b0-9689-f22e34fe5ed8.jpg,"['등대', '일몰', '경관/포토', '친구', '맑음', '가을', '포토스팟', '공용주차장', '유도 및 안내시설', '아주 어려움']"
CONT_000000000500292,산천단,제주특별자치도 제주시 아라일동 375-4,우리나라에서 가장 오래된 노목인 곰솔과 함께한 산천단의 역사,33.44791,126.552986,064-710-6652,region1,제주시,11,제주시내,Sancheondan Altar,18237,https://api.cdn.visitjeju.net/photomng/imgpath/201804/30/8f563396-883f-4572-8eb2-2d71d6ad2b4c.jpg,https://api.cdn.visitjeju.net/photomng/thumbnailpath/201804/30/e65859f4-e635-4715-80ba-02b344deca40.jpg,"['휴식/힐링', '문화유적지', '사계절', '자연경관', '역사유적', '공용주차장', '화장실', '편의점', '음료대', '유도 및 안내시설', '아주 어려움']"
CONT_000000000500293,산천단곰솔,제주특별자치도 제주시 516로 3041-24,"여덟그루의 곰솔과 제단, 제주시 숨은 비경",33.4474924,126.5550308,064-710-6655,region1,제주시,11,제주시내,산천단곰솔,2019022595313,https://api.cdn.visitjeju.net/photomng/imgpath/202112/23/7134beae-bcaa-4da6-8fb9-2576c5d26f06.jpg,https://api.cdn.visitjeju.net/photomng/thumbnailpath/202112/23/fc5d258b-5ee0-42e0-90eb-75731034f8ad.jpg,"['부모', '커플', '혼자', '친구', '휴식/힐링', '공용주차장', '화장실', '편의점', '음료대', '유도 및 안내시설', '아주 어려움', '자연경관']"
CONT_000000000500295,삼각봉,제주특별자치도 제주시 1100로 2070-61,한라산 관음사 코스 중 유난히 신비스러운 삼각봉,33.3616666,126.5291666,064-710-7826,region1,제주시,11,제주시내,Samgakbong Peak,18258,https://api.cdn.visitjeju.net/photomng/imgpath/201804/30/47944e62-f36d-4ef1-ac1e-d63f1ddd1851.gif,https://api.cdn.visitjeju.net/photomng/thumbnailpath/201804/30/7780d8b2-524c-4c75-9d36-4a0665a8cfe1.gif,"['부모', '커플', '혼자', '친구', '경관/포토', '오름', '사계절', '자연경관', '포토스팟']"
CONT_000000000500297,삼매봉,제주특별자치도 서귀포시 남성로115번길 83,외돌개 앞에 위치한 작은 오름,33.2639577,126.5507293,064-760-3193,region2,서귀포시,21,서귀포시내,삼매봉,2019022595337,https://api.cdn.visitjeju.net/photomng/imgpath/202112/23/e0ca782d-df62-4b58-bda3-e16920b10611.JPG,https://api.cdn.visitjeju.net/photomng/thumbnailpath/202112/23/0bcde1a9-9250-48a4-b73f-afcfe54a0e6e.JPG,"['부모', '커플', '혼자', '친구', '맑음', '아이', '경관/포토', '휴식/힐링', '오름', '사계절', '자연경관', '포토스팟', '어린이', '공용주차장', '화장실', '편의점', '음료대']"
CONT_000000000500300,삼성혈,제주특별자치도 제주시 삼성로 22,"제주도에서 가장 유명한 신화 중 하나가 삼신인(三神人) 신화이다. 신화에 따르면 탐라(제주도의 옛 지명)에 아직 사람이 살고 있지 않던 시기, 신성한 한라산의 기운이 내린 곳에 삼신인이 땅에서 솟아났다고 한다. 전설적인 신화의 흔적이 삼성혈(三姓穴)에 남아 있다. ",33.504166,126.5288,064-722-3315,region1,제주시,11,제주시내,Samseonghyeol Shrine,18272,https://api.cdn.visitjeju.net/photomng/imgpath/201804/30/71db4312-7faa-412e-a815-417405350a69.jpg,https://api.cdn.visitjeju.net/photomng/thumbnailpath/201804/30/068efab1-4eaf-4b14-ab81-f43ef586fb72.jpg,"['문화유적지', '부모', '맑음', '우수관광사업체', '자연경관', '문화관광', '역사유적', '봄꽃', '벚꽃', '무장애관광', '현금결제', '카드결제', '화장실', '무료 WIFI', '편의점', '음료대', '유도 및 안내시설', '경보 및 피난시설', '단독접근가능', '단차없음', '저상버스 접근 가능', '장애인 화장실', '장애인 전용 주차장', '수동 휠체어 대여 가능', '쉬움', '실외', '하', '공연/전시', '1시간 미만']"
CONT_000000000500309,새별오름,제주특별자치도 제주시 애월읍 봉성리 산 59-8,제주 서부 애월에 위치해 있으며 억새가 아름다운 오름,33.36723,126.35711,064-728-2753/064-728-2762,region1,제주시,12,애월,새별오름,2019022643576,https://api.cdn.visitjeju.net/photomng/imgpath/202410/21/dd229994-9625-44a2-985c-f710bca7f286.jpg,https://api.cdn.visitjeju.net/photomng/thumbnailpath/202410/21/2a2a3ba3-e7c4-49f5-9409-da274ca547cb.jpg,"['제주가볼만한곳', ' 제주오름', ' 제주산책', ' 억새', ' 애월', ' 제주가을', ' 초보자', ' 탐방로', ' 반려동물', ' 반려동물동반입장', ' 혼저옵서개', ' 반려동물동반_자연', '공용주차장', '화장실', '유도 및 안내시설', '아주 어려움', '실외', '1시간 미만']"
CONT_000000000500316,서건도,제주특별자치도 서귀포시 강정동 산 1,"바다 걸어서 섬까지, 제주도에 있는 모세의 기적으로 제주의 숨은 명소.",33.23007,126.49852,064-760-2674,region2,서귀포시,21,서귀포시내,Seogeondo Island,18360,https://api.cdn.visitjeju.net/photomng/imgpath/201804/30/3ae2ce08-1b6d-4646-91c8-b93a520a455f.jpg,https://api.cdn.visitjeju.net/photomng/thumbnailpath/201804/30/f5e10188-a1a1-4cf1-806a-03cc4dcce5b2.jpg,"['경관/포토', '휴식/힐링', '공용주차장', '유도 및 안내시설', '아주 어려움', '자연경관', '포토스팟', '언택트']"
CONT_000000000500330,서귀포천문과학문화관,제주특별자치도 서귀포시 1100로 506-1,제주도내 최초 천문우주 관련 과학관,33.28769,126.46199,064-739-9701,region2,서귀포시,21,서귀포시내,서귀포천문과학문화관[시범개방중],2019022573264,https://api.cdn.visitjeju.net/photomng/imgpath/202008/28/4797c592-4502-4298-ac25-31d68b58400f.JPG,https://api.cdn.visitjeju.net/photomng/thumbnailpath/202008/28/a0c896b5-8bfe-4ae1-bb55-97e57b7887ab.JPG,"['밤', '실내', '미술/박물관', '겨울', '실내관광지', '어트랙션', '공영관광지', '공용주차장', '현금결제', '카드결제', '화장실', '음료대', '유도 및 안내시설', '경보 및 피난시설', '아주 어려움', '공연/전시', '1시간 미만']"
CONT_000000000500331,서귀포해안,제주특별자치도 서귀포시 서호동,서귀포시 호근동 일대에 펼쳐진 해안경승지,33.23262984674832,126.49828110991211,064-760-2772,region2,서귀포시,21,서귀포시내,서귀포해안,2019022589993,https://api.cdn.visitjeju.net/photomng/imgpath/202111/17/e6e2895e-9073-4a46-956f-2e2e3a88e1d0.jpg,https://api.cdn.visitjeju.net/photomng/thumbnailpath/202111/17/41495004-c126-47a4-8914-0dc1d3e4407b.jpg,"['커플', '친구', '맑음', '휴식/힐링', '해변', '공용주차장', '화장실', '음료대', '유도 및 안내시설', '아주 어려움', '자연경관']"
CONT_000000000500333,서복전시관,제주특별자치도 서귀포시 칠십리로 156-8,진시황의 불로장생의 꿈인 불로초를 찾아 제주도에 온 것으로 전해지는 서복(徐福)을 기념하는 전시관,33.2448641,126.5706551,064-760-6361,region2,서귀포시,21,서귀포시내,서복전시관,2019022595428,https://api.cdn.visitjeju.net/photomng/imgpath/202112/23/968cc936-9abe-4648-8a7b-d12fd67f2b06.JPG,https://api.cdn.visitjeju.net/photomng/thumbnailpath/202112/23/4516dfa4-ec70-4f42-a9c9-ce8bcd7fbc09.JPG,"['실내', '미술/박물관', '사계절', '어트랙션', '무장애관광', '공영관광지', '공용주차장', '화장실', '유도 및 안내시설', '경보 및 피난시설', '단독접근가능', '단차없음', '장애인 화장실', '장애인 전용 주차장', '어려움', '실내+실외', '하', '공연/전시', '공원산책', '1시간 미만']"
CONT_000000000500335,서우봉,제주특별자치도 제주시 조천읍 함덕리 169-1,푸른 바다와 예쁜 유채꽃밭이 어우러진 멋진 풍경이 있는 곳,33.5344076,126.63424550000002,,region1,제주시,15,조천,서우봉,2018052301822,https://api.cdn.visitjeju.net/photomng/imgpath/201807/09/bccbe406-82e1-4858-b5d5-05743df44d9c.JPG,https://api.cdn.visitjeju.net/photomng/thumbnailpath/201807/09/44e6831f-d009-48bd-9ace-34375b775c44.JPG,"['맑음', '봄', '걷기/등산', '유채꽃', '오름', '코스모스', '자연경관', '봄꽃', '반려동물동반_오름', '반려동물', '반려동물동반입장', '혼저옵서개', '반려동물동반_자연', '2022_마을산책_봄', 'Moment_봄']"
CONT_000000000500336,제주아트서커스,제주특별자치도 서귀포시 안덕면 동광로 214,국내 최초로 선보이는 7인 여전사 오토바이쇼,33.313927,126.34488,064-794-4444,region2,서귀포시,23,안덕,서커스월드공연장,2019022592467,https://api.cdn.visitjeju.net/photomng/imgpath/202112/02/0bf4675c-1d69-41a3-9594-dd6c5fe70a5a.jpg,https://api.cdn.visitjeju.net/photomng/thumbnailpath/202112/02/04f62f4a-a370-4517-a0ec-0447b38e8e0a.jpg,"['공연', ' 극장', '  서커스', ' 스쿠터', ' 코끼리쇼', ' 실내관광', ' 제주도실내관광지', ' 제주도여행지', ' 서귀포여행지', '공용주차장', '현금결제', '카드결제', '화장실', '무료 WIFI', '편의점', '음료대', '유도 및 안내시설', '경보 및 피난시설', '단독접근가능', '단차없음', '장애인 화장실', '장애인 전용 주차장', '쉬움', '실내', '하', '공연/전시', '1~2시간']"
CONT_000000000500337,제주 숨도,제주특별자치도 서귀포시 일주동로 8941 (호근동),용암의 신비를 담은 예술 정원,33.250103,126.53654,064-739-5588,region2,서귀포시,21,서귀포시내,석부작박물관,2019022594186,https://api.cdn.visitjeju.net/photomng/imgpath/202112/13/cb11d55b-0162-44df-bc5c-10c5ff19a2a2.JPG,https://api.cdn.visitjeju.net/photomng/thumbnailpath/202112/13/fa57d032-e5fd-4ca4-be56-122e6133e054.JPG,"['테마공원', '비.눈', '흐림', '사계절', '실내관광지', '문화관광', '박물관', '언택트', '어트랙션', '우수관광사업체', '반려동물', '반려동물동반입장', '혼저옵서개', '반려동물동반_관광지', '공용주차장', '현금결제', '카드결제', '화장실', '무료 WIFI', '편의점', '음료대', '유도 및 안내시설', '경보 및 피난시설', '아주 어려움']"
CONT_000000000500344,섯알오름,제주특별자치도 서귀포시 대정읍 상모리 1618,역사의 아픔을 간직한곳,33.20450505762628,126.28167600000006,,region2,서귀포시,22,대정,섯알오름,2019022559509,https://api.cdn.visitjeju.net/photomng/imgpath/201908/09/fac531a3-7e22-4230-a9e2-29dac004a002.jpg,https://api.cdn.visitjeju.net/photomng/thumbnailpath/201908/09/d1f2b53d-5247-4ed8-a694-7a31370e5d5c.jpg,"['부모', '커플', '혼자', '친구', '아이', '오름', '4.3', '자연경관', '제주4.3', '역사유적', '도보여행', '도보', '어린이']"
CONT_000000000500345,성널오름 (성판악),제주특별자치도 서귀포시 남원읍 신례리,널판지로 성을 쌓은것 처럼 보이는 바위 절벽,33.37372,126.59245,064-710-7826,region2,서귀포시,25,남원,성널오름 (성판악),2019022558371,https://api.cdn.visitjeju.net/photomng/imgpath/201907/26/1c04315e-d3a4-4d31-8ed4-fdc016116a53.jpg,https://api.cdn.visitjeju.net/photomng/thumbnailpath/201907/26/544500dc-1c64-4065-bdf9-92d0ac31179b.jpg,"['오름', '걷기/등산', '봄', '자연경관', '도보여행', '도보', '한라산', '언택트']"
CONT_000000000500346,성불오름,제주 제주시 구좌읍 중산간동로 2532,삼나무와 편백나무가 우거진 오름,33.42295,126.74975,,region1,제주시,16,구좌,성불오름,2019022558435,https://api.cdn.visitjeju.net/photomng/imgpath/201907/26/44288dfd-8496-4e9e-bcc5-9d277469b6c7.jpg,https://api.cdn.visitjeju.net/photomng/thumbnailpath/201907/26/9f2c439f-e804-48c0-9d59-868b6d65b305.jpg,"['부모', '커플', '혼자', '친구', '아이', '오름', '자연경관', '도보여행', '도보', '어린이', '아주 어려움']"
CONT_000000000500351,성읍민속마을,제주특별자치도 서귀포시 표선면 성읍정의현로 30,문화유산과 조화롭게 살아가는 성읍주민들의 모습에서 제주의 옛모습을 엿보다,33.3850547,126.8015662,064-710-6797,region2,서귀포시,26,표선,성읍민속마을,2019022639966,https://api.cdn.visitjeju.net/photomng/imgpath/202409/06/840e4c6b-c729-488b-bc2c-2bb946f85677.png,https://api.cdn.visitjeju.net/photomng/thumbnailpath/202409/06/c21dcb87-742f-443b-a0a6-08bf488eab6d.png,"['제주도여행', ' 제주도동쪽코스', ' 전통체험', ' 향토음식', ' 실외관광지', ' 문화체험', ' 문화유적', ' 세계문화유산', '공용주차장', '화장실', '무료 WIFI', '편의점', '경보 및 피난시설', '단독접근가능', '단차없음', '장애인 화장실', '장애인 전용 주차장', '어려움', '실외', '하', '공연/전시', '포토스팟', '1~2시간']"
CONT_000000000500355,세계자동차 & 피아노박물관,제주특별자치도 서귀포시 안덕면 중산간서로 1610,"인간이 만든 가장 위대한 발명품인 역동적인 자동차와 인간의 감성을 가장 잘 표현해주는 악기. 예술의 상징 피아노의 역사와 문화의 모든 것 
",33.283195,126.34977,064-792-3000,region2,서귀포시,23,안덕,세계자동차 & 피아노박물관,2019022602471,https://api.cdn.visitjeju.net/photomng/imgpath/202207/06/335554bd-1dcf-4580-8b50-8d4452a41e35.jpg,https://api.cdn.visitjeju.net/photomng/thumbnailpath/202207/06/4ec316ab-dda3-4832-9c72-44cd56a5e64d.jpg,"['실내', '미술/박물관', '아이', '비.눈', '사계절', '실내관광지', '문화관광', '박물관', '어트랙션', '안전여행스탬프', '무장애관광', '공용주차장', '현금결제', '카드결제', '화장실', '흡연구역', '음료대', '유도 및 안내시설', '단독접근가능', '단차없음', '시각장애인 접근성', '장애인 화장실', '장애인 전용 주차장', '수동 휠체어 대여 가능', '쉬움', '하', '공연/전시', '1~2시간']"
CONT_000000000500361,세화해변,제주특별자치도 제주시 구좌읍 해녀박물관길 27,인생 사진을 남길 수 있는 인생 바다,33.52530490304795,126.86127604404146,064-728-7783,region1,제주시,16,구좌,세화해변,2019022636729,https://api.cdn.visitjeju.net/photomng/imgpath/202407/24/1618588d-74d2-49e3-a527-d2637b6ca018.jpg,https://api.cdn.visitjeju.net/photomng/thumbnailpath/202407/24/26a940f4-8517-437c-bef2-88be65dfd157.jpg,"['제주', '제주바다', '해수욕장', '해변', '세화해수욕장', '세화해변', '제주해변', '토끼섬', '제주해수욕장', '가족', '공용주차장', '화장실', '편의점', '음료대', '유도 및 안내시설', '아주 어려움', '실외', '물놀이', ' 해변', ' 일광욕']"
CONT_000000000500362,세화해안도로,제주특별자치도 제주시 구좌읍 구좌로,아기자기함과 아름다움에 탄성이 나오는 해안도로,33.527126,126.88261,064-728-3394,region1,제주시,16,구좌,세화해안도로,2019022590550,https://api.cdn.visitjeju.net/photomng/imgpath/202111/22/45a7db18-0d54-479f-8bd0-4bcec1e78f68.jpg,https://api.cdn.visitjeju.net/photomng/thumbnailpath/202111/22/695f6c39-8f1b-4b5f-ae05-486f53d2d494.jpg,"['해변', '드라이브', '커플', '맑음', '여름', '공용주차장', '화장실', '편의점', '음료대', '유도 및 안내시설', '아주 어려움']"
CONT_000000000500372,소인국테마파크,제주특별자치도 서귀포시 안덕면 화순서동로 347,돌하루방 가족의 정원! 디오라마 전시관을 관람하며 캐릭터 정원을 지나 무료로 운행되는 통통열차 탑승,33.28166,126.3312397,064-794-5400,region2,서귀포시,23,안덕,소인국테마파크,2019022651332,https://api.cdn.visitjeju.net/photomng/imgpath/202505/13/e90e70ab-70a3-4ebe-9935-89b7cb7a328b.jpg,https://api.cdn.visitjeju.net/photomng/thumbnailpath/202505/13/212084db-c33c-4a16-85d5-8afbd8cb4e77.jpg,"['테마공원', '아이', '봄', '실내관광지', '어린이', '어트랙션', '반려동물', '반려동물동반입장', '혼저옵서개', '반려동물동반_관광지', '무장애관광', '우수관광사업체', '공용주차장', '현금결제', '카드결제', '화장실', '편의점', '음료대', '유도 및 안내시설', '경보 및 피난시설', '단독접근가능', '단차없음', '장애인 화장실', '장애인 전용 주차장', '어려움', '실내+실외', '하', '공연/전시', '기타', '1시간 미만']"
CONT_000000000500373,소정방폭포,제주특별자치도 서귀포시 칠십리로214번길 17-17,국내 유일의 해안 폭포,33.24507449653245,126.57749384028932,,region2,서귀포시,21,서귀포시내,Sojeongbang Falls,18641,https://api.cdn.visitjeju.net/photomng/imgpath/201804/30/fec4430a-317a-4cb4-bd20-9fba73026012.jpg,https://api.cdn.visitjeju.net/photomng/thumbnailpath/201804/30/45d0c99f-3064-48a0-aff6-251051b02d40.jpg,"['부모', '커플', '친구', '아이', '맑음', '경관/포토', '폭포', '자연경관', '포토스팟', '어린이', '공용주차장', '유도 및 안내시설']"
CONT_000000000500376,송당본향당,제주특별자치도 제주시 구좌읍 송당리,제주 민간신앙의 자취를 확인할 수 있는 송당본향당,33.45618,126.76734,064-783-4093,region1,제주시,16,구좌,Songdang Bonhyangdang Shrine,18676,https://api.cdn.visitjeju.net/photomng/imgpath/201804/30/7c4987a6-d528-40fc-840b-c1877e7e07fa.jpg,https://api.cdn.visitjeju.net/photomng/thumbnailpath/201804/30/daa8b1e3-f710-4869-9b0b-9f4cb658def4.jpg,"['부모', '커플', '혼자', '친구', '아이', '문화유적지', '자연경관', '문화관광', '역사유적', '어린이', '공용주차장', '유도 및 안내시설', '아주 어려움', '2023_관광10선_봄', 'Moment_봄']"
CONT_000000000500378,송악산,제주특별자치도 서귀포시 대정읍 상모리 179-4,서남부의 절경을 선사하는 산방산의 이웃산,33.2077419,126.2909048,064-760-2917,region2,서귀포시,22,대정,송악산,2019022573129,https://api.cdn.visitjeju.net/photomng/imgpath/202008/21/a8ee7cef-10ef-42a1-b1f7-d5730021f0dc.jpg,https://api.cdn.visitjeju.net/photomng/thumbnailpath/202008/21/c0635c84-2f2a-4681-823f-c21203ae28d3.jpg,"['일몰', '일출', '산', '해변', '걷기/등산', '친구', '커플', '맑음', '가을', '자연경관', '수국', '무장애관광', '공영관광지', '공용주차장', '화장실', '편의점', '음료대', '유도 및 안내시설', '장애인 전용 주차장', '아주 어려움', '실외', '상', '등산', '1~2시간']"
CONT_000000000500379,송악산 진지동굴,제주특별자치도 서귀포시 대정읍 상모리,전쟁의 상처를 간직한 일제 동굴진지,33.19995931177139,126.29322692818596,064-710-6704,region2,서귀포시,22,대정,송악산 진지동굴,2019022593477,https://api.cdn.visitjeju.net/photomng/imgpath/202112/07/4891ca3d-df51-43ff-935c-5c5e20240370.jpg,https://api.cdn.visitjeju.net/photomng/thumbnailpath/202112/07/b2b36cbf-5347-4237-8ab1-ccb6198b55c3.jpg,"['부모', '커플', '혼자', '친구', '아이', '문화유적지', '동굴', '자연경관', '문화관광', '역사유적', '어린이', '유도 및 안내시설', '아주 어려움']"
CONT_000000000500385,쇠소깍해변,제주특별자치도 서귀포시 하효동,효돈천과 검은모래 해변이 만나는 곳,33.25114,126.62344,064-760-2772,region2,서귀포시,21,서귀포시내,Soesokkak Estuary,18739,https://api.cdn.visitjeju.net/photomng/imgpath/201804/30/8785871d-7aa0-48c6-bf3f-8b65a6105495.jpg,https://api.cdn.visitjeju.net/photomng/thumbnailpath/201804/30/4c97d5f8-4397-4b96-a34c-d8cfe6b6637a.jpg,"['해변', '경관/포토', '커플', '맑음', '여름', '자연경관', '포토스팟']"
CONT_000000000500386,수목원테마파크,제주특별자치도 제주시 은수길 69,"제주아이스뮤지엄, 3D 착시아트, 5D 영상관 등의 독특한 테마를 볼 수 있는 실내 관광지",33.4705937,126.4883601,064-742-3700,region1,제주시,11,제주시내,Jeju arboretum Thema Park,18749,https://api.cdn.visitjeju.net/photomng/imgpath/201804/30/9bf34a74-0bd5-4394-95be-c088b44805c6.jpg,https://api.cdn.visitjeju.net/photomng/thumbnailpath/201804/30/ec2eb438-81f2-48d0-84c2-79ae9b1c69ee.jpg,"['제주도여행', ' 제주도놀거리', ' 제주체험', ' 테마파크', ' 한라수목원', ' 실내관광지', ' 어린이', ' 야시장', '공용주차장', '현금결제', '카드결제', '화장실', '무료 WIFI', '편의점', '유도 및 안내시설', '경보 및 피난시설', '엘리베이터', '장애인 화장실', '승강기', '장애인 전용 주차장', '수동 휠체어 대여 가능', '쉬움', '1~2시간']"
CONT_000000000500388,수월봉 지질트레일,제주특별자치도 제주시 한경면 노을해안로 1013-70,오누이의 효심이 담긴 이야기가 있는 지질트레일,33.293736,126.16281,064-772-3334,region1,제주시,14,한경,수월봉 지질트레일,2019022586600,https://api.cdn.visitjeju.net/photomng/imgpath/202111/03/53190c82-4ef7-4950-951d-aa591ae17b73.jpg,https://api.cdn.visitjeju.net/photomng/thumbnailpath/202111/03/426006df-0cf6-4581-8ef7-1c43be79b1e8.jpg,"['지질트레일', '걷기/등산', '친구', '맑음', '가을', '화장실', '편의점', '저상버스 접근 가능', '장애인 화장실', '아주 어려움', 'UNESCO 세계지질공원', '지오브랜드', '자연경관', '언택트', '유네스코', '무장애관광']"
CONT_000000000500390,쉬리의언덕,제주특별자치도 서귀포시 중문관광로72번길 114,쉬리의 마지막 장면 속으로,33.244597,126.406077,064-735-5114,region2,서귀포시,24,중문,쉬리의언덕,2019022643607,https://api.cdn.visitjeju.net/photomng/imgpath/202410/21/f375a8c1-61d3-4cdd-810b-5c14e0e6fe18.jpg,https://api.cdn.visitjeju.net/photomng/thumbnailpath/202410/21/f655e025-fabc-4d79-a395-cc003b54caff.jpg,"['제주여행', ' 제주도서귀포가볼만한곳', ' 영화촬영지', ' 쉬리', ' 중문관광단지', ' 제주자연', ' 산책로', ' 코스모스', '아주 어려움']"
CONT_000000000500403,신창~차귀해안도로,제주특별자치도 제주시 한경면 한경해안로 470,붉은 낙조에 물든 해안을 볼수 있는 제주 일몰명소,33.33567,126.16328,--,region1,제주시,14,한경,Sinchang - Chagwi Coastal Road,18826,https://api.cdn.visitjeju.net/photomng/imgpath/201804/30/16e93d32-005e-48c0-a4f0-896c16e2c9e6.jpg,https://api.cdn.visitjeju.net/photomng/thumbnailpath/201804/30/8d283833-b6a4-42ac-a7d5-67b7351a6c5a.jpg,"['일몰', '드라이브', '커플', '맑음', '가을', '화장실', '편의점', '음료대', '유도 및 안내시설', '단독접근가능', '단차없음', '쉬움', '자연경관', '무장애관광']"
CONT_000000000500405,쌍용굴(한림공원),제주특별자치도 제주시 한림읍 한림로 300,한림공원 내에 위치한 두 마리의 용이 빠져 나온 것 같다고 하여 이름 붙여진 쌍용굴,33.3894949,126.2396825,064-796-0001,region1,제주시,13,한림,쌍용굴(한림공원),2019022553525,https://api.cdn.visitjeju.net/photomng/imgpath/201903/27/c2d75ff6-4d04-4017-85ec-e28fa341d7a0.jpg,https://api.cdn.visitjeju.net/photomng/thumbnailpath/201903/27/c4d39dd8-f02c-454e-b77a-6b40fb74155a.jpg,"['동굴', '경관/포토', '부모', '흐림', '여름', '자연경관', '포토스팟', '무장애관광', '공용주차장', '현금결제', '카드결제', '화장실', '무료 WIFI', '흡연구역', '편의점', '음료대', '유도 및 안내시설', '경보 및 피난시설', '장애인 화장실', '장애인 전용 주차장', '아주 어려움']"
CONT_000000000500406,아끈다랑쉬,제주특별자치도 제주시 구좌읍 세화리 2593,낮고 평탄해. 산책하기 좋은 가을억새오름,33.47431258110307,126.83114941586916,,region1,제주시,16,구좌,아끈다랑쉬,2019022643267,https://api.cdn.visitjeju.net/photomng/imgpath/202410/17/047feb01-61eb-4a93-88a2-c534ffb36bd3.jpg,https://api.cdn.visitjeju.net/photomng/thumbnailpath/202410/17/e1d8d23a-0ce6-4d9e-83a9-41dcf06fdfbf.jpg,"['제주도관광', ' 제주동쪽코스', ' 제주억새', ' 제주오름', ' 오름추천', ' 트래킹', ' 산책로', ' 다랑쉬오름', '공용주차장', '실외', '상', '1~2시간']"
CONT_000000000500407,아부오름,제주특별자치도 제주시 구좌읍 송당리 산 164-1,제주의 오름을 좀 더 가깝게 느낄 수 있는 아부오름,33.44878,126.7774,,region1,제주시,16,구좌,아부오름,2019022559761,https://api.cdn.visitjeju.net/photomng/imgpath/201908/16/b7b0e09e-0724-4c47-a904-2d92428714a1.jpg,https://api.cdn.visitjeju.net/photomng/thumbnailpath/201908/16/46a61de4-e102-4ea3-ba81-b4ca60f0bef7.jpg,"['커플', '친구', '맑음', '오름', '가을', '봄', '자연경관', '도보여행', '도보', '반려동물동반_오름', '반려동물', '반려동물동반입장', '혼저옵서개', '반려동물동반_자연']"
CONT_000000000500409,아프리카박물관,제주특별자치도 서귀포시 이어도로 49,"아프리카박물관은 아름다운 제주를 찾는 국내외 많은 관광객들에게 아프리카 문화를 보다 폭넓게 알리기 위하여 제주 중문관광단지에 그 터를 잡고 있다. 아프리카에 대한 잘못된 인식과 선입견을 바로 잡을 수 있는 방향을 제시하고, 아프리카 생활과 문화를 간접적으로나마 체험할 수 있는 문화공간이다.",33.23984,126.429146,064-738-6090,region2,서귀포시,24,중문,아프리카박물관,2019022601124,https://api.cdn.visitjeju.net/photomng/imgpath/202205/30/f3c1978d-eaf6-4d6e-a5d8-81f7889caaee.jpg,https://api.cdn.visitjeju.net/photomng/thumbnailpath/202205/30/58846e65-cc6c-47b1-93db-05fcf1c0f4f5.jpg,"['실내', '미술/박물관', '아이', '비.눈', '겨울', '실내관광지', '문화관광', '박물관', '어트랙션', '안전여행스탬프', '무장애관광', '공용주차장', '현금결제', '카드결제', '화장실', '무료 WIFI', '음료대', '유도 및 안내시설', '경보 및 피난시설', '엘리베이터', '단독접근가능', '단차없음', '저상버스 접근 가능', '장애인 화장실', '승강기', '장애인 전용 주차장', '수동 휠체어 대여 가능', '쉬움', '실내+실외', '하', '공연/전시', '1~2시간']"
CONT_000000000500417,알뜨르비행장,제주특별자치도 서귀포시 대정읍 상모리 1670,아름답고 드넓은 벌판에서 일어났던 숨은 역사의 현장을 배우고 느껴보자,33.20444355087177,126.27283151849363,064-710-6708,region2,서귀포시,22,대정,알뜨르비행장,2019022641429,https://api.cdn.visitjeju.net/photomng/imgpath/202409/25/41829f12-b41b-4a52-8a36-358e56962b5a.jpg,https://api.cdn.visitjeju.net/photomng/thumbnailpath/202409/25/2aebb556-fbd1-4e4a-8f38-29bbb18eacf1.jpg,"['제주도여행', ' 제주서귀포가볼만한곳', ' 다크투어리즘', ' 일제강점기', ' 유적지', '  예술작품', ' 비행기', ' 섯알오름', '유도 및 안내시설', '아주 어려움', '실외', '하', '1~2시간']"
CONT_000000000500425,애월해안도로,제주특별자치도 제주시 애월읍 애월해안로,"도보, 자전거, 자동차 뭐든 좋은 서부해안도로",33.47822,126.36656,064-728-3394,region1,제주시,12,애월,애월해안도로,2019022584519,https://api.cdn.visitjeju.net/photomng/imgpath/202110/25/acaf6312-55e6-4443-9a50-cdf8c68bf458.JPG,https://api.cdn.visitjeju.net/photomng/thumbnailpath/202110/25/08f0e41c-8741-4820-9969-77261804192d.JPG,"['일몰', '해변', '드라이브', '커플', '맑음', '여름', '공용주차장', '화장실', '편의점', '음료대', '유도 및 안내시설', '아주 어려움', '실외', ' 사이클', ' 산책', '자연경관']"
CONT_000000000500429,어승생,제주특별자치도 제주시 해안동 1100도로 555번지 (해안동 산220-12번지),죽기 전에 꼭 가봐야 할 국내 최고의 여행지,33.397373,126.49035,064-710-7826,region1,제주시,11,제주시내,Eoseungsaengak,18948,https://api.cdn.visitjeju.net/photomng/imgpath/201804/30/8245b749-c9f5-42f6-99b9-acd1f639722e.jpg,https://api.cdn.visitjeju.net/photomng/thumbnailpath/201804/30/7e746deb-5978-4aad-a11d-3415fc3a6a0b.jpg,"['산', '걷기/등산', '친구', '흐림', '자연경관', '한라산', '언택트']"
CONT_000000000500435,엉알해안,제주특별자치도 제주시 한경면 고산리 3427-33,해안절벽과 낙조가 아름다운 해안,33.299570222499305,126.16742442618101,,region1,제주시,14,한경,Eongal Coast ,18976,https://api.cdn.visitjeju.net/photomng/imgpath/201804/30/cb8bd9a4-d0fb-48cb-8083-a43b027dcf97.jpg,https://api.cdn.visitjeju.net/photomng/thumbnailpath/201804/30/dae3a088-7e97-4f4b-916d-ae257dc7393b.jpg,"['해변', '경관/포토', '커플', '맑음', '여름', '자연경관', '포토스팟', '아주 어려움']"
CONT_000000000500445,연화못,제주특별자치도 제주시 애월읍 고하상로,제주 서부의 숨은 비경 연화못,33.446693,126.35397,064-799-1598,region1,제주시,12,애월,Yeonhwamot Pond,19060,https://api.cdn.visitjeju.net/photomng/imgpath/201804/30/d30d5389-7bbe-48ea-a599-a2e6724733e7.jpg,https://api.cdn.visitjeju.net/photomng/thumbnailpath/201804/30/e2ca7f2f-5897-4e1f-97c8-e6979af785ae.jpg,"['휴식/힐링', '여름', '공용주차장', '음료대', '유도 및 안내시설', '아주 어려움', '자연경관']"
CONT_000000000500449,영주산,제주특별자치도 서귀포시 표선면 번영로,신선이 살았다는 영주산,33.405403,126.79736,,region2,서귀포시,26,표선,영주산,2019022636828,https://api.cdn.visitjeju.net/photomng/imgpath/202407/24/2c879c63-47d7-4a21-a228-464628dc3365.jfif,,"['오름', '제주', '제주도', '영주산', '동쪽오름', '제주오름', '표선오름', '산책', '제주관광', '제주여행', '실외', '중', '등산', '포토스팟']"
CONT_000000000500454,오백나한,제주특별자치도 서귀포시 영실로 245 (하원동),절벽위로 솟아난 돌기둥들이 마치 하늘로 승천하는 장군의 모습과 같다하여 오백나한이라고 불림,33.340366,126.480225,064-710-7826,region2,서귀포시,21,서귀포시내,Obaeknahan,19080,https://api.cdn.visitjeju.net/photomng/imgpath/201804/30/2ff30b16-fd30-4cb5-b9e9-f626648d9ab2.jpg,https://api.cdn.visitjeju.net/photomng/thumbnailpath/201804/30/95382381-c18f-4995-86eb-4cdc5c9f7082.jpg,"['계곡', '경관/포토', '자연경관', '포토스팟', '물놀이']"
CONT_000000000500459,오현단,제주특별자치도 제주시 오현길 61,"제주도 기념물 제1호, 조선시대 제주 교학 발전에 공헌한 다섯 분을 배향했던 옛 터",33.510136,126.52562,064-710-6702,region1,제주시,11,제주시내,Ohyeondan Altar,19098,https://api.cdn.visitjeju.net/photomng/imgpath/201804/30/762ce4a4-4a10-494f-868c-20f6d5b2d256.jpg,https://api.cdn.visitjeju.net/photomng/thumbnailpath/201804/30/2691b941-2800-4cb6-99b0-d1ddd4ba94c8.jpg,"['문화유적지', '흐림', '문화관광', '역사유적', '어트랙션', '유도 및 안내시설', '아주 어려움']"
CONT_000000000500465,퍼시픽 마리나 요트투어,제주특별자치도 서귀포시 중문관광로 154-17,중문 앞 제주바다에서 즐기는 호화로운 요트 투어,33.24392479999999,126.4163378,1544-2988,region2,서귀포시,24,중문,퍼시픽랜드 요트투어샹그릴라,2019022570353,https://api.cdn.visitjeju.net/photomng/imgpath/202004/22/10eef3cd-8c6b-4642-b054-3779a0cbd024.jpg,https://api.cdn.visitjeju.net/photomng/thumbnailpath/202004/22/4a1d9403-b21a-4d98-8a79-dec44bc891f4.jpg,"['액티비티', '부모', '아이', '맑음', '여름', '체험', '레저/체험', '어린이', '수상레저', '어트랙션', '공용주차장', '현금결제', '카드결제', '화장실', '편의점', '음료대', '유도 및 안내시설', '경보 및 피난시설', '실외', '중']"
CONT_000000000500467,용담레포츠공원,제주특별자치도 제주시 서해안로 580,편의시설과 체육시설이 잘 갖춰진 공원,33.517963,126.49961,064-728-4638,region1,제주시,11,제주시내,용담레포츠공원,2019022593532,https://api.cdn.visitjeju.net/photomng/imgpath/202112/08/02cadb7a-e2d4-4698-9dea-4e9e7fe17154.JPG,https://api.cdn.visitjeju.net/photomng/thumbnailpath/202112/08/ed6e7e03-b821-49db-96d6-0f069e1d5c29.JPG,"['해변', '액티비티', '친구', '맑음', '여름', '체험', '레저/체험', '어트랙션', '공용주차장', '화장실', '편의점', '음료대', '유도 및 안내시설', '아주 어려움']"
CONT_000000000500469,용두암,제주특별자치도 제주시 용두암길 15,"용이 승천하려다 뜻을 이루지 못했다는 전설을 담고 있는 곳
· 제주도기념물 제57호
· 올레17코스",33.5149624,126.5116869,064-728-3917,region1,제주시,11,제주시내,Yongduam Rock,19151,https://api.cdn.visitjeju.net/photomng/imgpath/201804/30/1ba2e146-ef7a-4281-b27a-2a474b5705d4.jpg,https://api.cdn.visitjeju.net/photomng/thumbnailpath/201804/30/39fa654e-5805-4d29-9dfc-e8950f29292a.jpg,"['공영관광지', '일출', '해변', '경관/포토', '맑음', '자연경관', '포토스팟', '무장애관광', '공용주차장', '화장실', '음료대', '장애인 화장실', '어려움', '실외', '상', '기타', '전망 관람', '1시간 미만']"
CONT_000000000500472,용연,제주특별자치도 제주시 흥운길 73,"용연을 잇는 다리, 용연구름다리
· 제주시 용담2동
· 제주도기념물 제57호
· 올레17코스",33.5152024,126.514026,064-728-3917,region1,제주시,11,제주시내,용연,2019022561078,https://api.cdn.visitjeju.net/photomng/imgpath/201908/28/92dcce7e-103b-4fb9-acc5-f9d8b128a102.gif,https://api.cdn.visitjeju.net/photomng/thumbnailpath/201908/28/256b5f0f-af80-45bb-9eab-1c124ba4bf37.gif,"['밤', '휴식/힐링', '맑음', '여름', '자연경관', '무장애관광', '공영관광지', '공용주차장', '화장실', '음료대', '단독접근가능', '단차없음', '장애인 화장실', '장애인 전용 주차장', '어려움']"
CONT_000000000500474,우도산호해변 홍조단괴 서빈백사,제주특별자치도 제주시 우도면 우도해안길 252,"세계적으로 드문 홍조단괴로 이뤄진 해변, 천연기념물 438호, 우도8경",33.5023047941127,126.94323412076267,064-728-3394,region3,섬 속의 섬,31,우도,우도산호해변 홍조단괴 서빈백사,2019022583798,https://api.cdn.visitjeju.net/photomng/imgpath/202110/21/cebd9b74-fd3f-432e-8bce-489b86eec5c5.JPG,https://api.cdn.visitjeju.net/photomng/thumbnailpath/202110/21/4ad079e6-6bf8-436b-95ef-799ae6f51507.JPG,"['일몰', '해변', '경관/포토', '커플', '맑음', '여름', '자연경관', '포토스팟', '공용주차장', '화장실', '편의점', '음료대', '아주 어려움']"
CONT_000000000500476,우도잠수함(제주씨월드),제주특별자치도 서귀포시 성산읍 성산등용로 130-21,제주도만의 자연적인 바닷속을 직접보고 느끼고 몸으로 체험을 할 수 있는 곳,33.47211,126.9332,064-784-2333,region2,서귀포시,17,성산,U-do submarine,19196,https://api.cdn.visitjeju.net/photomng/imgpath/201804/30/e5e692ca-c478-4d5a-815b-5da78ac66a7f.jpg,https://api.cdn.visitjeju.net/photomng/thumbnailpath/201804/30/1068e7da-0b15-46ed-94bb-aeed023d73f9.jpg,"['액티비티', '부모', '아이', '체험', '레저/체험', '어린이', '수상레저', '어트랙션', '현금결제', '카드결제', '화장실']"
CONT_000000000500492,월대천,제주특별자치도 제주시 월대6길 5,제주 도심 속 시원한 용천수가 흐르는 곳,33.4935086,126.43606160000002,064-728-4891,region1,제주시,11,제주시내,월대천,2018052302171,https://api.cdn.visitjeju.net/photomng/imgpath/201807/11/6f93e824-34f9-4c29-b09b-f4127cc60771.JPG,https://api.cdn.visitjeju.net/photomng/thumbnailpath/201807/11/0cbdbfe9-1bcb-4960-a7bc-290e54ff884f.JPG,"['아이', '휴식/힐링', '여름', '자연경관', '어린이', '실외']"
CONT_000000000500494,월령선인장군락지,제주특별자치도 제주시 한림읍 월령리 359-4,이국적인 분위기를 풍기는 선인장 군락지,33.377865,126.21586,,region1,제주시,13,한림,월령선인장군락지,2019022586281,https://api.cdn.visitjeju.net/photomng/imgpath/202111/02/e2f30ced-4f21-4d3e-afc9-0be5b523f6e3.JPG,https://api.cdn.visitjeju.net/photomng/thumbnailpath/202111/02/64b0bb58-add1-4d91-a29f-90cfb1901cd4.JPG,"['경관/포토', '커플', '맑음', '여름', '포토스팟']"
CONT_000000000500496,월정리해수욕장,제주특별자치도 제주시 구좌읍 월정리 33-3,"'달이 머물다 가는’ 제주도의 아름다운 해변, 월정리해수욕장",33.555809408904416,126.79662397696836,064-783-5798,region1,제주시,16,구좌,월정리해수욕장,2019022635057,https://api.cdn.visitjeju.net/photomng/imgpath/202407/10/0efd8c73-00f9-4b7c-9a4e-8534e3dcd35e.jpg,https://api.cdn.visitjeju.net/photomng/thumbnailpath/202407/10/6136a994-a08d-495a-a912-0a1e7b1171e8.jpg,"['제주', '제주바다', '월정리', '월정리해수욕장', '제주서핑', '제주도서핑', '월정리서핑', '해변', '바다', '공용주차장', '화장실', '편의점', '음료대', '유도 및 안내시설', '아주 어려움']"
CONT_000000000500497,유건에오름,제주특별자치도 서귀포시 성산읍 난산리 2302,북쪽과 서쪽의 봉우리가 이어져 1km의 능선을 이루고 있는 오름,33.413593,126.84679,064-782-1746,region2,서귀포시,17,성산,Ugeone Oreum Volcanic Cone,19288,https://api.cdn.visitjeju.net/photomng/imgpath/201804/30/41f004c3-afb6-450a-9848-8e76a26fcd55.jpg,https://api.cdn.visitjeju.net/photomng/thumbnailpath/201804/30/28a531ee-9f4e-440d-b572-1f9bc005c1da.jpg,"['오름', '걷기/등산', '자연경관', '도보여행', '도보']"
CONT_000000000500508,이중섭거주지,제주특별자치도 서귀포시 이중섭로 29,서귀포에서 피난생활을 하며 그림에 대한 열정을 불태웠던 천재화가 이중섭 거주지,33.2455319,126.564526,064-760-3567,region2,서귀포시,21,서귀포시내,이중섭거주지,2019022587446,https://api.cdn.visitjeju.net/photomng/imgpath/202111/08/711eb171-3b4a-4840-8987-dade1247ca2a.jpg,https://api.cdn.visitjeju.net/photomng/thumbnailpath/202111/08/6f686e94-d319-424b-9a10-691cd8e9f21a.jpg,"['문화유적지', '사계절', '문화관광', '역사유적', '공용주차장', '화장실', '편의점', '음료대', '유도 및 안내시설', '경보 및 피난시설', '아주 어려움']"
CONT_000000000500509,이중섭미술관,제주특별자치도 서귀포시 이중섭로 27-3,불운한 시대의 천재 화가 이중섭의 작품을 전시한 미술관,33.2459155,126.5649489,064-760-3567,region2,서귀포시,21,서귀포시내,이중섭미술관,2019022639923,https://api.cdn.visitjeju.net/photomng/imgpath/202409/06/eed44a97-f06d-4c3d-8014-65a3a01f45f0.jpg,https://api.cdn.visitjeju.net/photomng/thumbnailpath/202409/06/6cfc9d03-c741-409c-8f4f-b73f84e9e0a6.jpg,"['서귀포가볼만한곳', ' 제주실내가볼만한곳', ' 제주도전시회', ' 제주도볼거리', ' 미술관', ' 서귀포여행', ' 이중섭', ' 황소', '공용주차장', '현금결제', '카드결제', '화장실', '무료 WIFI', '유도 및 안내시설', '경보 및 피난시설', '단독접근가능', '단차없음', '장애인 화장실', '장애인 전용 주차장', '어려움', '실내', '공연/전시', '1시간 미만']"
CONT_000000000500516,"자배봉(자배오름,망오름)",제주특별자치도 서귀포시 남원읍  위미리 산 132-1,생태숲과 유적지를 가지고 있는 자배봉,33.30135289884803,126.67701386680905,,region2,서귀포시,25,남원,"Jabaebong Volcanic Cone (Jabae Oreum Volcanic Cone, Mang Oreum Volcanic Cone)",19378,https://api.cdn.visitjeju.net/photomng/imgpath/201804/30/8cc86f90-a532-47ca-8c95-129a2a2be5ec.jpg,https://api.cdn.visitjeju.net/photomng/thumbnailpath/201804/30/7e0ef659-1489-41c1-b540-2d8ab30d32f1.jpg,"['오름', '걷기/등산', '자연경관', '도보여행', '도보']"
CONT_000000000500522,종달리전망대,제주특별자치도 제주시 구좌읍 해맞이해안로 2196,제주의 자연이 마치 손에 잡힐 듯 한눈에 들어오는 종달리 전망대,33.50375,126.91271,064-728-3394,region1,제주시,16,구좌,종달리전망대,2019022592748,https://api.cdn.visitjeju.net/photomng/imgpath/202112/03/da546ac1-2a5d-40e6-bc65-8363d6b00058.jpg,https://api.cdn.visitjeju.net/photomng/thumbnailpath/202112/03/56bb7273-bd13-4864-b03d-ab3c6af536fa.jpg,"['일출', '해변', '경관/포토', '맑음', '자연경관', '포토스팟']"
CONT_000000000500524,절물오름(큰대나),제주특별자치도 제주시 명림로 584 일대,절물 약수터의 물이 용출되는 절물오름,33.433804,126.62747,064-721-7421,region1,제주시,11,제주시내,Jeolmul Oreum Volcanic Cone (Keundaena),19414,https://api.cdn.visitjeju.net/photomng/imgpath/201804/30/0a4318cb-b970-466a-87e1-203bef781edd.jpg,https://api.cdn.visitjeju.net/photomng/thumbnailpath/201804/30/02b70d8d-e445-4169-940c-01b05436885f.jpg,"['오름', '걷기/등산', '친구', '커플', '봄', '아주 어려움', '자연경관', '도보여행', '도보']"
CONT_000000000500526,절부암,제주특별자치도 제주시 한경면 용수3길 22,슬픈 이야기가 전해지는 제주기념물 제9호,33.32363760268729,126.16713180059435,064-710-6704,region1,제주시,14,한경,Jeolbuam Rock,19423,https://api.cdn.visitjeju.net/photomng/imgpath/201804/30/88c44134-1cf3-49f0-b1e8-b8f389672cf8.jpg,https://api.cdn.visitjeju.net/photomng/thumbnailpath/201804/30/d86d1c21-2225-462a-8237-d333a39f9a08.jpg,"['해변', '걷기/등산', '맑음', '공용주차장', '단차없음', '장애인 전용 주차장', '어려움', '자연경관', '무장애관광']"
CONT_000000000500527,점보빌리지,제주특별자치도 서귀포시 안덕면 평화로 319번길 31-11,제주속 작은 동남아 점보빌리지 코끼리테마쇼,33.275467,126.305115,064-792-1233,region2,서귀포시,23,안덕,점보빌리지,2019022589730,https://api.cdn.visitjeju.net/photomng/imgpath/202111/16/6d04e8eb-b47b-4e76-9d9d-56c290e678b2.gif,https://api.cdn.visitjeju.net/photomng/thumbnailpath/202111/16/e662ed5d-fb27-4e07-91e6-fb90d6e4c143.gif,"['실내', '테마공원', '아이', '사계절', '어린이', '어트랙션', '무장애관광', '공용주차장', '현금결제', '카드결제', '화장실', '무료 WIFI', '흡연구역', '편의점', '음료대', '유도 및 안내시설', '경보 및 피난시설', '단차없음', '장애인 화장실', '장애인 전용 주차장', '수동 휠체어 대여 가능', '실내+실외', '하', '공연/전시', '기타', '1시간 미만']"
CONT_000000000500533,제주 삼양동 유적,제주특별자치도 제주시 선사로2길 13 (삼양일동),청동기시대 후기 문화를 이해할 수 있는 마을 유적,33.523994,126.58665,064-710-6806,region1,제주시,11,제주시내,제주 삼양동 유적,2019022593645,https://api.cdn.visitjeju.net/photomng/imgpath/202112/08/a6db9467-8dff-47ea-8faf-e2f85abcfcdc.JPG,https://api.cdn.visitjeju.net/photomng/thumbnailpath/202112/08/710e54b9-4daf-4cfa-80f6-7251a4171965.JPG,"['아이', '문화유적지', '체험관광', '전시와 행사', '공용주차장', '화장실', '무료 WIFI', '음료대', '경보 및 피난시설', '단독접근가능', '단차없음', '시각장애인 접근성', '장애인 화장실', '장애인 전용 주차장', '수동 휠체어 대여 가능', '어려움', '실내+실외', '하', '공연/전시', '1시간 미만', '실내관광지', '역사유적', '어트랙션', '무장애관광', '공영관광지']"
CONT_000000000500535,제주4.3평화공원,제주특별자치도 제주시 명림로 430,반드시 기억해야 할 우리 제주의 역사가 담긴 제주 4.3 평화공원,33.45058,126.61812,064-723-4344,region1,제주시,11,제주시내,제주4.3평화공원,2019022581739,https://api.cdn.visitjeju.net/photomng/imgpath/202108/10/cd2d8fb9-4397-4838-9782-d4bdcf831b73.jpg,https://api.cdn.visitjeju.net/photomng/thumbnailpath/202108/10/4e944e27-520c-42e6-bfa0-005337c08f92.jpg,"['테마공원', '부모', '커플', '혼자', '친구', '아이', '맑음', '흐림', '미술/박물관', '실내', '실내관광지', '어트랙션', '봄꽃', '벚꽃', '무장애관광', '공용주차장', '화장실', '무료 WIFI', '음료대', '유도 및 안내시설', '경보 및 피난시설', '임산부 휴게시설', '엘리베이터', '단독접근가능', '단차없음', '시각장애인 접근성', '장애인 화장실', '승강기', '장애인 전용 주차장', '수동 휠체어 대여 가능', '쉬움', '실내+실외']"
CONT_000000000500536,제주공룡랜드[휴장중],제주특별자치도 제주시 애월읍 광령평화2길 1,모든 이들이 재미있게 즐길 수 있는 제주 최대 종합체험 테마파크,33.44299,126.43244,064-746-3060,region1,제주시,12,애월,Jeju Dinosaur Theme Park,19456,https://api.cdn.visitjeju.net/photomng/imgpath/201804/30/40435eca-cbbd-437c-bfca-eae473f0b46d.jpg,https://api.cdn.visitjeju.net/photomng/thumbnailpath/201804/30/bb2c8031-c75e-4142-8fc8-7075647c1b0f.jpg,"['테마공원', '아이', '가을', '실내관광지', '어린이', '어트랙션', '공용주차장', '현금결제', '카드결제', '화장실', '편의점', '유도 및 안내시설', '경보 및 피난시설', '임산부 휴게시설', '단독접근가능', '단차없음', '장애인 화장실', '장애인 전용 주차장', '수동 휠체어 대여 가능', '아주 어려움', '실내+실외', '중', '공연/전시', '1~2시간', '무장애관광']"
CONT_000000000500539,제주국제컨벤션센터 icc,제주특별자치도 서귀포시 중문관광로 224,"제주의 대표적인 MICE 인프라인 제주국제컨벤션센터, 각종 회의 및 전시 행사가 진행된다",33.241364,126.424515,064-735-1000,region2,서귀포시,24,중문,제주국제컨벤션센터 icc,2019022559423,https://api.cdn.visitjeju.net/photomng/imgpath/201908/08/0d898924-dd55-4563-936a-f5c4a87cd2f1.jpg,https://api.cdn.visitjeju.net/photomng/thumbnailpath/201908/08/8ca677a7-21bd-4e40-88f7-66cfb55ceb9b.jpg,"['실내', '친구', '비.눈', '사계절', '실내관광지', '어트랙션', '공용주차장', '현금결제', '카드결제', '화장실', '무료 WIFI', '편의점', '음료대', '유도 및 안내시설', '경보 및 피난시설', '임산부 휴게시설', '엘리베이터', '단독접근가능', '단차없음', '저상버스 접근 가능', '장애인 화장실', '승강기', '장애인 전용 주차장', '어려움', '무장애관광']"
CONT_000000000500541,제주난타,제주특별자치도 제주시 선돌목동길 56-26,천만관객 돌파! 한국이 만들고 세계가 감동한 난타! 두드림 그 이상의 드라마 난타!,33.445293,126.54792,064-723-8878,region1,제주시,11,제주시내,JEJU NANTA,19517,https://api.cdn.visitjeju.net/photomng/imgpath/201804/30/eda5b67a-89f8-4821-8d6d-e53acafa3ee3.jpg,https://api.cdn.visitjeju.net/photomng/thumbnailpath/201804/30/d778126c-b3a6-484b-924a-441fd8fd83bc.jpg,"['공연', '실내', '여자', '남자', '부모', '친구', '커플', '전시/행사', '비/바람/눈', '실내관광지', '어트랙션', '무장애관광', '공용주차장', '현금결제', '카드결제', '화장실', '무료 WIFI', '음료대', '유도 및 안내시설', '경보 및 피난시설', '단독접근가능', '장애인 화장실', '장애인 전용 주차장', '장애인 전용 객실', '쉬움']"
CONT_000000000500545,민속자연사박물관,제주특별자치도 제주시 삼성로 40,제주민속자연사박물관은 제주 사람들이 오랜 세월 지켜온 전통문화와 자연 환경을 깊이 들여다보고 이해하는 공간이다. 볼거리가 많고 내용이 알차서 관람 시간을 넉넉히 잡는 것이 좋다. 제주 신화의 발상지인 삼성혈과 이웃해 함께 둘러보면 편하다. ,33.5061399,126.5316454,064-710-7708,region1,제주시,11,제주시내,민속자연사박물관,2019022589249,https://api.cdn.visitjeju.net/photomng/imgpath/202111/15/83f1fd6b-f86a-4136-a02e-75c9baca7d12.JPG,https://api.cdn.visitjeju.net/photomng/thumbnailpath/202111/15/f11c62ec-70be-4e9f-b704-417239992833.JPG,"['실내', '미술/박물관', '아이', '비.눈', '겨울', '실내관광지', '문화관광', '박물관', '어트랙션', '무장애관광', '공용주차장', '현금결제', '카드결제', '화장실', '무료 WIFI', '흡연구역', '음료대', '유도 및 안내시설', '경보 및 피난시설', '임산부 휴게시설', '단독접근가능', '단차없음', '시각장애인 접근성', '장애인 화장실', '장애인 전용 주차장', '수동 휠체어 대여 가능', '어려움', '중', '공연/전시', '1~2시간']"
CONT_000000000500546,제주돌마을공원,제주특별자치도 제주시 한림읍 금능남로 421,제주의 자연석으로 꾸며진 테마공원,33.3537549,126.2536813,064-772-4007,region1,제주시,13,한림,Jeju Dol Village Park ,19547,https://api.cdn.visitjeju.net/photomng/imgpath/201804/30/39683aa8-90e3-400a-9d08-91b72706fad6.jpg,https://api.cdn.visitjeju.net/photomng/thumbnailpath/201804/30/cca2a960-6b5a-4cfd-ad4b-b22e2eb5e47d.jpg,"['부모', '커플', '혼자', '테마공원', '실내관광지', '마을산책', '마을관광', '어트랙션', '공용주차장', '현금결제', '카드결제', '화장실', '무료 WIFI', '음료대', '유도 및 안내시설', '장애인 전용 주차장', '수동 휠체어 대여 가능', '아주 어려움', '무장애관광']"
CONT_000000000500551,제주목관아,제주특별자치도 제주시 관덕로 25,조선시대 제주도 관청,33.514103,126.52193,064-740-6714,region1,제주시,11,제주시내,제주목관아,2019022589780,https://api.cdn.visitjeju.net/photomng/imgpath/202111/17/3132923b-aabc-4e97-bed7-ae3019bcc467.jpg,https://api.cdn.visitjeju.net/photomng/thumbnailpath/202111/17/500ec013-b883-4baf-ae6e-cd9e55d2a0be.jpg,"['문화유적지', '흐림', '맑음', '사계절', '실내관광지', '역사유적', '어트랙션', '제주명품42', '제주7대건축물', '사적지', '문화재', '문화관광', '무장애관광', '공영관광지', '공용주차장', '현금결제', '카드결제', '화장실', '무료 WIFI', '유도 및 안내시설', '경보 및 피난시설', '임산부 휴게시설', '단독접근가능', '단차없음', '장애인 화장실', '장애인 전용 주차장', '어려움', '실외', '하', '공연/전시', '1시간 미만']"
CONT_000000000500552,제주센트럴파크,제주특별자치도 제주시 조천읍 비자림로 606,오감만족 체험과 세계여행을 한 번에 하는 복합테마파크,33.433598,126.67473,064-782-7720,region1,제주시,15,조천,제주센트럴파크,2019022641573,https://api.cdn.visitjeju.net/photomng/imgpath/202409/26/aeaf8073-5337-4e0e-ada2-7c1f6857206c.png,https://api.cdn.visitjeju.net/photomng/thumbnailpath/202409/26/d2bd78d9-1b03-48de-a620-32060b38bb60.png,"['제주여행', ' 제주도동쪽코스', ' 미니어처', ' 어린이', ' 테마파크', ' 제주도볼거리', ' 카트', ' 산책', ' 포토존', '공용주차장', '현금결제', '카드결제', '화장실', '편의점', '경보 및 피난시설', '단독접근가능', '단차없음', '장애인 화장실', '장애인 전용 주차장', '수동 휠체어 대여 가능', '쉬움', '실외', '하', '공연/전시', '1~2시간']"
CONT_000000000500554,제주바다체험장,제주특별자치도 제주시 구좌읍 일주동로 1921,손으로 제주의 바다 생명체를 직접 만져보다!,33.55533339999999,126.7372024,064-784-5757,region1,제주시,16,구좌,Jeju Sea Experience (Jeju Bada Che-hum-gang),19609,https://api.cdn.visitjeju.net/photomng/imgpath/201804/30/b7f24eea-dee4-4218-9f01-629444954f47.png,https://api.cdn.visitjeju.net/photomng/thumbnailpath/201804/30/a8e256c7-e85c-454f-a605-92bcdd21065c.png,"['아이', '사계절', '체험관광', '어린이', '수상레저', '어트랙션', '공용주차장', '현금결제', '카드결제', '화장실', '편의점', '음료대', '유도 및 안내시설', '경보 및 피난시설']"
CONT_000000000500555,제주별빛누리공원,제주특별자치도 제주시 선돌목동길 60,천체탐구와 천문학습의 장으로 청소년들에게 무한한 꿈과 희망을 심어줄 과학문화 공간,33.4445482,126.5492536,064-728-8900,region1,제주시,11,제주시내,제주별빛누리공원[제한적운영중],2019022590575,https://api.cdn.visitjeju.net/photomng/imgpath/202111/22/a0dd69ef-1c0c-4d93-b49c-bc967e46163e.JPG,https://api.cdn.visitjeju.net/photomng/thumbnailpath/202111/22/80e6b94c-0cb6-484f-a47e-c9026ec06f04.JPG,"['밤', '테마공원', '아이', '겨울', '실내관광지', '어린이', '어트랙션', '무장애관광', '공영관광지', '공용주차장', '현금결제', '카드결제', '화장실', '무료 WIFI', '음료대', '유도 및 안내시설', '경보 및 피난시설', '임산부 휴게시설', '엘리베이터', '단독접근가능', '단차없음', '시각장애인 접근성', '저상버스 접근 가능', '장애인 화장실', '승강기', '장애인 전용 주차장', '수동 휠체어 대여 가능', '쉬움', '실내', '공연/전시', '1~2시간']"
CONT_000000000500558,제주성지,제주특별자치도 제주시 오현길 61,제주도기념물 제3호로 지정된 탐라국 수부(首府)의 성곽으로 축성,33.510372,126.52607,064-750-7224,region1,제주시,11,제주시내,Jeju Fortress,19637,https://api.cdn.visitjeju.net/photomng/imgpath/201804/30/5a14c28f-9210-449a-9e9c-66b855893e9e.jpg,https://api.cdn.visitjeju.net/photomng/thumbnailpath/201804/30/56184df1-3a6d-413f-96d5-ebd6788631ad.jpg,"['문화유적지', '맑음', '문화관광', '역사유적', '공용주차장', '유도 및 안내시설', '단차없음', '어려움', '무장애관광']"
CONT_000000000500559,제주세계자연유산센터,제주특별자치도 제주시 조천읍 선흘리 478,대한민국 최초의 세계자연유산으로서의 상징성을 위해 기념된 곳입니다,33.500607,126.65108,064-710-8984,region1,제주시,15,조천,제주세계자연유산센터,2019022593697,https://api.cdn.visitjeju.net/photomng/imgpath/202112/08/c29d545c-bf68-462e-8606-510c50930951.jpg,https://api.cdn.visitjeju.net/photomng/thumbnailpath/202112/08/85fc6115-f6d0-42ee-9dbc-6a5a9dcbd379.jpg,"['흐림', '가을', '실내관광지', '어트랙션', '유네스코', '무장애관광', '공영관광지', '공용주차장', '현금결제', '카드결제', '화장실', '무료 WIFI', '편의점', '음료대', '유도 및 안내시설', '경보 및 피난시설', '임산부 휴게시설', '엘리베이터', '단차없음', '승강기', '실내', '하', '공연/전시', '1시간 미만']"
CONT_000000000500565,아쿠아플라넷 제주,제주특별자치도 서귀포시 성산읍 섭지코지로 95,450여종의 바다생명체가 있는 아시아 최대 수족관,33.4325283,126.9272108,1833-7001,region2,서귀포시,17,성산,아쿠아플라넷 제주,2019022638808,https://api.cdn.visitjeju.net/photomng/imgpath/202408/21/ced5dfc8-9f5b-4310-9949-fea669022c20.jpg,https://api.cdn.visitjeju.net/photomng/thumbnailpath/202408/21/99c15344-0de8-435b-ae3c-e578926aa8f8.jpg,"['제주도관광', '제주도실내가볼만한곳', '제주아쿠아리움', '성산', '해녀', '가오리', '제주실내관광지', '제주도여행지', '우수관광사업체', '공용주차장', '현금결제', '카드결제', '화장실', '무료 WIFI', '편의점', '음료대', '유도 및 안내시설', '경보 및 피난시설', '엘리베이터', '단독접근가능', '단차없음', '시각장애인 접근성', '장애인 화장실', '승강기', '장애인 전용 주차장', '수동 휠체어 대여 가능', '쉬움', '실내', '하', '공연/전시', '2~3시간']"
CONT_000000000500567,제주유리박물관,제주특별자치도 서귀포시 중산간서로 1403,유리 예술의 진수를 만날 수 있는 곳,33.278397,126.370186,064-792-6262,region2,서귀포시,21,서귀포시내,Jeju Glass Museum,19698,https://api.cdn.visitjeju.net/photomng/imgpath/201804/30/f47a5deb-0dd2-4175-a208-bd1e1c7a5549.jpg,https://api.cdn.visitjeju.net/photomng/thumbnailpath/201804/30/d06c8843-26a4-46d4-8e32-46e2dc86c188.jpg,"['밤', '실내', '미술/박물관', '친구', '아이', '흐림', '가을', '실내관광지', '문화관광', '박물관', '어트랙션', '무장애관광', '공용주차장', '현금결제', '카드결제', '화장실', '음료대', '유도 및 안내시설', '경보 및 피난시설', '단독접근가능', '단차없음', '시각장애인 접근성', '장애인 화장실', '장애인 전용 주차장', '어려움', '중', '공연/전시', '포토스팟', '1~2시간']"
CONT_000000000500568,제주유리의성,제주특별자치도 제주시 한경면 녹차분재로 462,국내 최대 규모의 유리 조형예술체험 테마파크,33.314835,126.273445,064-772-7777,region1,제주시,14,한경,제주유리의성,2019022601115,https://api.cdn.visitjeju.net/photomng/imgpath/202205/30/a73cab68-c3d3-493c-8b0a-98df55a19f5f.jpg,https://api.cdn.visitjeju.net/photomng/thumbnailpath/202205/30/82cb313c-fa54-43e8-a3c0-abe4dd863b20.jpg,"['테마공원', '커플', '흐림', '가을', '실내관광지', '어트랙션', '안전여행스탬프', '무장애관광', '공용주차장', '현금결제', '카드결제', '화장실', '무료 WIFI', '흡연구역', '편의점', '음료대', '유도 및 안내시설', '경보 및 피난시설', '장애인 화장실', '장애인 전용 주차장', '수동 휠체어 대여 가능', '어려움', '실내+실외', '하', '포토스팟', '기타', '공연/전시', '1~2시간']"
CONT_000000000500569,렛츠런팜제주,제주특별자치도 제주시 조천읍 남조로 1660,"제주 렛츠런팜은 국내 경주마를 육성하고 관리하는 목장이다. 200만㎡가 넘는 면적에 마사와 교배소, 동물병원, 조교용 주로 등을 갖췄다. ",33.41699,126.681465,064-780-0131,region1,제주시,15,조천,렛츠런팜제주,2019022586502,https://api.cdn.visitjeju.net/photomng/imgpath/202111/03/5a57af3c-ea37-4215-a5c5-4d533966bf40.JPG,https://api.cdn.visitjeju.net/photomng/thumbnailpath/202111/03/37871f1f-a26a-44a7-9f7e-5d21ad00420c.JPG,"['테마공원', '아이', '꽃', '어린이', '해바라기', '무장애관광', '공용주차장', '화장실', '무료 WIFI', '음료대', '유도 및 안내시설', '경보 및 피난시설', '단차없음', '장애인 전용 주차장', '어려움']"
CONT_000000000500575,테디베어뮤지엄제주,제주특별자치도 서귀포시 중문관광로110번길 31,"다양한 테마와 재미있는 볼거리가 가득한 국내 유일의 테디베어 박물관, 중문관광단지 중심에 있음",33.2499815,126.4121571,064-738-7600,region2,서귀포시,24,중문,테디베어뮤지엄제주,2019022640049,https://api.cdn.visitjeju.net/photomng/imgpath/202409/09/8c18f0f6-56e4-4388-9cb3-c3e0a9e34595.jpg,https://api.cdn.visitjeju.net/photomng/thumbnailpath/202409/09/dc8af425-5689-4d63-a9ce-e2c79905a42c.jpg,"['제주여행', ' 제주실내가볼만한곳', ' 중문관광단지', ' 테디베어', ' 박물관', ' 실내관광지', ' 포토존', ' 테마공원', ' 전시관', ' 반려동물', ' 반려동물동반입장', ' 혼저옵서개', ' 반려동물동반_관광지', '공용주차장', '현금결제', '카드결제', '화장실', '엘리베이터', '단독접근가능', '단차없음', '승강기', '수동 휠체어 대여 가능', '실내', '하', '포토스팟', '공연/전시', '1~2시간']"
CONT_000000000500577,제주하늘을날다(패러글라이딩),제주특별자치도 제주시 도남로17길 32 영산홍아파트 가동,제주2인승체험비행과 패러글라이딩교육스쿨,33.4910557,126.5317204,010-9632-0422,region1,제주시,11,제주시내,제주하늘을날다(패러글라이딩),2019022592803,https://api.cdn.visitjeju.net/photomng/imgpath/202112/03/59366dc6-0a9c-498c-98fb-e730ca6d70dd.jpg,https://api.cdn.visitjeju.net/photomng/thumbnailpath/202112/03/b1289ab0-b370-45eb-addd-791e48748007.jpg,"['액티비티', '친구', '맑음', '체험', '레저/체험', '어트랙션', '현금결제', '카드결제', '화장실']"
CONT_000000000500579,제주항일기념관,제주특별자치도 제주시 조천읍 신북로 303,제주인의 독립의지를 고스란히 담고 있는 성지,33.5415236,126.6425739,064-783-2008,region1,제주시,15,조천,Jeju Hangil Memorial Hall,19789,https://api.cdn.visitjeju.net/photomng/imgpath/201804/30/8b7dc4da-409b-4205-9d11-38fc371da2fc.jpg,https://api.cdn.visitjeju.net/photomng/thumbnailpath/201804/30/d04db144-cd13-4c9a-8c4d-8b1fe5ffde89.jpg,"['실내', '미술/박물관', '흐림', '겨울', '실내관광지', '어트랙션', '무장애관광', '공영관광지', '공용주차장', '화장실', '무료 WIFI', '음료대', '유도 및 안내시설', '경보 및 피난시설', '엘리베이터', '단독접근가능', '단차없음', '시각장애인 접근성', '장애인 화장실', '승강기', '장애인 전용 주차장', '어려움', '실내+실외', '중', '공연/전시', '1시간 미만']"
CONT_000000000500580,해녀박물관,제주특별자치도 제주시 구좌읍 해녀박물관길 26,바당의 어멍 제주해녀의 삶을 느낄 수 있는 곳,33.5242827,126.8629097,064-782-9898,region1,제주시,16,구좌,해녀박물관,2019022587464,https://api.cdn.visitjeju.net/photomng/imgpath/202111/08/0d4afd3d-f164-4685-bd89-61436f09be7f.JPG,https://api.cdn.visitjeju.net/photomng/thumbnailpath/202111/08/5fd5e898-b6c8-4eb2-bf95-d215dcafbae0.JPG,"['실내', '문화유적지', '미술/박물관', '아이', '비.눈', '겨울', '실내관광지', '문화관광', '박물관', '역사유적', '어린이', '어트랙션', '무장애관광', '공영관광지', '공용주차장', '현금결제', '카드결제', '화장실', '무료 WIFI', '음료대', '유도 및 안내시설', '경보 및 피난시설', '임산부 휴게시설', '엘리베이터', '단독접근가능', '단차없음', '시각장애인 접근성', '장애인 화장실', '승강기', '장애인 전용 주차장', '수동 휠체어 대여 가능', '쉬움', 'UNESCO 인류무형문화유산', '하', '공연/전시', '1~2시간']"
CONT_000000000500583,제주현대미술관,제주특별자치도 제주시 한경면 저지14길 35,저지문화에술이마을에 자리한 현대미술관,33.34026,126.2663,064-710-7801,region1,제주시,14,한경,제주현대미술관,2019022588333,https://api.cdn.visitjeju.net/photomng/imgpath/202111/11/0122a955-3f3e-4f56-b3b9-907c11ba5a46.jpg,https://api.cdn.visitjeju.net/photomng/thumbnailpath/202111/11/41a07c69-34b3-4e55-be0b-c0571f1cc6c8.jpg,"['예술', '실내', '미술/박물관', '커플', '흐림', '겨울', '실내관광지', '미술관', '문화관광', '어트랙션', '포토스팟', '제주명품42', '제주7대건축물', '무장애관광', '공용주차장', '현금결제', '카드결제', '화장실', '무료 WIFI', '음료대', '유도 및 안내시설', '경보 및 피난시설', '단차없음', '장애인 화장실', '장애인 전용 주차장', '수동 휠체어 대여 가능', '장애인 전용 매표소', '쉬움', '하', '공연/전시', '1시간 미만']"
CONT_000000000500586,제지기오름,제주특별자치도 서귀포시 보목동 275-1,"발 아래 서귀포바다를 조망하는 제지기오름
· 서귀포시 보목동
· 올레6코스",33.242226,126.609375,064-760-4522,region2,서귀포시,21,서귀포시내,제지기오름,2019022592850,https://api.cdn.visitjeju.net/photomng/imgpath/202112/03/4bd77637-7c39-464d-95af-301cff8ca6fd.jpg,https://api.cdn.visitjeju.net/photomng/thumbnailpath/202112/03/a6c1a296-bf3b-4fd9-8c21-87a7c94df8f1.jpg,"['일출', '오름', '걷기/등산', '가을', '자연경관', '도보여행', '도보']"
CONT_000000000500588,가시리조랑말체험공원,제주특별자치도 서귀포시 표선면 녹산로 381-15,"조랑말 박물관, 따라비 승마장, 마음카페, 아트숍, 야외광장 및 각종 체험프로그램 운영",33.3831271,126.7362573,064-787-0960,region2,서귀포시,26,표선,가시리조랑말체험공원,2019022635205,https://api.cdn.visitjeju.net/photomng/imgpath/202407/11/4e9bba51-e6d3-465c-8071-27c33bf778dc.jpg,https://api.cdn.visitjeju.net/photomng/thumbnailpath/202407/11/b50c5dfd-4915-44d8-a0bd-6aa828e85e70.jpg,"['제주여행', '승마체험장', '조랑말박물관', '마음카페', '이색체험', '깡통기차', '체험마을', '유채꽃축제', '가시리 ', '카드결제', '현금결제', '승강기', '어려움']"
CONT_000000000500589,토이승마장,제주특별자치도 서귀포시 안덕면 동광로 265-14,푸른 초원을 거닐며 즐기는 승마체,33.318214,126.344894,0507-1417-0357,region2,서귀포시,23,안덕,Joeun Equestrian Center,19861,https://api.cdn.visitjeju.net/photomng/imgpath/201804/30/f1dd27f5-56b2-4db7-a391-e8fa2a81a120.jpg,https://api.cdn.visitjeju.net/photomng/thumbnailpath/201804/30/9a6b1c8a-4a9f-47e9-bba8-dd70002d9839.jpg,"['서귀포', ' 안덕면', ' 동광리', ' 승마', ' 이색체험', '공용주차장', '아주 어려움']"
CONT_000000000500600,좌보미오름,제주특별자치도 서귀포시 표선면 성읍리 산 6,제주오름의 투박한 아름다움을 그대로 간직한 오름,33.434856,126.80349,064-760-2913,region2,서귀포시,26,표선,Jwabomi Oreum Volcanic Cone,19887,https://api.cdn.visitjeju.net/photomng/imgpath/201804/30/23f0df74-960a-4f09-a8f0-36c6e4b550a0.jpg,https://api.cdn.visitjeju.net/photomng/thumbnailpath/201804/30/02d7f573-0048-4fc5-bc2f-7ec4a7349d1b.jpg,"['커플', '친구', '혼자', '맑음', '오름', '자연경관', '도보여행', '도보']"
CONT_000000000500604,중문색달해수욕장,제주특별자치도 서귀포시 중문관광로72번길 100,"제주올레 8코스, 여유롭고 이국적인 해수욕장",33.2473598,126.4066129,064-739-4993,region2,서귀포시,24,중문,중문색달해수욕장,2019022636793,https://api.cdn.visitjeju.net/photomng/imgpath/202407/24/9562c8bf-e728-4cfc-8eea-f23f576918d4.jfif,,"['제주', '제주바다', '해수욕장', '중문', '중문해수욕장', '중문해변', '제주도', '여름', '여름바다', '바다', '반려동물', '반려동물동반입장', '혼저옵서개', '반려동물동반_자연', '공용주차장', '화장실', '편의점', '음료대', '유도 및 안내시설', '경보 및 피난시설', '아주 어려움', '실외', '해양스포츠', '물놀이']"
CONT_000000000500609,지그리오름 (큰지그리),제주특별자치도 제주시 조천읍 남조로 2023,울창한 숲과 곶자왈 지대로 이루어진 지그리오름,33.445452330510456,126.64400682893074,064-740-8673,region1,제주시,15,조천,Jigeuri Oreum Volcanic Cone (Geunjigeuri),19931,https://api.cdn.visitjeju.net/photomng/imgpath/201804/30/6a843ace-03eb-48e6-bf1b-3e70cc498979.jpg,https://api.cdn.visitjeju.net/photomng/thumbnailpath/201804/30/21f81413-5de2-4b86-b519-b01d2a4e2750.jpg,"['오름', '걷기/등산', '자연경관', '도보여행', '도보']"
CONT_000000000500610,지미봉,제주특별자치도 제주시 구좌읍 종달로1길 91-16,제주도의 푸른바다를 품고 싶을 때 가는 오름,33.48953473617337,126.8779419370178,,region1,제주시,16,구좌,Jimibong Volcanic Cone,19940,https://api.cdn.visitjeju.net/photomng/imgpath/201804/30/e8e33624-5cb9-41d8-8f36-bc102731a847.jpg,https://api.cdn.visitjeju.net/photomng/thumbnailpath/201804/30/186b6f0a-edf8-4601-97b3-9836114dca5c.jpg,"['커플', '친구', '맑음', '오름', '자연경관']"
CONT_000000000500613,제주차귀도요트투어,제주특별자치도 제주시 한경면 한경해안로 156,"요트와 함께 즐기는 해상관광 및 야생돌고래탐방, 스노클링 및 체험낚시",33.3240083,126.1660356,064-772-1321,region1,제주시,14,한경,차귀도요트,2019022640773,https://api.cdn.visitjeju.net/photomng/imgpath/202409/19/caa3e202-80da-4751-bcf9-438b02411708.JPG,https://api.cdn.visitjeju.net/photomng/thumbnailpath/202409/19/51361d0b-7552-4a80-8342-3cc8a23a4bd8.JPG,"['제주도관광', ' 제주도놀거리', ' 요트여행', ' BTS추천', ' 액티비티', ' 레저', ' 돌고래', ' 스노클링', ' 체험낚시', ' 반려동물', ' 반려동물동반입장', ' 혼저옵서개', ' 반려동물동반_관광지', '현금결제', '카드결제', '화장실', '무료 WIFI', '공용주차장', '실외', '해양스포츠', '1~2시간']"
CONT_000000000500616,"천아오름(틍낭오름,天娥岳)",제주특별자치도 제주시 애월읍 산록서로 678-207,경승이 빼어난 천아오름,33.396259762832706,126.48883615507816,064-728-3124,region1,제주시,12,애월,Cheona Oreum Volcanic Cone (Teungnang Oreum Volcanic Cone),19982,https://api.cdn.visitjeju.net/photomng/imgpath/201804/30/1717ec5c-418e-4258-9cea-0eb98ca0fe22.jpg,https://api.cdn.visitjeju.net/photomng/thumbnailpath/201804/30/cf6b2bf8-e370-4a6d-bfbb-c9d392880906.jpg,"['오름', '걷기/등산', '친구', '아이', '흐림', '자연경관', '도보여행', '도보', '어린이']"
CONT_000000000500618,천지연폭포,제주특별자치도 서귀포시 남성중로 2-15,"하늘과 땅이 만나서 이룬 연못, 
· 천연기념물 제163호
· 천연기념물 제27호
· 올레6코스",33.2447173,126.5598201,064-733-1528,region2,서귀포시,21,서귀포시내,Cheonjiyeon Falls,19988,https://api.cdn.visitjeju.net/photomng/imgpath/201804/30/9533606a-132c-430d-990b-f7ff12d37725.jpg,https://api.cdn.visitjeju.net/photomng/thumbnailpath/201804/30/c87fb80d-98e3-4911-ae75-787fee3f0f35.jpg,"['천지연폭포', ' 제주도갈만한곳', ' 서귀포시내', ' 공영관광지', ' 포토존', ' 유네스코', ' 산책로', ' 용천수', '공용주차장', '현금결제', '카드결제', '화장실', '음료대', '유도 및 안내시설', '경보 및 피난시설', '임산부 휴게시설', '단독접근가능', '단차없음', '시각장애인 접근성', '장애인 화장실', '장애인 전용 주차장', '수동 휠체어 대여 가능', '어려움', 'UNESCO 세계지질공원', '실외', '중', '1시간 미만']"
CONT_000000000500625,초콜릿박물관,제주특별자치도 서귀포시 대정읍 일주서로3000번길 144,세계 10대 초콜릿박물관,33.25704,126.23002,064-792-3121,region2,서귀포시,22,대정,초콜릿박물관,2019022567336,https://api.cdn.visitjeju.net/photomng/imgpath/201912/05/6f041cc2-4fc8-4f9d-bd3c-ee4ef2a807c4.jpg,https://api.cdn.visitjeju.net/photomng/thumbnailpath/201912/05/f5e3f128-489f-457d-a647-d340e0ebec6a.jpg,"['실내', '미술/박물관', '아이', '비.눈', '겨울', '실내관광지', '문화관광', '박물관', '어트랙션', '무장애관광', '공용주차장', '현금결제', '카드결제', '화장실', '무료 WIFI', '편의점', '음료대', '유도 및 안내시설', '경보 및 피난시설', '임산부 휴게시설', '장애인 화장실', '장애인 전용 주차장', '수동 휠체어 대여 가능', '공연/전시', '1시간 미만']"
CONT_000000000500626,최남단체험감귤농장(가뫼물),제주특별자치도 서귀포시 남원읍 남위남성로 168,살아있는 제주농촌을 체험할 수 있는 농장,33.2899733,126.6935278,064-764-7759,region2,서귀포시,25,남원,최남단감귤체험농장,2019022630293,https://api.cdn.visitjeju.net/photomng/imgpath/202401/17/613b487d-bb3a-4301-946e-08ae226b7790.png,https://api.cdn.visitjeju.net/photomng/thumbnailpath/202401/17/c2ee4f5c-56d2-4445-bda3-4ab5d1a4d1a2.png,"['체험관광', '아이', '겨울', '감귤', '자연경관', '어린이', '어트랙션', '안전여행스탬프', '공용주차장', '현금결제', '카드결제', '화장실', '음료대', '유도 및 안내시설', '경보 및 피난시설', '1~2시간']"
CONT_000000000500646,큰사슴이오름,제주특별자치도 서귀포시 표선면 중산간동로,사슴이 노닐던 큰사슴이오름,33.4005,126.72963,,region2,서귀포시,26,표선,Keunsaseumi Oreum Volcanic Cone ,20061,https://api.cdn.visitjeju.net/photomng/imgpath/201804/30/fbdacea9-fae2-42e1-8ede-c99f36b8423b.jpg,https://api.cdn.visitjeju.net/photomng/thumbnailpath/201804/30/de073d5d-c1b2-4365-8c6e-55ba774692c8.jpg,"['일출', '오름', '걷기/등산', '봄', '자연경관', '도보여행', '도보', '반려동물동반_오름', '반려동물', '반려동물동반입장', '혼저옵서개', '반려동물동반_자연']"
CONT_000000000500655,통오름,제주특별자치도 서귀포시 성산읍 신산리 1754-1,통사발을 닮아서 이름이 붙여진 오름,33.395042,126.85444,,region2,서귀포시,17,성산,Tong Oreum Volcanic Cone,20133,https://api.cdn.visitjeju.net/photomng/imgpath/201804/30/9437234d-a8ca-46bd-9736-90b3c33a1238.jpg,https://api.cdn.visitjeju.net/photomng/thumbnailpath/201804/30/474c4158-6e74-4e76-9698-cc400123af70.jpg,"['오름', '청년', '중/장년', '휴식/치유', '경관/포토', '액티비티', '친구', '혼자', '커플', '자연경관', '체험', '도보여행', '도보', '레저/체험', '포토스팟', '어트랙션']"
CONT_000000000500660,"판포오름 (널개오름, 板浦岳)",제주특별자치도 제주시 한경면 판포리 934,두 개의 산체로 나뉜 판포오름,33.357872,126.2126,064-773-1936,region1,제주시,14,한경,Panpo Oreum Volcanic Cone (Neolgae Oreum Volcanic Cone),20141,https://api.cdn.visitjeju.net/photomng/imgpath/201804/30/3e85d14c-dca7-4dc6-ac08-36a481a9d3a8.jpg,https://api.cdn.visitjeju.net/photomng/thumbnailpath/201804/30/20f5968b-a612-43dd-a629-237fb42ad31e.jpg,"['오름', '걷기/등산', '자연경관', '도보여행', '도보']"
CONT_000000000500665,평화통일 불사리탑,제주특별자치도 제주시 조천읍 일주동로 884,남과 북의 평화통일의 기원성지,33.532516,126.63599,064-738-8801,region1,제주시,15,조천,The Buddha Sharira Stupa for World’s Peace and Unification,20157,https://api.cdn.visitjeju.net/photomng/imgpath/201804/30/dcdab854-f2d2-4e81-b5c4-81a8b3ee5045.jpg,https://api.cdn.visitjeju.net/photomng/thumbnailpath/201804/30/e8a7ee78-51ac-49d5-98cd-6df028841075.jpg,"['문화유적지', '맑음', '문화관광', '역사유적', '공용주차장', '화장실', '음료대', '유도 및 안내시설', '경보 및 피난시설', '아주 어려움']"
CONT_000000000500668,표선세화해안도로,제주특별자치도 서귀포시 표선면 표선리,동쪽 끝의 해안을 따라 형성된 해안도로로 최근 떠오르는 아름다운 해안길,33.524757,126.8606,064-760-2772,region2,서귀포시,26,표선,표선세화해안도로,2019022589589,https://api.cdn.visitjeju.net/photomng/imgpath/202111/16/f77be173-4a5d-4edf-997f-2ece3e634a0b.JPG,https://api.cdn.visitjeju.net/photomng/thumbnailpath/202111/16/7887fdd5-d110-4b44-a85e-ce850edbb3aa.JPG,"['해변', '드라이브', '친구', '여름', '공용주차장', '화장실', '편의점', '아주 어려움']"
CONT_000000000500672,핀크스 골프클럽,제주특별자치도 서귀포시 안덕면 산록남로 863,한국 골프장을 대표하는 세계적인 골프장,33.3159979,126.387643,064-792-5200,region2,서귀포시,23,안덕,Pinx Golf Club,20197,https://api.cdn.visitjeju.net/photomng/imgpath/201804/30/e64fc6a8-98ff-438a-8d98-16483cddd87c.jpg,https://api.cdn.visitjeju.net/photomng/thumbnailpath/201804/30/34d7a6e8-ec00-45ff-a7c8-e2a0805f3ff7.jpg,"['골프', '액티비티', '공용주차장', '현금결제', '카드결제', '화장실', '무료 WIFI', '흡연구역', '편의점', '음료대', '유도 및 안내시설', '경보 및 피난시설', '아주 어려움', '체험', '레저/체험', '어트랙션', '럭셔리트래블인제주']"
CONT_000000000500677,하도해변,제주특별자치도 제주시 구좌읍 해맞이해안로,해양스포츠에 이어 차박-캠핑까지... ‘하도해변’,33.5183,126.9017,064-728-7783,region1,제주시,16,구좌,하도해변,2019022636318,https://api.cdn.visitjeju.net/photomng/imgpath/202407/23/be1cf5b8-2e00-4093-b54d-1933d3a5cdba.jpg,https://api.cdn.visitjeju.net/photomng/thumbnailpath/202407/23/1b0be13e-4828-4c77-a104-0116943f3cb3.jpg,"['제주도', '제주여행', '제주해수욕장', '차박', '캠핑', '서핑', '스노쿨링', '제주', '해수욕장', '공용주차장', '화장실', '음료대', '유도 및 안내시설', '경보 및 피난시설', '아주 어려움', '실외', '하', '물놀이', '해양스포츠']"
CONT_000000000500678,하멜기념비,제주특별자치도 서귀포시 안덕면 사계리 112-3,하멜의 공덕과 네덜란드와 한국간의 우호증진의 증표로 세워진 기념비,33.23286,126.314064,064-760-6304,region2,서귀포시,23,안덕,하멜기념비,2019022594599,https://api.cdn.visitjeju.net/photomng/imgpath/202112/15/69de2bfa-a1ca-4074-ac59-aefe606d603c.jpg,https://api.cdn.visitjeju.net/photomng/thumbnailpath/202112/15/abe788ac-3b70-463b-aae4-479f691f61a3.jpg,"['문화유적지', '가을', '문화관광', '역사유적', '공용주차장', '음료대', '유도 및 안내시설', '경보 및 피난시설']"
CONT_000000000500685,한라산국립공원,제주특별자치도 제주시 1100로 2070-61,"한반도 3대 영산 중 하나, 유네스코가 지정한 
· 세계생물권보존지역
· 세계자연유산
· 세계지질공원",33.36132,126.54195,064-713-9950,region1,제주시,11,제주시내,Hallasan Mountain,20255,https://api.cdn.visitjeju.net/photomng/imgpath/201804/30/661b71dc-cdec-4eee-8ad4-240285460226.jpg,https://api.cdn.visitjeju.net/photomng/thumbnailpath/201804/30/e9cb50d3-bb50-4f68-b6ae-05887ec8715d.jpg,"['산', '걷기/등산', '경관/포토', '친구', '사계절', '자연경관', '포토스팟', '한라산', '언택트', '단풍', '유네스코', '공용주차장', '화장실', '편의점', '음료대', '저상버스 접근 가능', '장애인 화장실', '장애인 전용 주차장', '아주 어려움', 'UNESCO 생물권보전지역', 'UNESCO 세계자연유산', 'UNESCO 세계지질공원']"
CONT_000000000500688,한라생태숲,제주특별자치도 제주시 516로 2596,난대성 식물에서부터 한라산 고산식물까지 한 장소에서 볼 수 있는 생태숲,33.430924,126.595761,064-710-8688,region1,제주시,11,제주시내,한라생태숲,2019022590415,https://api.cdn.visitjeju.net/photomng/imgpath/202111/19/fdcaeff5-bf92-44ae-a0f0-9e43288bd205.jpg,https://api.cdn.visitjeju.net/photomng/thumbnailpath/202111/19/fd089261-a86b-418d-b660-594a967403d4.jpg,"['부모', '커플', '혼자', '친구', '아이', '맑음', '휴식/힐링', '자연경관', '숲', '어린이', '무장애관광', '공영관광지', '공용주차장', '화장실', '무료 WIFI', '음료대', '유도 및 안내시설', '경보 및 피난시설', '단독접근가능', '단차없음', '시각장애인 접근성', '저상버스 접근 가능', '장애인 화장실', '장애인 전용 주차장', '수동 휠체어 대여 가능', '쉬움', '실외', '중', '기타', '산책로', ' 휴양림', '1~2시간']"
CONT_000000000500690,"한림공원(협재굴, 쌍용굴)",제주특별자치도 제주시 한림읍 한림로 300(협재리),10만 평 대지 위에 펼쳐지는 환상적인 10가지 테마파크.,33.3879944,126.2397837,064-796-0001,region1,제주시,13,한림,한림공원,2019022601118,https://api.cdn.visitjeju.net/photomng/imgpath/202205/30/e0145d42-16eb-4055-873c-ba683a16dede.jpg,https://api.cdn.visitjeju.net/photomng/thumbnailpath/202205/30/58ce2ef7-c996-462e-aa99-eb613c01e95a.jpg,"['휴식/힐링', '테마공원', '아이', '맑음', '봄', '우수관광사업체', '동굴', '어린이', '매화', '수국', '안전여행스탬프', '무장애관광', '반려동물', '반려동물동반입장', '혼저옵서개', '반려동물동반_관광지', '공용주차장', '현금결제', '카드결제', '화장실', '무료 WIFI', '흡연구역', '편의점', '음료대', '유도 및 안내시설', '단독접근가능', '단차없음', '장애인 화장실', '장애인 전용 주차장', '어려움', '실내+실외', '하', '포토스팟', '기타', '1~2시간']"
CONT_000000000500695,헬로키티아일랜드,제주특별자치도 서귀포시 안덕면 한창로 340,많은 사랑을 받고있는 헬로키티 전시관,33.29015,126.3522,064-792-6114,region2,서귀포시,23,안덕,헬로키티아일랜드,2019022586617,https://api.cdn.visitjeju.net/photomng/imgpath/202111/03/492de2bd-6669-4bbf-a879-0da3e6524c2f.JPG,https://api.cdn.visitjeju.net/photomng/thumbnailpath/202111/03/7a3e4fa9-f6de-44b5-8bfe-2c340d4396f4.JPG,"['실내', '테마공원', '아이', '비.눈', '겨울', '실내관광지', '어린이', '어트랙션', '무장애관광', '공용주차장', '현금결제', '카드결제', '화장실', '흡연구역', '편의점', '음료대', '유도 및 안내시설', '경보 및 피난시설', '임산부 휴게시설', '엘리베이터', '장애인 전용 리프트', '장애인 화장실', '승강기', '장애인 전용 주차장', '쉬움']"
CONT_000000000500696,협재굴(한림공원),제주특별자치도 제주시 한림읍 한림로 300,천연기념물 236호로 세계 제3대 불가사의 동굴로 꼽히는 용암동굴,33.3894949,126.2396825,064-796-0001~4,region1,제주시,13,한림,Hyeopjaegul Lava Tube (Hallim Park),20335,https://api.cdn.visitjeju.net/photomng/imgpath/201804/30/0ce85715-b7a6-49e0-b668-e9b514a09b88.jpg,https://api.cdn.visitjeju.net/photomng/thumbnailpath/201804/30/9f73d97f-c819-41d9-a6f0-2a54f2c9d300.jpg,"['동굴', '경관/포토', '부모', '흐림', '자연경관', '포토스팟', '무장애관광', '공용주차장', '현금결제', '카드결제', '화장실', '무료 WIFI', '흡연구역', '편의점', '음료대', '유도 및 안내시설', '경보 및 피난시설', '장애인 화장실', '장애인 전용 주차장', '아주 어려움', '1~2시간']"
CONT_000000000500698,형제섬,제주특별자치도 서귀포시 안덕면 사계리 산 44,바다 한가운데 바위처럼 보이는 크고 작은 섬 2개가 사람의 형과 아우처럼 마주보고 있다 하여 붙여진 형제섬,33.209785,126.31431,,region2,서귀포시,23,안덕,Hyeongjeseom Island,20355,https://api.cdn.visitjeju.net/photomng/imgpath/201804/30/417baf4b-ca87-49e2-abda-ca8324476285.jpg,https://api.cdn.visitjeju.net/photomng/thumbnailpath/201804/30/1563160f-cbe7-4957-8707-69a3566934a3.jpg,"['커플', '친구', '혼자', '경관/포토', '일몰', '일출', '공용주차장', '화장실', '편의점', '음료대', '유도 및 안내시설', '경보 및 피난시설', '단차없음', '어려움', '자연경관', '섬속의섬', '포토스팟', '무장애관광']"
CONT_000000000500699,혼인지,제주특별자치도 서귀포시 성산읍 혼인지로 39-22,"제주특별자치도 기념물 제 17호, 탐라의 시조인 삼신인(三神人)이 혼례를 올렸다는 장소
· 서귀포시 성산읍 온평리
· 제주특별자치도 기념물 제17호
· 올레2코스",33.414932,126.894104,064-710-6798,region2,서귀포시,17,성산,혼인지,2019022588950,https://api.cdn.visitjeju.net/photomng/imgpath/202111/12/432b52d2-39d5-4c71-83a3-9fd3f56aaaa6.JPG,https://api.cdn.visitjeju.net/photomng/thumbnailpath/202111/12/6ddf9431-a76b-4610-931a-e2b83a180782.JPG,"['문화유적지', '맑음', '문화관광', '역사유적', '수국', '무장애관광', '공영관광지', '화장실', '음료대', '유도 및 안내시설', '경보 및 피난시설', '단독접근가능', '단차없음', '쉬움', '실외', '상', '체험', '포토스팟', '1시간 미만']"
CONT_000000000500700,화북비석거리,제주특별자치도 제주시  화북1동 4008,지방관리들의 치적을 기념하는 비가 많이 서 있는 거리,33.521500842269354,126.56004561000363,064-728-8662,region1,제주시,11,제주시내,Stele Street of Hwabuk ,20367,https://api.cdn.visitjeju.net/photomng/imgpath/201804/30/278cacb5-0bbd-4507-accf-150b7d409324.jpg,https://api.cdn.visitjeju.net/photomng/thumbnailpath/201804/30/93b5f512-9ff9-4754-aa31-4ecc78a06440.jpg,"['문화유적지', '문화관광', '역사유적', '음료대', '유도 및 안내시설', '아주 어려움']"
CONT_000000000500702,환상숲 곶자왈공원,제주특별자치도 제주시 한경면 녹차분재로 594-1,제주도의 진짜 자연을 볼 수 있는 에코힐링여행,33.322342,126.26323,064-772-2488,region1,제주시,14,한경,환상숲 곶자왈공원,2019022655680,https://api.cdn.visitjeju.net/photomng/imgpath/202508/20/5819a814-f967-4e66-923f-fac97fae302a.jpg,https://api.cdn.visitjeju.net/photomng/thumbnailpath/202508/20/bc8a42b3-e24b-4b10-8916-d312b869f03e.jpg,"['웰니스', '자연', '숲', '치유', '걷기/등산', '커플', '자연경관', '곶자왈', '안전여행스탬프', '공용주차장', '현금결제', '카드결제', '화장실', '흡연구역', '유도 및 안내시설', '경보 및 피난시설', '아주 어려움']"
CONT_000000000500704,황우지해안 열두굴,제주특별자치도 서귀포시 서홍동 764-1,제 2차 세계대전 시 일본군이 미군의 공격을 대비해 어뢰정을 숨기기 위해 만들어 놓은 12개의 인공굴.,33.23915,126.54786,064-733-1534,region2,서귀포시,21,서귀포시내,Hwanguji Coast Yeoldugul Cave ,20411,https://api.cdn.visitjeju.net/photomng/imgpath/201804/30/f4c06827-8f93-4b1e-a7b5-13e4805ae8b5.jpg,https://api.cdn.visitjeju.net/photomng/thumbnailpath/201804/30/559e97a4-7a51-49f4-a95f-5a25c267c04e.jpg,"['문화유적지', '해변', '커플', '친구', '맑음', '공용주차장', '화장실', '음료대', '유도 및 안내시설', '경보 및 피난시설', '아주 어려움', '자연경관', '역사유적']"
CONT_000000000500128,"당산봉(당오름,차귀오름)",제주특별자치도 제주시 한경면 고산리 산 15,한경의 푸른 바다와 고즈넉한 풍경이 있는 산책길  ,33.307696681946,126.17266934708255,,region1,제주시,14,한경,"당산봉(당오름,차귀오름)",2019022560574,https://api.cdn.visitjeju.net/photomng/imgpath/201908/21/d6795223-0fb4-42ac-8154-5ca45a09ba84.jpg,https://api.cdn.visitjeju.net/photomng/thumbnailpath/201908/21/8b013fb0-f93a-4d1b-9c48-51bde141cb64.jpg,"['오름', '걷기/등산', '가을', '자연경관', '도보여행', '도보']"
CNTS_000000000001530,세인트포골프장,제주특별자치도 제주시 구좌읍 선유로 445-55,"전장 7,550야드,바다와 하늘, 숲이 하나로 어우러지는 친환경적인 골프장",33.5199412,126.7412425,064-786-3838,region1,제주시,16,구좌,Saint Four Country Club,861,https://api.cdn.visitjeju.net/photomng/imgpath/201804/30/b01615f5-445d-4f7a-a528-6a4bf14eccd7.jpg,https://api.cdn.visitjeju.net/photomng/thumbnailpath/201804/30/2b87f757-e3e6-43d5-91d5-a5d8a2e80d56.jpg,"['골프', '액티비티', '체험', '레저/체험', '어트랙션', '공용주차장', '현금결제', '카드결제', '화장실', '무료 WIFI', '흡연구역', '편의점', '음료대', '유도 및 안내시설', '경보 및 피난시설', '단차없음', '청각장애인 접근성', '시각장애인 접근성', '쉬움', '무장애관광']"
CNTS_200000000010342,옷귀마테마타운,제주특별자치도 서귀포시 남원읍 서성로 955-117,"옷귀마테마타운은 의귀리의 깨끗하고 청정한 편백나무 숲과 비자나무 숲, 푸른 초원이 펼쳐진 장소에서 즐거운 체험승마를 경험할 수 있는 곳이다.",33.3258417,126.6696618,064-764-9771,region2,서귀포시,25,남원,옷귀 편백숲 승마,2019022571224,https://api.cdn.visitjeju.net/photomng/imgpath/202007/01/6e798540-6d3d-4050-a7f4-f01208ea4085.JPG,https://api.cdn.visitjeju.net/photomng/thumbnailpath/202007/01/591bfc8c-21b3-465f-a097-f2bead03e1d2.JPG,"['의귀리', '승마', '승마장', '자연경관', '체험', '마을관광', '웰니스', '레저/체험', '어트랙션', '공용주차장', '무료 WIFI', '화장실']"
CONT_000000000500413,안돌오름,제주특별자치도 제주시 구좌읍 송당리 산 66-2,밧돌오름의 죽마고우,33.45711281463963,126.756354971875,,region1,제주시,16,구좌,Andol Oreum Volcanic Cone,18904,https://api.cdn.visitjeju.net/photomng/imgpath/201804/30/3652cfb3-a5aa-4fe4-bbbd-7d45d75b00b3.jpg,https://api.cdn.visitjeju.net/photomng/thumbnailpath/201804/30/3439836c-37b6-4c8a-876f-bb112422e243.jpg,"['부모', '커플', '혼자', '친구', '아이', '맑음', '오름', '자연경관', '도보여행', '도보', '어린이']"
CONT_000000000500694,항파두리항몽유적지,제주특별자치도 제주시 애월읍 항파두리로 50,고려시대 몽골의 침략에 끝까지 저항했던 삼별초가 최후까지 항전하여 호국충정의 혼을 일깨울수 있는 역사유적지,33.452126,126.407455,064-710-6726,region1,제주시,12,애월,Hangpaduri Hangmong (Anti-Mongolian) Historic Site,20313,https://api.cdn.visitjeju.net/photomng/imgpath/201804/30/c38b3538-8ab8-49b6-b15f-903fff647b80.jpg,https://api.cdn.visitjeju.net/photomng/thumbnailpath/201804/30/495a66ed-e8ea-4eec-8c1b-4e824858dcd5.jpg,"['문화유적지', '친구', '커플', '봄', '가을', '문화관광', '역사유적', '봄꽃', '유채꽃', '수국', '해바라기', '양귀비', '무장애관광', '공영관광지', '공용주차장', '화장실', '무료 WIFI', '음료대', '유도 및 안내시설', '경보 및 피난시설', '단독접근가능', '단차없음', '시각장애인 접근성', '장애인 화장실', '장애인 전용 주차장', '쉬움', '실외', '하', '공연/전시', '1시간 미만']"
CNTS_000000000021101,연대포구,제주특별자치도 제주시 외도2동,연대마을에 있는 한적한 포구,33.49362,126.43473,--,region1,제주시,11,제주시내,연대포구,10631,https://api.cdn.visitjeju.net/photomng/imgpath/201804/30/f1826ca7-3f4f-4deb-b922-632ada704ba1.jpg,https://api.cdn.visitjeju.net/photomng/thumbnailpath/201804/30/be925cde-e573-4559-a059-61366ced3cfb.jpg,"['포구', '부모', '아이', '친구', '문화유적지', '해변', '아주 어려움', '역사유적', '어린이']"
CNTS_200000000007496,화조원,제주특별자치도 제주시 애월읍 애원로 804,다양한 새들과 작은 동물들과 교감할 수 있는 공간.,33.411109,126.3714311,0507-1388-9988,region1,제주시,12,애월,화조원,2019022640035,https://api.cdn.visitjeju.net/photomng/imgpath/202409/09/7d867789-2dd8-42e4-91b5-088507aeb25b.jpg,https://api.cdn.visitjeju.net/photomng/thumbnailpath/202409/09/7deb315f-278e-4a01-990f-2f142e51a048.jpg,"['제주여행', ' 제주도놀거리', ' 제주서쪽', ' 동물농장', ' 독수리', ' 올빼미', ' 백조', ' 앵무새', ' 먹이주기', '공용주차장', '화장실', '카드결제', '현금결제', '지역화폐(지류평/카드형)', ' 문화누리카드']"
CNTS_000000000019758,조안베어뮤지엄,제주특별자치도 서귀포시 대포로 113 (대포동),테디베어 아티스트 조안오 디자이너가 직접 만든 테디베어를 다양한 테마로 전시,33.2402778,126.4341667,064-739-1024,region2,서귀포시,21,서귀포시내,Joanne Bear Museum,6302,https://api.cdn.visitjeju.net/photomng/imgpath/201804/30/e4d86d9a-fad1-4680-999b-9ced744125b6.gif,https://api.cdn.visitjeju.net/photomng/thumbnailpath/201804/30/ad954e5c-8403-4c42-b64d-150f4bd80150.gif,"['실내', '테마공원', '아이', '비.눈', '흐림', '사계절', '실내관광지', '어린이', '어트랙션', '공용주차장', '현금결제', '카드결제', '화장실', '유도 및 안내시설', '경보 및 피난시설']"
CONT_000000000500673,하고수동해변,제주특별자치도 제주시 우도면 연평리,"우도 동북쪽, 바다빛이 아름다운 해수욕장",33.514126,126.958595,064-728-4352,region3,섬 속의 섬,31,우도,하고수동해변,2019022586021,https://api.cdn.visitjeju.net/photomng/imgpath/202111/01/0b54058b-c3c7-4c62-b8ee-109a7a2bffb8.jpg,https://api.cdn.visitjeju.net/photomng/thumbnailpath/202111/01/528bebe3-441d-4af4-8dc3-fa0adb57110f.jpg,"['해변', '휴식/힐링', '친구', '커플', '맑음', '여름', '공용주차장', '아주 어려움', '자연경관']"
CNTS_300000000013460,코코넛서프 서핑스쿨,제주특별자치도 서귀포시 중문관광로 205 (중문동) 1층 1호,"WILD BUT CUTE, COCONUT SURF *제주도 서귀포 중문 서핑강습 프로그램 상세 설명 및 강습/렌트 스케줄은 예약창을 통해 확인 가능해요!",33.2436726,126.4215188,010-6578-1605,region2,서귀포시,24,중문,코코넛서프 서핑스쿨,2019022650189,https://api.cdn.visitjeju.net/photomng/imgpath/202503/14/c8110f44-9ed1-4c05-9e23-3f5fe6abb386.jpg,https://api.cdn.visitjeju.net/photomng/thumbnailpath/202503/14/b54ebbc3-5b47-4174-bc8f-0f3fab0388a5.jpg,"['제주도', ' 레저', ' 체험', ' 중문', ' 서핑', ' 국가대표사장님', ' 프로서퍼', '공용주차장', '화장실', '무료 WIFI', '흡연구역', '경보 및 피난시설', '', '영어', '수동 휠체어 대여 가능', '실내+실외', '3시간 이상']"
CNTS_200000000014206,오멍가멍 애견카페&호텔,제주특별자치도 제주시 어영길 64-14,오멍가멍 애견카페 & 호텔은 반려동물이 편하게 뛰어놀 수 있도록 잔디공원이 조성되어 있다.,33.5175216,126.498289,0507-1337-0567,region1,제주시,11,제주시내,오멍가멍 애견카페&호텔,2019022610264,https://api.cdn.visitjeju.net/photomng/imgpath/202212/06/722d97eb-8603-4dc5-864c-7e8a8c9865a3.jpg,https://api.cdn.visitjeju.net/photomng/thumbnailpath/202212/06/2ead9dd3-0f69-4f0b-8a1c-98851c7ec855.jpg,"['반려동물', ' 반려동물동반입장', ' 혼저옵서개', ' 반려동물동반_식당카페', '김치볶음밥', '만두라면', '아메리카노', '공용주차장', '화장실', '무료 WIFI']"
CONT_000000000500444,연북정,제주특별자치도 제주시 조천읍 조천리 2690,"임금에 대한 사모의 충정을 보내던 조선시대의 정자
· 제주시 조천읍 조천리
· 제주도 유형문화재 제3호
· 올레18코스",33.548126,126.64038,,region1,제주시,15,조천,Yeongbukjeong Pavilion ,19036,https://api.cdn.visitjeju.net/photomng/imgpath/201804/30/37c8a1a0-8774-4b53-8575-a52529702a76.jpg,https://api.cdn.visitjeju.net/photomng/thumbnailpath/201804/30/198ceca6-88d8-4eab-95ed-6c2f6c21521e.jpg,"['문화유적지', '커플', '아이', '유도 및 안내시설', '아주 어려움', '자연경관', '문화관광', '역사유적', '어트랙션']"
CNTS_000000000019539,렛츠런파크,제주특별자치도 제주시 애월읍 평화로 2144,렛츠런파크 제주는 천연기념물 제347호인 ‘제주마’의 보호 및 육성을 위해 1990년 개장된 테마공원이다.,33.40782,126.39421,064-786-8114,region1,제주시,12,애월,렛츠런파크,2019022590453,https://api.cdn.visitjeju.net/photomng/imgpath/202111/19/b5d32881-a414-484d-a0df-265d40315e7c.jpg,https://api.cdn.visitjeju.net/photomng/thumbnailpath/202111/19/fa7f06d7-ccd2-432b-a3d7-aa11a604f149.jpg,"['승마', '액티비티', '아이', '맑음', '체험', '레저/체험', '어린이', '테마공원', '어트랙션', '공용주차장', '현금결제', '카드결제', '화장실', '흡연구역', '유도 및 안내시설', '경보 및 피난시설', '실외', '하', '기타', '공연/전시', '1시간 미만']"
CNTS_200000000008633,9.81 파크,제주특별자치도 제주시 애월읍 천덕로 880-24,제주도의 중심 한라산과 비양도를 품은 푸른 바다를 마주하는 실외 공간과 ‘iF 디자인 어워드’를 수상한 감각적인 실내 공간을 모두 경험할 수 있는 테마파크다. 제주의 자연과 어우러져 전혀 새로운 형태의 스마트하고 다채로운 어트랙션과 트렌디한 부대시설을 즐기며 사랑하는 이들과 잊지 못할 특별한 추억을 만들어보자.,33.3928867,126.3586318,064-1833-9810,region1,제주시,12,애월,9.81 파크,2019022623364,https://api.cdn.visitjeju.net/photomng/imgpath/202310/17/84b1f251-5276-42e8-a56c-daacab394252.jpg,https://api.cdn.visitjeju.net/photomng/thumbnailpath/202310/17/aad50d81-9cce-4c12-a3c3-67f9826b9a73.jpg,"['커플', '혼자', '아이', '친구', '테마공원', '액티비티', '그래비티레이싱', ' 스마트레이싱테마파크', '제주애월여행', '제주도카트', '제주데이트', '제주가볼만한곳', '반려동물동반_관광지', '공용주차장', '화장실', '편의점', '카드결제', '현금결제', '실내+실외']"
CNTS_000000000019005,제주올레 11코스,제주특별자치도 서귀포시 대정읍 동일리 3168,"모슬봉의 정상에서, 신평곶자왈의 안에서 느끼는 자연의 아름다움",33.22835,126.24264,064-762-2190,region2,서귀포시,22,대정,제주올레 11코스,2019022594406,https://api.cdn.visitjeju.net/photomng/imgpath/202112/14/264abedb-ce9c-4169-be0a-da78d9861995.jpg,https://api.cdn.visitjeju.net/photomng/thumbnailpath/202112/14/d20fe6aa-d605-43e9-a98f-e12b31a47127.jpg,"['올레', '걷기/등산', '친구', '혼자', '봄', '가을', '자연경관', '도보여행', '도보']"
CNTS_300000000012722,퍼피홀릭,제주특별자치도 제주시 승천로 81,"아라동에 위치한 퍼피홀릭은 소형견, 중형견, 특수견종 강아지들의 목욕과 미용을 할 수 있는 곳이다.",33.4918299,126.5436025,,region1,제주시,11,제주시내,퍼피홀릭,2019022621675,https://api.cdn.visitjeju.net/photomng/imgpath/202308/23/f79eedad-86b4-4ed0-b97b-58f7c53bbe50.jpg,https://api.cdn.visitjeju.net/photomng/thumbnailpath/202308/23/7a8450bd-452d-4b5e-a9e6-34691b7a7a9c.jpg,"['애견미용실', '반려동물', '반려동물동반입장', '혼저옵서개', '반려동물동반_기타체험', '공용주차장', '화장실']"
CNTS_000000000019004,제주올레 10-1코스,제주특별자치도 서귀포시 대정읍 가파리 298,한국의 유인도 중 가장 낮은 섬 가파도의 올레코스,33.170094,126.26971,064-762-2190,region3,섬 속의 섬,36,가파도,Jeju Olle Course 10-1,4133,https://api.cdn.visitjeju.net/photomng/imgpath/201804/30/b30713ce-0feb-47bd-9f78-ff145336b8a0.jpg,https://api.cdn.visitjeju.net/photomng/thumbnailpath/201804/30/d83d2e88-2c57-4a31-ad87-c68bd2a2fba5.jpg,"['올레', '걷기/등산', '친구', '혼자', '봄', '자연경관', '도보여행', '도보']"
CNTS_200000000008693,제주참숯가마찜질방,제주특별자치도 서귀포시 성산읍 삼달로 47,성산에 위치한 제주도 내 최대규모의 참숯가마 찜질방. ,33.3822884,126.8347756,1522-0717,region2,서귀포시,17,성산,제주참숯가마찜질방,2019022555533,https://api.cdn.visitjeju.net/photomng/imgpath/201905/16/df2270ad-4f04-4165-92ee-aee0fe635790.bmp,https://api.cdn.visitjeju.net/photomng/thumbnailpath/201905/16/ac50044d-e1d8-43d9-ae1c-dc793621efe8.bmp,"['찜질방', '참숯불가마', '무장애관광', '공용주차장', '현금결제', '카드결제', '화장실', '무료 WIFI', '흡연구역', '음료대', '유도 및 안내시설', '경보 및 피난시설', '', '장애인 화장실', '승강기', '장애인 전용 주차장', '어려움', '실내+실외', '하', '체험', '찜질', '3시간 이상']"
CONT_000000000500273,빌레못동굴,제주특별자치도 제주시 애월읍 어음리 1391,"천연기념물 제342호, 총길이 11,749m의 세계에서 가장 긴 동굴",33.408165,126.35178,064-756-4325,region1,제주시,12,애월,Billemotdonggul Lava Tube,18122,https://api.cdn.visitjeju.net/photomng/imgpath/201804/30/e9938086-65e5-4d3e-b1bf-72924167a7cf.jpg,https://api.cdn.visitjeju.net/photomng/thumbnailpath/201804/30/7883bec6-1652-458a-8025-3630ebfb7489.jpg,"['4.3', '문화유적지', '부모', '커플', '혼자', '친구', '아이', '청년', '중/장년', '노년', '자연경관', '문화관광', '제주4.3', '역사유적', '어린이', '유도 및 안내시설', '아주 어려움']"
CNTS_300000000013106,그린비즈,제주특별자치도 제주시 애월읍 일주서로 6623,우리나라 유일 실내 꿀벌체험장 있는 곳 ‘그린비즈’,33.4688078,126.3604468,0507-1328-4936,region1,제주시,12,애월,그린비즈,2019022636644,https://api.cdn.visitjeju.net/photomng/imgpath/202407/24/04d5db13-ffe0-495e-9c5f-0388bd11dbb1.jpg,https://api.cdn.visitjeju.net/photomng/thumbnailpath/202407/24/0aaf166b-6d12-4217-89b4-c6068af733bd.jpg,"['제주여행', '제주도', '제주관광', '제주애월', '제주실내관광지', '제주체험', '제주아이와가볼만한곳', '공용주차장', '카드결제', '실내+실외', '체험']"
CONT_000000000500582,제주허브동산,제주특별자치도 서귀포시 표선면 돈오름로 170,"낮에는 꽃구경, 밤에는 빛구경 ‘제주허브동산’",33.3225332,126.8228665,064-787-7362~3 ,region2,서귀포시,26,표선,제주허브동산,2018052306768,https://api.cdn.visitjeju.net/photomng/imgpath/201810/16/f70e8222-2682-45e1-a1dc-aa63380f16f2.JPG,https://api.cdn.visitjeju.net/photomng/thumbnailpath/201810/16/cb8434e1-5ecc-4c1b-9595-644a60b32549.JPG,"['제주동쪽가볼만한곳', '서귀포가볼만한곳', '제주여행', '제주수국축제', '제주관광지도 ', '7월제주', '제주관광지', '제주야경명소', '제주야경', '반려동물', '반려동물동반입장', '혼저옵서개', '반려동물동반_관광지', '공용주차장', '현금결제', '카드결제', '화장실', '무료 WIFI', '편의점', '음료대', '유도 및 안내시설', '경보 및 피난시설', '영어', '중국어', '일본어', '중국어(사전문의)', '단차없음', '장애인 화장실', '장애인 전용 주차장', '수동 휠체어 대여 가능', '어려움', '실내+실외', '중', '포토스팟', '1~2시간']"
CNTS_200000000014326,개인공간,제주특별자치도 제주시 매촌1길 3-1,"개인공간은 가위컷 전문으로하는 반려견미용과, 반려견유치원, 반려견호텔을 운영하는 곳이다. ",33.515922,126.5890592,0507-1342-4066,region1,제주시,11,제주시내,개인공간,2019022611185,https://api.cdn.visitjeju.net/photomng/imgpath/202212/19/18992f0c-4cb0-48d0-901b-d529a0598fdd.jpg,https://api.cdn.visitjeju.net/photomng/thumbnailpath/202212/19/ceda4852-0195-4cf8-8b69-7506dc9cb5bb.jpg,"['애견미용실', '애견유치원', '애견호텔', '반려동물', '반려동물동반입장', '혼저옵서개', '반려동물동반_기타체험', '공용주차장', '화장실', '무료 WIFI']"
CNTS_000000000019613,제주카약,제주특별자치도 제주시 조천읍 평사길 19,아름다운 제주 해안의 아름다움을 카약으로 만끽하는 제주카약,33.5437998,126.6739948,064-711-1786,region1,제주시,15,조천,Jeju Kayak,5829,https://api.cdn.visitjeju.net/photomng/imgpath/201804/30/1c5f024e-0436-4c99-96ac-ee55018d3e1c.jpg,https://api.cdn.visitjeju.net/photomng/thumbnailpath/201804/30/0e64bf16-abc2-4371-ac02-dec6a58599a1.jpg,"['액티비티', '커플', '맑음', '체험', '레저/체험', '수상레저', '어트랙션']"
CNTS_200000000008053,성이시돌목장,제주특별자치도 제주시 한림읍 산록남로 53,아름다운 풍경이 있는 목장,33.3459727,126.3215552,,region1,제주시,13,한림,성이시돌목장,2019022585435,https://api.cdn.visitjeju.net/photomng/imgpath/202110/28/f2223296-ce4a-4352-86fe-8e2b85f5edd3.jpg,https://api.cdn.visitjeju.net/photomng/thumbnailpath/202110/28/1a7cc09a-6afc-4433-8cfb-779c659bc94c.jpg,"['제주여행', ' 제주도아이와가볼만한곳', ' 제주목장', '  제주서쪽', ' 한림', ' 무료관광지', ' 테쉬폰', ' 유기농우유', '공용주차장', '실외', '하', '1시간 미만']"
CNTS_000000000022886,제주시 충혼묘지 4·3추모비(박진경 추도비),제주특별자치도 제주시 노형동 산 19-2,제주시 충혼묘지에 세워진 박진경 대령 추도비.,33.412613,126.49653,--,region1,제주시,11,제주시내,제주시 충혼묘지 4·3추모비(박진경 추도비),16803,https://api.cdn.visitjeju.net/photomng/imgpath/201804/30/80b99d66-cd69-4805-9487-186f372abfb1.jpg,https://api.cdn.visitjeju.net/photomng/thumbnailpath/201804/30/131dbbda-68ab-4033-ad9d-7dfb335d8d15.jpg,"['4.3', '문화유적지', '문화관광', '제주4.3', '역사유적', '어트랙션']"
CONT_000000000500274,사계해변,제주특별자치도 서귀포시 안덕면 사계리 2147-35,"산방산과 용머리, 에메랄드 빛 바다가 그림처럼 아름다운 곳",33.22811456446537,126.3084815391785,064-760-4372,region2,서귀포시,23,안덕,사계해변,2019022638966,https://api.cdn.visitjeju.net/photomng/imgpath/202408/21/6e10d06a-73eb-4240-92f9-c5d837e5390d.jpg,https://api.cdn.visitjeju.net/photomng/thumbnailpath/202408/21/f1662547-acb1-436d-9ff4-b24e3324dc4c.jpg,"['서귀포여행', ' 제주서귀포가볼만한곳', ' 제주바다', ' 용머리', ' 산방산', ' 힐링', ' 현무암', ' 포토존', '공용주차장', '편의점', '음료대', '유도 및 안내시설', '아주 어려움', '실외']"
CNTS_200000000008032,거인의 정원,제주특별자치도 제주시 대원길 58,"카페와 갤러리를 함께 운영하는 거인의 정원
",33.4718426,126.5353245,064-702-3237,region1,제주시,11,제주시내,거인의 정원,2018052311605,https://api.cdn.visitjeju.net/photomng/imgpath/201812/20/5852bd8e-8ae6-4e8d-8e8a-afc698f5921f.JPG,https://api.cdn.visitjeju.net/photomng/thumbnailpath/201812/20/59c41dd8-80d8-40c1-98fb-b6f76322cf96.JPG,"['예술', '갤러리', '실내', '카페', '실내관광지', '문화관광', '어트랙션']"
CONT_000000000500005,제주김녕미로공원,제주특별자치도 제주시 구좌읍 만장굴길 122,사계절 푸르른 랠란디나무로 이루어진 우리나라 최초의 미로공원,33.5365838,126.7723967,0507-1402-9266,region1,제주시,16,구좌,제주김녕미로공원,2019022640072,https://api.cdn.visitjeju.net/photomng/imgpath/202409/09/3ecb92bb-b673-4d11-bd79-9e6c0564b975.jpg,https://api.cdn.visitjeju.net/photomng/thumbnailpath/202409/09/a56a5a58-59e0-4da0-8d4a-6f18d0043d93.jpg,"['제주도여행', ' 제주도놀거리', ' 제주동쪽', '  미로공원', ' 고양이', ' 발자전거', ' 테마파크', ' 어린이추천', '공용주차장', '현금결제', '카드결제', '화장실', '무료 WIFI', '흡연구역', '편의점', '음료대', '지역화폐(카드형)', ' 문화누리카드', '장애인 화장실', '장애인 전용 주차장', '수동 휠체어 대여 가능', '어려움', '실외', '하', '포토스팟', '기타', '산책로', '1시간 미만']"
CNTS_000000000022631,천왕사,제주특별자치도 제주시 1100로 2528-111,아흔아홉골 자락에 위치한 경관이 좋은 사찰,33.40763,126.49491,064-748-8811,region1,제주시,11,제주시내,천왕사,2019022591526,https://api.cdn.visitjeju.net/photomng/imgpath/202111/25/269913d5-3512-4270-b0a1-0d8353478e8a.JPG,https://api.cdn.visitjeju.net/photomng/thumbnailpath/202111/25/862b7a41-c3ff-4ea1-acf8-3d51fafbbd5e.JPG,"['휴식/힐링', '가을', '단풍', '어트랙션']"
CNTS_000000000000976,신흥2리 동백마을,제주특별자치도 서귀포시 남원읍 한신로531번길 22-1,서귀포시 신흥2리 제주동백마을에서는 제주 토종 동백나무에서 얻어진 동백을 이용한 동백비누 만들기와 주민들이 재래식으로 압착해 짜낸 동백기름을 맛볼 수 있는 동백비빔밥 체험 프로그램을 운영하고 있다. 특히 제주동백마을에서 생산하는 동백기름은 지역민들이 낮에 감귤농사를 짓고 저녁에 동백마을 방앗간에 모여 좋은 동백열매 하나하나 손으로 골라내고 재래식으로 생산하고 있어 그 품질의 우수성을 인정받아 국내 대형 화장품 업체에도 납품할 정도라고 한다.,33.3201238,126.7451631,064-764-8756,region2,서귀포시,25,남원,신흥2리 동백마을,2019022655679,https://api.cdn.visitjeju.net/photomng/imgpath/202508/20/f2a7d69a-0e58-447a-858a-dcfd3b07d18b.jpg,https://api.cdn.visitjeju.net/photomng/thumbnailpath/202508/20/4a63c85d-32ae-4d91-82e1-f176aecf930d.jpg,"['웰니스', '만남', '즐김', '치유', '체험', '부모', '자연경관', '마을산책', '마을관광', '동백', '어트랙션', '2023_관광10선_봄', 'Moment_봄', '공용주차장', '화장실', '편의점']"
CNTS_000000000021404,숫모르편백나무숲길,제주특별자치도 제주시 516로 2596,울창한 편백 나무들이 반기는 편백 나무 숲길,33.430923,126.595764,064-710-8688,region1,제주시,11,제주시내,숫모르편백나무숲길,2019022594218,https://api.cdn.visitjeju.net/photomng/imgpath/202112/13/87d5e1e6-a2f1-4f1b-8d32-fb94e6aa9ed7.jpg,https://api.cdn.visitjeju.net/photomng/thumbnailpath/202112/13/32ae17b2-6411-47e8-9988-9984dbaa62ff.jpg,"['숲길', '걷기/등산', '흐림', '봄', '공용주차장', '아주 어려움', '체험', '도보여행', '도보', '숲']"
CONT_000000000500349,성산일출봉(UNESCO 세계자연유산),제주특별자치도 서귀포시 성산읍 일출로 284-12,"바다위에 우뚝 솟아난 수성화산·유네스코 세계자연유산, 천연기념물 제420호, 올레1코스",33.462147,126.936424,064-783-0959,region2,서귀포시,17,성산,성산일출봉(UNESCO 세계자연유산),2019022640791,https://api.cdn.visitjeju.net/photomng/imgpath/202409/20/b2087c57-7cb6-420d-a840-c6e7e581072e.png,https://api.cdn.visitjeju.net/photomng/thumbnailpath/202409/20/464d6099-295a-4e60-bd93-9e65388f4d0d.png,"['제주도관광', ' 제주동쪽코스', ' 세계자연유산', ' 유네스코', ' 제주자연', ' 산책로', ' 제주올레', ' 포토스팟', '공용주차장', '현금결제', '카드결제', '화장실', '무료 WIFI', '편의점', '음료대', '유도 및 안내시설', '경보 및 피난시설', '임산부 휴게시설', '장애인 화장실', '장애인 전용 주차장', '아주 어려움', 'UNESCO 세계자연유산', 'UNESCO 세계지질공원', '실외', '상', '등산', '산책로. 올레코스. 오름', '1시간 미만', '제주동쪽코스', '세계자연유산', '유네스코', '제주자연', '산책로', '제주올레', '포토스팟', '무장애관광']"
CNTS_000000000022005,문화예술마을 저지리 농어촌체험마을,제주시 한경면 중산간서로 3675,'문화예술'이 있는 마을,33.33264,126.25599,064-772-7700,region1,제주시,14,한경,문화예술마을 저지리 농어촌체험마을,2019022592323,https://api.cdn.visitjeju.net/photomng/imgpath/202112/01/b87cc8a3-c01d-4119-802c-32bbd770b4d7.jpg,https://api.cdn.visitjeju.net/photomng/thumbnailpath/202112/01/b05f3bf3-a716-46ef-8d7a-b4f6d41e32af.jpg,"['체험관광', '친구', '커플', '흐림', '사계절', '체험', '마을산책', '마을관광', '어트랙션']"
CNTS_000000000000974,납읍난대림 금산공원,제주특별자치도 제주시 애월읍 납읍리 1457-1,천연기념물로 지정 및 보호되고 있는 울창한 상록수림,33.434022502192676,126.33098247036133,064-710-6653,region1,제주시,12,애월,납읍난대림 금산공원,2019022594898,https://api.cdn.visitjeju.net/photomng/imgpath/202112/20/19fa35ab-7f9b-45e8-963f-c0bab26b4b3f.JPG,https://api.cdn.visitjeju.net/photomng/thumbnailpath/202112/20/5aef697e-8af5-4fb1-b222-4358cd278ac2.JPG,"['걷기/등산', '흐림', '여름', '자연경관', '공용주차장', '화장실', '편의점']"
CNTS_000000000018432,가파도,제주특별자치도 서귀포시 대정읍 가파리,돌담과 바다가 어우러지면서 아름다운 풍경을 자아내는 가파도 청보리,33.170017,126.271515,064-794-7130,region3,섬 속의 섬,36,가파도,가파도,2019022584976,https://api.cdn.visitjeju.net/photomng/imgpath/202110/27/ea7a59c0-ea4d-4a11-bd54-55e231b78ba3.jpg,https://api.cdn.visitjeju.net/photomng/thumbnailpath/202110/27/dda1f901-cf1a-4e6b-b453-89371a056609.jpg,"['섬속의섬', '경관/포토', '휴식/힐링', '친구', '커플', '맑음', '봄', '자연경관', '포토스팟', '언택트']"
CNTS_300000000013093,상가리야자숲,제주특별자치도 제주시 애월읍 고하상로 326,"숲캉스, 힐링, 여유, 쉼... “상가리야자숲이 제격”",33.4102243,126.3758566,010-9634-9738,region1,제주시,12,애월,상가리야자숲,2019022635645,https://api.cdn.visitjeju.net/photomng/imgpath/202407/18/8405e950-67ce-4e12-8faa-ac3421220bfc.jpg,https://api.cdn.visitjeju.net/photomng/thumbnailpath/202407/18/5c4ee10a-8534-4278-a01a-972da115e4ec.jpg,"[' ', '제주도 ', '제주여행 ', '제주관광 ', '제주관광지 ', '제주명소 ', '제주힐링 ', '제주야자수 ', '숲캉스', '공용주차장', '화장실', '실외']"
CNTS_300000000016090,솔티 오렌지,제주특별자치도 서귀포시 성산읍 신산중앙로 36,제주 귤창고를 개조한 솔티 오렌지에서 따뜻포근한 터프팅의 매력을 느껴보자,33.3784681,126.8784858,0507-1498-0926,region2,서귀포시,17,성산,솔티 오렌지,2019022620033,https://api.cdn.visitjeju.net/photomng/imgpath/202307/26/d96518f9-aaec-44e4-96fa-b10d02ee041b.jpg,https://api.cdn.visitjeju.net/photomng/thumbnailpath/202307/26/20b30e3c-eb9e-4efa-aacd-f0f7d0b8f975.jpg,"['체험', ' 공예', ' 터프팅', ' 섬유공예품', '원데이클래스', ' 러닝홀리데이인제주', '실내', '3시간 이상']"
CONT_000000000500401,신양해안도로,제주특별자치도 서귀포시 성산읍 신고로,성산일출봉을 배경으로 그림처럼 아름다운 풍경이 펼쳐지는 곳,33.431046,126.91553,064-760-2772,region2,서귀포시,17,성산,Sinyang Coastal Road ,18822,https://api.cdn.visitjeju.net/photomng/imgpath/201804/30/98da2dff-d902-4b50-98e5-59710df01b6c.jpg,https://api.cdn.visitjeju.net/photomng/thumbnailpath/201804/30/1db7c20c-cb81-4f53-b022-521354a952c8.jpg,"['해변', '드라이브', '친구', '커플', '맑음', '공용주차장', '화장실', '편의점', '음료대', '유도 및 안내시설', '아주 어려움', '자연경관']"
CNTS_200000000011918,옥돔마을,제주특별자치도 서귀포시 남원읍 남태해안로 508,서귀포 남원읍 태흥2리. 이곳에는 평일 오후 1시가 되면 태흥2리 옥돔경매장에 호루라기 소리가 들린다. 새벽에 하는 경매가 아니기 때문에 부담없이 경매를 볼 수 있다. 경매를 하고 바로 경매인에게 옥돔을 구매할 수 있어 싱싱한 제주산 옥돔을 찾는 사람들은 이곳에서 구매를 한다. 옥돔을 테마로 한 다양한 그림도 주변에 있어서 옥돔과 함께 사진을 찍어보자. 옥돔 경매장 바로 앞에는 경매장에서 구입한 옥돔으로 만든 요리를 판매하는 식당도 있다.,33.2883796,126.7510101,,region2,서귀포시,25,남원,옥돔마을,2019022582068,https://api.cdn.visitjeju.net/photomng/imgpath/202109/01/438c50ff-2006-4df0-8217-f2d16a7e2f74.JPG,https://api.cdn.visitjeju.net/photomng/thumbnailpath/202109/01/b6807bc8-130b-4dcf-b501-e242218e6655.JPG,"['부모', '커플', '혼자', '친구', '아이', '체험관광', '체험', '마을산책', '마을관광', '어린이', '언택트', '어트랙션', '관광지']"
CNTS_000000000021625,기독교순례길 3코스(사명의길),제주특별자치도 제주시 한경면 조수3길 7,"당산봉의 석양, 용수 포구의 아름다움과 함께 사명감으로 완주해내는 장거리 코스",33.336758,126.23075,--,region1,제주시,13,한림,기독교순례길 3코스(사명의길),11585,https://api.cdn.visitjeju.net/photomng/imgpath/201804/30/058df427-ff37-4069-9a72-525eddbdd748.jpg,https://api.cdn.visitjeju.net/photomng/thumbnailpath/201804/30/fcc185d8-8d48-4931-8158-af80c4a7d73c.jpg,"['걷기', '봄', '가을', '문화관광', '도보여행', '도보', '어트랙션']"
CNTS_200000000015188,에코승마아카데미,제주특별자치도 제주시 조천읍 비자림로 1065,우거진 숲속에서 즐기는 승마 체험,33.4180631,126.6534847,064-747-2563,region1,제주시,15,조천,에코승마아카데미,2019022617824,https://api.cdn.visitjeju.net/photomng/imgpath/202306/19/a0bc3f37-c8d7-4b32-8b59-0bb59b815d86.jpg,https://api.cdn.visitjeju.net/photomng/thumbnailpath/202306/19/d06af33e-c96b-429d-9108-fa4543495486.jpg,"['조천', ' 교래리', ' 승마', ' 이색체험', '실외', '중', '1시간 미만']"
CNTS_000000000018371,해맞이해안로,제주특별자치도 제주시 구좌읍 김녕리,제주에서 가장 인기있는 해안도로 해맞이해안도로,33.558674,126.79477,--,region1,제주시,16,구좌,해맞이해안로,2019022591579,https://api.cdn.visitjeju.net/photomng/imgpath/202111/26/216c62ba-6954-4125-a289-ae2926adf762.jpg,https://api.cdn.visitjeju.net/photomng/thumbnailpath/202111/26/05834f54-b7a0-48d4-94fb-176f6497a5f4.jpg,"['일출', '해변', '드라이브', '커플', '맑음', '자연경관']"
CNTS_300000000012965,해병 3·4기 호국관,제주특별자치도 서귀포시 대정읍 상모대서로66번길 13,"해병 3·4기 참전 용사들의 숭고한 희생과 헌신을 기리고, 그들의 애국 정신과 자랑스러운 발자취를 기념하기 위한 호국관",33.2272873,126.2610544,064-905-3319,region2,서귀포시,22,대정,해병 3·4기 호국관,2019022630770,https://api.cdn.visitjeju.net/photomng/imgpath/202403/12/e1fbcebd-56cd-42c5-9823-6ae839a34d1b.jpg,https://api.cdn.visitjeju.net/photomng/thumbnailpath/202403/12/da7e5326-28d7-402e-b488-d56341659738.jpg,"['문화관광', ' 체험관광', ' 안보견학', ' 전시', '공용주차장', '쉬움', '견학']"
CONT_000000000500581,제주향교,제주특별자치도 제주시 서문로 43,조선시대 지방민의 교육을 위해 세운 국립교육기관,33.511157,126.5160507,064-756-0976,region1,제주시,11,제주시내,Jejuhyanggyo Confucian School,19809,https://api.cdn.visitjeju.net/photomng/imgpath/201804/30/4f853fe3-1a2c-4273-9b3d-628ba87a8e68.jpg,https://api.cdn.visitjeju.net/photomng/thumbnailpath/201804/30/ba711d59-fe3e-4bbf-98d3-16eecafcfff3.jpg,"['문화유적지', '부모', '맑음', '실내관광지', '역사유적', '어트랙션', '무장애관광', '공용주차장', '화장실', '음료대', '유도 및 안내시설', '경보 및 피난시설', '단차없음', '장애인 전용 주차장', '어려움']"
CONT_000000000500260,너븐숭이 4.3기념관,제주특별자치도 제주시 조천읍 북촌3길 3,제주 4.3의 상징인 조천읍 북촌리에 4.3 희생자들을 위로하여 후세들의 산 교육장으로 활용하는 기념관,33.545986,126.68877,064-783-4303,region1,제주시,15,조천,Bukchon Neobeunsungi 4.3 Memorial Hall,18045,https://api.cdn.visitjeju.net/photomng/imgpath/201804/30/52196c91-7250-4b38-bbab-ea4310c2f193.jpg,https://api.cdn.visitjeju.net/photomng/thumbnailpath/201804/30/c140bf48-da58-4125-aaa1-fa6d9ddb6c7d.jpg,"['4.3', '실내', '미술/박물관', '부모', '비.눈', '봄', '자연경관', '문화관광', '제주4.3', '역사유적', '어트랙션', '공용주차장', '화장실', '무료 WIFI', '음료대', '유도 및 안내시설', '경보 및 피난시설', '단독접근가능', '단차없음', '저상버스 접근 가능', '장애인 화장실', '장애인 전용 주차장', '쉬움', '실내+실외', '하', '공연/전시', '기타', '1~2시간', '무장애관광', '2022_마을산책_봄', 'Moment_봄']"
CNTS_000000000018497,답다니 탑망대 (하트원담),제주특별자치도 제주시 우도면 연평리 798,"거대한 바위로 쌓은 돌탑
",33.524593,126.952644,064-728-1527,region3,섬 속의 섬,31,우도,답다니탑망대,2019022593152,https://api.cdn.visitjeju.net/photomng/imgpath/202112/06/04ceef5a-4c63-4e79-a5d1-6f95dcf6f0fc.jpg,https://api.cdn.visitjeju.net/photomng/thumbnailpath/202112/06/641304fe-11eb-42ae-a607-aaf74d4e68e1.jpg,"['등대', '경관/포토', '맑음', '포토스팟', '어트랙션', '수국', '공용주차장', '화장실']"
CNTS_000000000021383,제주불교성지 순례길 절로 가는길 - 지계의 길,제주특별자치도 제주시 서연길 10,'구도의 신행' 선인들이 함께 걸었던 길,33.497364,126.50008,--,region1,제주시,11,제주시내,제주불교성지 순례길 절로 가는길 - 지계의 길,11185,https://api.cdn.visitjeju.net/photomng/imgpath/201804/30/e7ef302d-684f-4ac6-b62e-e0fa3c6fd5f3.jpg,https://api.cdn.visitjeju.net/photomng/thumbnailpath/201804/30/92e19171-2520-48b8-a93b-10c4dfbbfb8d.jpg,"['걷기/등산', '흐림', '문화관광', '도보여행', '도보', '어트랙션']"
CONT_000000000500460,왈종미술관,제주특별자치도 서귀포시 칠십리로214번길 30,제주의 풍요로움과 아름다움을 되세기게 하는 미술관,33.245224,126.5739,064-763-3600,region2,서귀포시,21,서귀포시내,Walart Museum ,19116,https://api.cdn.visitjeju.net/photomng/imgpath/201804/30/b00f25ec-42b7-4251-a7a5-531f077ea4b4.jpg,https://api.cdn.visitjeju.net/photomng/thumbnailpath/201804/30/96cf9cff-0021-4e53-9a6d-ff3c2bd8d9d4.jpg,"['예술', '실내', '미술/박물관', '비.눈', '겨울', '실내관광지', '미술관', '문화관광', '어트랙션', '무장애관광', '공용주차장', '현금결제', '카드결제', '화장실', '무료 WIFI', '편의점', '음료대', '유도 및 안내시설', '경보 및 피난시설', '단독접근가능', '단차없음', '저상버스 접근 가능', '장애인 화장실', '장애인 전용 주차장', '어려움']"
CNTS_000000000020013,대장금촬영지(제주민속촌),제주특별자치도 서귀포시 표선면 민속해안로 631-34,MBC 인기드라마 '대장금'의 촬영장소,33.322346,126.841484,064-787-4501,region2,서귀포시,26,표선,대장금촬영지(제주민속촌),2019022591347,https://api.cdn.visitjeju.net/photomng/imgpath/202111/25/6563c594-e24a-4e15-9e87-853d10bc3515.jpg,https://api.cdn.visitjeju.net/photomng/thumbnailpath/202111/25/15d6a308-a457-4435-8a31-2b4f1d8ad9c6.jpg,"['커플', '친구', '부모', '경관/포토', '테마공원', '미술/박물관', '공용주차장', '현금결제', '카드결제', '화장실', '편의점', '음료대', '경보 및 피난시설', '임산부 휴게시설', '쉬움', '포토스팟']"
CNTS_300000000013166,법환해녀체험센터,제주특별자치도 서귀포시 최영로 10,국내 최남단 해안촌에서 해녀체험 즐기세요 ‘법환해녀체험센터’,33.2341727,126.5135735,064-739-7508,region2,서귀포시,21,서귀포시내,법환해녀체험센터,2019022639326,https://api.cdn.visitjeju.net/photomng/imgpath/202408/26/1af82ca0-6e16-4735-b7c1-bd58ae27c39d.jfif,,"['바다', ' 제주도', ' 제주여행', ' 해녀', ' 제주바다', ' 제주해녀학교', ' 제주해녀체험', ' 제주해녀', '실외', '중', '체험', '물놀이', '1~2시간']"
CONT_000000000500488,원당봉,제주특별자치도 제주시 원당로16길 16-30,만물이 소생하는 제주도 오름 원당봉,33.5262509,126.59838480000008,,region1,제주시,11,제주시내,원당봉,2019022592675,https://api.cdn.visitjeju.net/photomng/imgpath/202112/02/c5c35729-abc6-4076-915b-8153f8e42aa4.jpg,https://api.cdn.visitjeju.net/photomng/thumbnailpath/202112/02/dc891220-490c-4eec-a912-e138c9215234.jpg,"['일출', '오름', '걷기/등산', '자연경관']"
CNTS_300000000015893,OK승마장,제주특별자치도 서귀포시 표선면 번영로 2595,푸른 초원을 누비며 즐기는 승마체험,33.4027948,126.7831674,064-787-3066,region2,서귀포시,26,표선,OK승마장,2019022618054,https://api.cdn.visitjeju.net/photomng/imgpath/202306/20/f7f17d8e-46c4-4279-b6fd-1c8c4fce011d.jpg,https://api.cdn.visitjeju.net/photomng/thumbnailpath/202306/20/a686814f-3c5d-49c1-a080-b4d097a954a0.jpg,"['서귀포', ' 표선', ' 성읍리', ' 승마', ' 이색체험', '실외', '중', '1시간 미만']"
CNTS_300000000012747,해맑은동물병원,제주특별자치도 제주시 한라대학로 75,해맑은동물병원은 한라대 근처에 위치한 병원이다.,33.4765347,126.4783856,064-742-1868,region1,제주시,11,제주시내,해맑은동물병원,2019022622191,https://api.cdn.visitjeju.net/photomng/imgpath/202308/29/9fd30f9a-0e76-4217-8d5b-482f665f742c.jpg,https://api.cdn.visitjeju.net/photomng/thumbnailpath/202308/29/af48d37d-8df8-4188-a28d-4e06f81272dc.jpg,"['반려동물병원', '반려동물', '반려동물동반입장', '혼저옵서개', '반려동물동반_기타체험', '공용주차장', '화장실', '무료 WIFI', '유도 및 안내시설', '경보 및 피난시설']"
CONT_000000000500652,토끼섬,제주특별자치도 제주시 구좌읍 하도리,우리나라 유일의 문주란 자생지,33.52437536995329,126.90282569589226,064-710-6656,region1,제주시,16,구좌,토끼섬,2019022558529,https://api.cdn.visitjeju.net/photomng/imgpath/201907/29/5788e7d5-12fe-4453-a152-79f7aa7841a4.jpg,https://api.cdn.visitjeju.net/photomng/thumbnailpath/201907/29/6ed1ab72-1f98-4611-ac98-e8dcbce76713.jpg,"['도보', '휴식', '부모', '친구', '커플', '혼자', '안개/흐림', '맑음', '봄', '여름', '가을', '겨울', '중/장년', '청년', '노년', '자연경관', '섬속의섬']"
CNTS_000000000022843,관음사 군 주둔지 옛터,제주특별자치도 제주시 산록북로 660,4.3 항쟁의 말기 유격대(재산무장대)와 군 토벌대와의 치열한 접전을 벌인 격전지,33.426136,126.56269,-724-6830,region1,제주시,11,제주시내,관음사 군 주둔지 옛터,16719,https://api.cdn.visitjeju.net/photomng/imgpath/201804/30/2f032cce-1290-4865-9368-882216860909.jpg,https://api.cdn.visitjeju.net/photomng/thumbnailpath/201804/30/0a262c82-f14f-4137-9766-2e9625f85723.jpg,"['4.3', '문화유적지', '문화관광', '제주4.3', '역사유적', '한라산', '언택트', '어트랙션']"
CNTS_300000000015864,성산스쿠버리조트,제주특별자치도 서귀포시 성산읍 일출로 258-5,미지의 성산포 해저 속으로 다이빙체험,33.4609616,126.9334663,064-782-6117,region2,서귀포시,17,성산,성산스쿠버리조트,2019022617758,https://api.cdn.visitjeju.net/photomng/imgpath/202306/19/51f1c895-032f-4b18-9e47-a1a0cb21511f.jpg,https://api.cdn.visitjeju.net/photomng/thumbnailpath/202306/19/efff925c-4aa0-4a44-afc6-4cb863897119.jpg,"['성산', ' 스쿠버다이빙', ' 이색체험', '실외', '중', '3시간 이상']"
CNTS_000000000018505,마라도성당,제주특별자치도 서귀포시 대정읍 마라로 153,"드라마, 영화촬영지로 인기가 많은 명소",33.11572696672756,126.269173749321,070-4210-3200,region3,섬 속의 섬,33,마라도,마라도성당,2019022590249,https://api.cdn.visitjeju.net/photomng/imgpath/202111/18/ebef07bf-f3e9-4e65-bc77-4447287dea49.jpg,https://api.cdn.visitjeju.net/photomng/thumbnailpath/202111/18/c7cebcf4-2ec6-46c0-ac5f-b6b44618bf13.jpg,"['실내', '휴식/힐링', '부모', '가을', '어트랙션']"
CNTS_200000000009474,한국병원,제주특별자치도 제주시 서광로 193,"1983년 2월 제주 최초의 종합병원으로 설립된 이후 ‘앞서가는 진료, 정성이 깃든 간호, 친절한 응대를 통한 고객에게 기쁨을 드리는 병원’이라는 비전을 가지고 최고의 고객만족을 실현하는 병원을 만들고자 노력하고 있다. 
각 분야별 전문의료진의 체계적인 협진진료로 ONE-STOP 의료서비스를 제공하고 있다.",33.5003822,126.5167845,064-750-0000,region1,제주시,11,제주시내,한국병원,2019022632686,https://api.cdn.visitjeju.net/photomng/imgpath/202404/23/fdde2cab-3db2-460d-a719-9b90c1292cee.jpg,https://api.cdn.visitjeju.net/photomng/thumbnailpath/202404/23/32e0c53a-cde2-468e-b2fb-2f3b7f790dc8.jpg,"['#의료관광 #병원 #웰니스  #헬스케어', '의료관광']"
CNTS_000000000018757,한라승마장,제주특별자치도 서귀포시 안덕면 평화로 1078,전통이 깊은 승마장,33.323906,126.35258,064-794-5999,region2,서귀포시,23,안덕,한라승마장,3653,https://api.cdn.visitjeju.net/photomng/imgpath/201804/30/960ce628-6127-4983-aa84-bac4d97fbd89.jpg,https://api.cdn.visitjeju.net/photomng/thumbnailpath/201804/30/c2c1f5db-d746-447c-b9e3-c64f5be3bf0d.jpg,"['승마', '액티비티', '친구', '커플', '가을', '공용주차장', '현금결제', '카드결제', '화장실', '유도 및 안내시설', '경보 및 피난시설', '아주 어려움', '체험', '레저/체험', '어트랙션']"
CNTS_000000000022380,제주 이호털보 배낚시,제주시 테우해안로 146,현장체험 위주의 낚시로 남녀노소 초보자들도 누구나 즐길 수 있는 곳,33.497173,126.44942,064-743-1287,region1,제주시,11,제주시내,제주 이호털보 배낚시,14287,https://api.cdn.visitjeju.net/photomng/imgpath/201804/30/e2492973-7548-4f18-a2a0-c702ee90111e.jpg,https://api.cdn.visitjeju.net/photomng/thumbnailpath/201804/30/e24b16cd-f7af-40c8-819a-7f07b919664e.jpg,"['낚시', '액티비티', '친구', '커플', '공용주차장', '현금결제', '카드결제', '화장실', '체험', '레저/체험', '수상레저', '어트랙션']"
CNTS_000000000020296,제주올레 4코스,제주특별자치도 서귀포시 남원읍 태흥리 200-2,표선해비치해변에서 시작해 남원큰엉까지 이어지는 해안 경관이 아름다운 트레킹 코스,33.299873,126.75359,064-762-2190,region2,서귀포시,25,남원,Jeju Olle Course 4,8196,https://api.cdn.visitjeju.net/photomng/imgpath/201804/30/6cd2555d-49a6-48a7-a8d4-2bcc06e169c6.jpg,https://api.cdn.visitjeju.net/photomng/thumbnailpath/201804/30/a652541c-d372-41ed-8148-85c8aebe1e44.jpg,"['제주도여행', ' 등산', ' 제주올레길', ' 올레길', ' 제주여행코스', ' 제주올레길코스', ' 제주올레길추천', ' 제주올레길지도', ' 제주도오름', '아주 어려움', '실외', '중', '등산', '3시간 이상']"
CNTS_000000000019321,열리해안길,제주특별자치도 서귀포시 하예동,올레 8코스에 있는 해안길,33.240032,126.38032,--,region2,서귀포시,21,서귀포시내,Yeolli Coastal Road,4889,https://api.cdn.visitjeju.net/photomng/imgpath/201804/30/65b5390f-cd90-40ae-801f-b8057f59c0b8.jpg,https://api.cdn.visitjeju.net/photomng/thumbnailpath/201804/30/66d2e46d-f0de-4b17-b433-9752b1b0971b.jpg,"['커플', '친구', '올레', '해변', '혼자', '맑음', '도보여행', '도보']"
CNTS_000000000020985,쇠와꽃 승마장,제주특별자치도 서귀포시 성산읍 섭지코지로25번길 88-17,성산일출봉을 바라보며 승마를 즐기다,33.44715,126.920296,064-782-3900,region2,서귀포시,17,성산,쇠와꽃 승마장,2019022594206,https://api.cdn.visitjeju.net/photomng/imgpath/202112/13/306623b5-3df5-49dd-866d-a42773e1e215.jpg,https://api.cdn.visitjeju.net/photomng/thumbnailpath/202112/13/9846e48e-aa80-4f79-81bb-52ec8e058d84.jpg,"['커플', '친구', '아이', '맑음', '액티비티', '승마', '체험', '레저/체험', '어린이', '어트랙션', '공용주차장', '화장실', '아주 어려움']"
CNTS_000000000022842,다랑쉬굴,제주특별자치도 제주시 구좌읍 세화리 2608-6,"4·3사건 당시 하도리, 종달리 주민 11명이 피신해 살다가 굴이 발각되어 집단희생 당한 곳",33.469715,126.83181,--,region1,제주시,16,구좌,다랑쉬굴,16716,https://api.cdn.visitjeju.net/photomng/imgpath/201804/30/20d9a6b0-f486-4878-810b-4e4dc1ea0c17.jpg,https://api.cdn.visitjeju.net/photomng/thumbnailpath/201804/30/2def820e-1031-4294-96b8-6bc146adfc4b.jpg,"['4.3', '문화유적지', '문화관광', '제주4.3', '역사유적', '어트랙션']"
CNTS_200000000007225,김녕 청굴물,제주특별자치도 제주시 구좌읍 김녕로1길 75-1,용천수가 솟아나오는 김녕의 지오트레일 코스,33.5579913,126.7512955,070-7098-4665,region1,제주시,16,구좌,김녕 청굴물,2019022643413,https://api.cdn.visitjeju.net/photomng/imgpath/202410/17/ac19d9fe-3e84-4499-9a02-340415c3e843.jpg,https://api.cdn.visitjeju.net/photomng/thumbnailpath/202410/17/6c00fd56-5db3-4ab3-b64e-cc1676df2181.jpg,"['제주여행', ' 제주도동쪽코스', '  제주볼거리', ' 용천수', ' 김녕', ' 제주문화', ' 제주자연', ' 제주바다', '실외', '중']"
CNTS_000000000019595,1112도로,제주특별자치도 제주시 명림로 584 (봉개동),‘대한민국에서 가장 아름다운 도로' 중 하나로 길 양 옆으로 하늘로 곧게 뻗은 삼나무들이 병풍처럼 펼쳐져 있는 도로,33.439373,126.62845,--,region1,제주시,11,제주시내,1112 Road,5673,https://api.cdn.visitjeju.net/photomng/imgpath/201804/30/8ab3cfe9-b2ef-4fb3-badc-93a5fffe8363.gif,https://api.cdn.visitjeju.net/photomng/thumbnailpath/201804/30/ed975250-4128-4c55-a3d9-200fda5a8f22.gif,"['산', '드라이브', '흐림', '자연경관']"
CONT_000000000500651,테디베어하우스 테지움,제주특별자치도 제주시 애월읍 평화로 2159,"테디베어와 동물인형들을 직접만져보고,안아보고 함께 사진찍을수있는 체험형 오픈전시관",33.4194584,126.383518,064-799-4820,region1,제주시,12,애월,테디베어사파리 테지움,2019022591258,https://api.cdn.visitjeju.net/photomng/imgpath/202111/24/ea35a3d0-8c0f-46b5-b193-c3ea5250967f.JPG,https://api.cdn.visitjeju.net/photomng/thumbnailpath/202111/24/b12a7a4d-3785-4f9d-8498-a23dd699d681.JPG,"['실내', '테마공원', '아이', '비.눈', '사계절', '실내관광지', '어린이', '어트랙션', '무장애관광', '공용주차장', '현금결제', '카드결제', '화장실', '무료 WIFI', '흡연구역', '편의점', '음료대', '유도 및 안내시설', '경보 및 피난시설', '임산부 휴게시설', '엘리베이터', '단독접근가능', '단차없음', '시각장애인 접근성', '장애인 화장실', '승강기', '장애인 전용 주차장', '어려움', '실내+실외', '하', '포토스팟', '공연/전시', '1~2시간']"
CONT_000000000500612,차귀도,제주특별자치도 제주시 한경면 고산리 125,"해안절벽과 기암괴석이 절경을 이루는 섬, 제주 최대의 무인도· 천연기념물 제422호· 올레12코스",33.313435,126.148796,064-772-3224,region3,섬 속의 섬,35,차귀도,차귀도,2019022586222,https://api.cdn.visitjeju.net/photomng/imgpath/202111/02/3a0bec1b-9fb0-401f-94e8-6be5dab724a0.jpg,https://api.cdn.visitjeju.net/photomng/thumbnailpath/202111/02/44f5cacf-6d55-4af6-bfda-e0ed8b8551e0.jpg,"['커플', '맑음', '문화유적지', '일몰', '차귀도', '수월봉', '자연경관', '역사유적', '언택트', '단풍', '공용주차장', '화장실', '편의점', '음료대', '유도 및 안내시설', '경보 및 피난시설', '아주 어려움']"
CONT_000000000500329,서귀포잠수함(대국해저관광),"제주특별자치도 서귀포시 남성중로 40 (서홍동, 유람선매표소) 서귀포잠수함",세계최대 연산호군락지와 해저 비경을 발견하는 잠수함체험,33.2392231,126.5586562,064-732-6060,region2,서귀포시,21,서귀포시내,서귀포잠수함(대국해저관광),2019022587119,https://api.cdn.visitjeju.net/photomng/imgpath/202111/05/956a7a7f-9f3e-4cac-8923-be4cef5bc44b.jpg,https://api.cdn.visitjeju.net/photomng/thumbnailpath/202111/05/2b2dbac1-451d-4272-83cc-924e3727bb68.jpg,"['액티비티', '커플', '아이', '체험', '레저/체험', '어린이', '수상레저', '어트랙션', '무장애관광', '공용주차장', '현금결제', '카드결제', '화장실', '무료 WIFI', '흡연구역', '음료대', '유도 및 안내시설', '경보 및 피난시설', '단독접근가능', '단차없음', '저상버스 접근 가능', '장애인 전용 주차장', '수동 휠체어 대여 가능', '어려움']"
CNTS_000000000020298,제주올레 6코스,제주특별자치도 서귀포시 보목동 1377-4,"자연에서 마음의 여유를 느끼고, 서귀포의 문화를 경험하다",33.23712,126.59607,064-762-2190,region2,서귀포시,21,서귀포시내,제주올레 6코스,2019022563203,https://api.cdn.visitjeju.net/photomng/imgpath/201910/01/308afc28-ad05-4f21-a635-d52f1923e855.jpg,https://api.cdn.visitjeju.net/photomng/thumbnailpath/201910/01/6aefdb71-9926-40cb-8139-f8a646e9acbf.jpg,"['부모', '커플', '혼자', '친구', '맑음', '경관/포토', '휴식/힐링', '체험관광', '올레', '사계절', '청년', '걷기/등산', '봄', '자연경관', '도보여행', '도보', '포토스팟', '어트랙션']"
CNTS_000000000021111,제주곶자왈도립공원,제주특별자치도 서귀포시 대정읍 에듀시티로 178,"곶자왈의 생태와 휴양, 체험, 학습을 제공하는 생태관광지",33.282955,126.27152,064-792-6047,region2,서귀포시,22,대정,제주곶자왈도립공원,2019022589758,https://api.cdn.visitjeju.net/photomng/imgpath/202111/17/72986c58-935f-4839-9127-3052e6eb8a54.JPG,https://api.cdn.visitjeju.net/photomng/thumbnailpath/202111/17/5fd9c1f5-4efa-46d3-9d8c-c47ab2f852c6.JPG,"['숲길', '걷기/등산', '커플', '흐림', '자연경관', '도보여행', '도보', '곶자왈', '숲', '어트랙션', '식물군락지', '공용주차장', '유도 및 안내시설', '아주 어려움', '실외', '하', '기타', '산책로', '1시간 미만']"
CNTS_000000000019970,백록담,제주특별자치도 서귀포시 토평동 산 15-1,"순상화산의 원지형이 잘 보존된 국내 가장 높은 산정화구호
· 세계생물권보존지역
· 세계자연유산
· 세계지질공원",33.362293,126.53332,064-756-9950~1,region2,서귀포시,21,서귀포시내,백록담,2019022586046,https://api.cdn.visitjeju.net/photomng/imgpath/202111/01/505c302c-fca0-4ca2-bf71-b4875fa289d6.jpg,https://api.cdn.visitjeju.net/photomng/thumbnailpath/202111/01/a58e25e1-0b42-4d45-9557-1b00d4bd91f8.jpg,"['커플', '혼자', '친구', '경관/포토', '맑음', '사계절', '등산', '아주 어려움', '자연경관', '포토스팟', '한라산', '언택트']"
CNTS_000000000021292,강병대교회,제주특별자치도 서귀포시 대정읍 상모대서로 43-3,우리나라에서 가장 오래된 군인 교회,33.22652,126.25722,010-6800-6494,region2,서귀포시,22,대정,강병대교회,10984,https://api.cdn.visitjeju.net/photomng/imgpath/201804/30/ee642f9e-b7a6-4a80-97c5-6b7c9e6d8014.jpg,https://api.cdn.visitjeju.net/photomng/thumbnailpath/201804/30/0813b284-d320-4377-a130-863702018535.jpg,"['실내', '문화유적지', '가을', '문화관광', '역사유적', '어트랙션', '공용주차장', '어려움']"
CNTS_000000000018346,코코몽 에코파크,제주특별자치도 서귀포시 남원읍 태위로 536,"""특별한 우리 아이에게 자연을 선물하다."" 도심 속에서 자라나는 우리 아이들에게 자연을 선물하세요. 자연, 친환경 소재, 감성을 자극하는 놀이, 스페이스아트로 구성되어 아이들의 식스센스를 자극하는 프리미엄 테마파크입니다. 코코몽에코파크는 제주도 앞바다를 품은 해안 절벽위에 자리해, 웅장한 느낌마저 자아내는 곳으로 손에 꼽히는 우리 아이들의 꿈 속 원더랜드를 현실로 옮겨 놓은 공간이다.
",33.27463,126.70585,064-764-7779,region2,서귀포시,25,남원,코코몽 에코파크,2019022559788,https://api.cdn.visitjeju.net/photomng/imgpath/201908/19/b876920b-e51e-4447-8984-df7d18448c4e.gif,https://api.cdn.visitjeju.net/photomng/thumbnailpath/201908/19/38d8930e-c691-442f-8392-e847cbde488c.gif,"['테마공원', '아이', '가을', '실내관광지', '어린이', '어트랙션', '공용주차장', '현금결제', '카드결제', '화장실', '편의점', '유도 및 안내시설', '경보 및 피난시설']"
CNTS_000000000018501,제주올레 1-1코스,제주특별자치도 제주시 우도면 연평리 2473-1,제주도에서 우도로 느리게 걷기,33.505802,126.94178,064-762-2190,region3,섬 속의 섬,31,우도,제주올레 1-1코스,2019022561596,https://api.cdn.visitjeju.net/photomng/imgpath/201909/05/f2707d87-a3e5-4b40-9571-97e68fc7b60a.jpg,https://api.cdn.visitjeju.net/photomng/thumbnailpath/201909/05/18cb7912-6ddf-46ca-bdae-d7c11d5906df.jpg,"['커플', '혼자', '친구', '맑음', '봄', '가을', '올레', '자연경관', '도보여행', '도보']"
CONT_000000000500118,다랑쉬오름(월랑봉),제주특별자치도 제주시 구좌읍 세화리 2705,4계절 색채가 뚜렷한 오름의 여왕,33.474778404305006,126.82626013411866,064-740-6000,region1,제주시,16,구좌,Darangswi Oreum Volcanic Cone (Wollangbong),17326,https://api.cdn.visitjeju.net/photomng/imgpath/201804/30/21ead729-dd07-42e8-be6b-e272828c7317.jpg,https://api.cdn.visitjeju.net/photomng/thumbnailpath/201804/30/60df4e71-fe8d-4fd6-84db-eb078af1be07.jpg,"['일출', '밤', '오름', '걷기/등산', '친구', '가을', '힐링', '자연경관', '도보여행', '도보', '억새', '실외', '등산']"
CNTS_000000000018455,중문관광단지,제주특별자치도 서귀포시 중문관광로72번길 35,볼거리와 체험이 가득한 중문관광단지,33.248535,126.41039,,region2,서귀포시,24,중문,중문관광단지,2019022585920,https://api.cdn.visitjeju.net/photomng/imgpath/202111/01/986c8136-faec-4682-b3a6-fc1d6251df3f.jpg,https://api.cdn.visitjeju.net/photomng/thumbnailpath/202111/01/314090d3-93fb-46d8-9a0a-36d3183c84f0.jpg,"['부모', '커플', '아이', '체험관광', '쇼핑', '어린이', '어트랙션']"
CNTS_200000000007533,내창트레킹,제주특별자치도 서귀포시 남원읍 하례중앙로 95,하례리 마을 주민들과 함께 떠나는 내창트레킹,33.3420367,126.5884214,064-733-8009,region2,서귀포시,25,남원,내창트레킹,2018052306085,https://api.cdn.visitjeju.net/photomng/imgpath/201809/21/2ee61bed-1664-454f-9390-8bad57088c5b.jpg,https://api.cdn.visitjeju.net/photomng/thumbnailpath/201809/21/b496468a-bead-40a9-a865-64e713134879.jpg,"['친구', '혼자', '맑음', '걷기/등산', '체험관광', '내창트레킹', '효돈천', '실외', '상', '체험', '1~2시간', '자연경관', '어트랙션']"
CNTS_000000000022179,제주올레 15-B코스,제주특별자치도 제주시 한림읍 한림해안로 192,한림항~고내포구의 아름다운 해안 풍경을 감상할 수 있는 올레길,33.41905,126.26263,--,region1,제주시,13,한림,제주올레 15-B코스,13217,https://api.cdn.visitjeju.net/photomng/imgpath/201804/30/b8d5732a-bb48-4bc3-a9a0-3b04f6d336ce.jpg,https://api.cdn.visitjeju.net/photomng/thumbnailpath/201804/30/261d9a89-8edc-4338-b97a-420a5a3d0c11.jpg,"['커플', '친구', '혼자', '맑음', '올레', '봄', '가을', '도보여행', '도보', '쉬움']"
CNTS_200000000015189,뷰 제주하늘,제주특별자치도 서귀포시 성산읍 서성일로 397,말과 함께 오름을 걷는 특별한 경험,33.4131403,126.8327167,064-784-3631,region2,서귀포시,17,성산,뷰 제주하늘,2019022617695,https://api.cdn.visitjeju.net/photomng/imgpath/202306/19/ddea6e31-990e-4fa8-927a-4d2a63e554c9.jpg,https://api.cdn.visitjeju.net/photomng/thumbnailpath/202306/19/b6976d14-b66d-4052-8f01-06d6f0fcf5c6.jpg,"['체험', '실외', '중', '1시간 미만']"
CNTS_300000000013074,베케,제주특별자치도 서귀포시 효돈로 48,초록이 주는 여유로움... 자연주의 정원 ‘베케’,33.2615141,126.6043917,064-732-3828,region2,서귀포시,21,서귀포시내,베케,2019022634806,https://api.cdn.visitjeju.net/photomng/imgpath/202407/09/7a45de36-5ded-49fe-aa7e-05843698801b.jpg,https://api.cdn.visitjeju.net/photomng/thumbnailpath/202407/09/70db1dcb-d062-489c-8956-be2284464317.jpg,"['서귀포가볼만한곳 ', '제주여행 ', '서귀포카페 ', '제주카페 ', '제주정원 ', '제주빵집 ', '제주여행추천 ', '7월제주여행 ', '제주꽃구경 ', '현금결제', '카드결제', '화장실', '무료 WIFI', '단차없음', '단독접근가능', '쉬움', '실내+실외', '하']"
CONT_000000000500523,제주평화박물관(전쟁평화박물관)[휴관중],제주시 한경면 청수서5길 63,일제강점기 '과거의 이야기'를 직접 체험하면서 평화의 소중함을 느낄 수 있는 곳,33.305588,126.249275,064-772-2500,region1,제주시,14,한경,Jeju Museum of War History & Peace,19404,https://api.cdn.visitjeju.net/photomng/imgpath/201804/30/46438d7d-5948-4af2-bbfb-fd9d3132e52a.jpg,https://api.cdn.visitjeju.net/photomng/thumbnailpath/201804/30/9c1bd8c8-15b9-45e4-802f-a42be7fae2b8.jpg,"['실내', '미술/박물관', '아이', '비.눈', '가을', '실내관광지', '문화관광', '박물관', '어트랙션', '공용주차장', '현금결제', '카드결제', '화장실', '무료 WIFI', '음료대', '유도 및 안내시설', '경보 및 피난시설', '장애인 화장실', '장애인 전용 주차장', '어려움', '실내+실외', '중', '공연/전시', '1~2시간', '무장애관광']"
CONT_000000000500689,한라수목원,제주특별자치도 제주시 수목원길 72,숲이 주는 상쾌한 느낌을 만끽하는 도심 속 공원,33.469604,126.4918,064-710-7575,region1,제주시,11,제주시내,한라수목원,2019022587770,https://api.cdn.visitjeju.net/photomng/imgpath/202111/10/3ee79bde-47e4-4659-90b4-1f4acb55253e.JPG,https://api.cdn.visitjeju.net/photomng/thumbnailpath/202111/10/537d83c9-45a6-4baf-9689-e7a6e307f905.JPG,"['수목원', '휴식/힐링', '테마공원', '부모', '아이', '맑음', '여름', '자연경관', '어린이', '동백', '무장애관광', '공영관광지', '공용주차장', '화장실', '무료 WIFI', '음료대', '유도 및 안내시설', '경보 및 피난시설', '엘리베이터', '단독접근가능', '단차없음', '저상버스 접근 가능', '장애인 화장실', '승강기', '장애인 전용 주차장', '수동 휠체어 대여 가능', '쉬움', '실외', '중', '등산', '산책로', '2~3시간']"
CNTS_300000000013076,서부농업기술센터,제주특별자치도 제주시 한림읍 월림7길 90,  사시사철 다채로운 꽃내음 가득... ‘서부농업기술센터’,33.3537142,126.2488191,064-760-7941,region1,제주시,13,한림,서부농업기술센터,2019022634828,https://api.cdn.visitjeju.net/photomng/imgpath/202407/09/9bcee6de-d8a1-4bda-9069-888eb59c6727.jpg,https://api.cdn.visitjeju.net/photomng/thumbnailpath/202407/09/b78b6870-ef0e-4601-a91d-51f250663dd7.jpg,"['제주여행 ', '제주서쪽가볼만한곳 ', '제주꽃 ', '제주명소 ', '제주핫플 ', '제주관광지 ', '제주한림 ', '제주꽃길 ', '제주선인장 ', '공용주차장', '영어', '장애인 전용 주차장', '장애인 화장실']"
CNTS_200000000010953,도치돌 알파카목장,제주특별자치도 제주시 애월읍 도치돌길 303,애월 숲속에 자리한 제주 유일의 알파카전문목장,33.4098961,126.3665965,064-799-6690,region1,제주시,12,애월,도치돌 알파카목장,2019022639931,https://api.cdn.visitjeju.net/photomng/imgpath/202409/06/3036982b-c609-4e9b-a221-b3737abad2b6.jfif,,"['제주도여행', ' 제주애월가볼만한곳', ' 알파카목장', ' 목장', ' 동물농장', ' 야외관광지', ' 먹이주기', '카드결제', '현금결제', '지역화폐(카드형)', '영어', '실내+실외', '체험', '1~2시간']"
CNTS_000000000022869,큰넓궤,제주특별자치도 서귀포시 안덕면 동광리 90 일대,1948년 11월 중순 이후 동광 주민들이 2개월 가량 집단적으로 은신생활을 했던 곳,33.31075,126.357635,064-710-8452,region2,서귀포시,23,안덕,큰넓궤,2019022560660,https://api.cdn.visitjeju.net/photomng/imgpath/201908/22/f9442fba-3261-4a2b-8c29-f8e3bcd7708c.jpeg,https://api.cdn.visitjeju.net/photomng/thumbnailpath/201908/22/b998a140-d135-4dc8-bd64-c0adb238f202.jpeg,"['4.3', '문화유적지', '자연경관', '문화관광', '제주4.3', '역사유적', '어트랙션']"
CNTS_200000000013791,빛의 벙커,제주특별자치도 서귀포시 성산읍 고성리  2039-22,성산에 숨겨져 있던 통신 벙커에서 열리는 미디어 아트 전시,33.4398006,126.8991174,1522-2653,region2,서귀포시,17,성산,빛의 벙커,2019022609017,https://api.cdn.visitjeju.net/photomng/imgpath/202211/11/77ddeff8-4c6c-4bd4-ac5f-40535b4df74e.jpg,https://api.cdn.visitjeju.net/photomng/thumbnailpath/202211/11/0a143a06-e313-497c-bd4e-9acb53cca8a8.jpg,"['제주전시회', ' 제주사진전', ' 제주미술전', ' 제주실내가볼만한곳', ' 제주실내관광지', ' 이색전시', ' 제주도아이들과가볼만한곳', ' 애견동반여행', '공용주차장', '현금결제', '카드결제', '화장실', '무료 WIFI', '영어', '단독접근가능', '장애인 화장실', '장애인 전용 주차장', '수동 휠체어 대여 가능', '단차없음', '쉬움', '실내', '하', '1~2시간']"
CNTS_200000000010956,스누피가든,제주특별자치도 제주시 구좌읍 금백조로 930,스누피가든은 개성적인 모습을 자랑하는 피넛츠 캐릭터들을 만나 그들과 상호관계를 통해 공감과 힐링의 메시지를 얻을 수 있는 특별한 장소이다.,33.4424906,126.7773313,(+82)064-805-1118,region1,제주시,16,구좌,스누피가든,2019022577763,https://api.cdn.visitjeju.net/photomng/imgpath/202012/16/79a19069-d0c9-40f1-860b-b2fd53a84d36.jpg,https://api.cdn.visitjeju.net/photomng/thumbnailpath/202012/16/5975e5f4-541b-4549-9048-d25f017d8caa.jpg,"['커플', '친구', '아이', '맑음', '흐림', '휴식/힐링', '경관/포토', '테마공원', '휴식/치유', '자연경관', '실내관광지', '체험', '포토스팟', '어린이', '어트랙션', '반려동물', '반려동물동반입장', '혼저옵서개', '반려동물동반_관광지', '실내+실외']"
CNTS_200000000007625,도두동 무지개 해안도로,제주특별자치도 제주시 도두1동,용담이호해안도로에서 도두동 가는 방향에 위치한 곳으로 방호벽이 무지개 색으로 페인팅되어 있다.,33.5093109,126.4739327,,region1,제주시,11,제주시내,도두동 무지개 해안도로,2018052306858,https://api.cdn.visitjeju.net/photomng/imgpath/201810/18/7cf0423f-14c9-4fe3-b525-d5553969cacb.jpg,https://api.cdn.visitjeju.net/photomng/thumbnailpath/201810/18/d1bc0670-dd68-4453-b01d-dda34dfb30b5.jpg,"['친구', '경관/포토', '드라이브', '우정스냅', '포토스팟', '반려동물동반_산책로', '반려동물', '반려동물동반입장', '혼저옵서개', '반려동물동반_자연', '실외', '하', '기타', '사진 촬영', '1시간 미만']"
CNTS_000000000018855,제주올레 5코스,제주특별자치도 서귀포시 남원읍 남태해안로 140,남원포구에서부터 쇠소깍 다리까지 끊이지 않는 이야기길,33.273167,126.70446,064-762-2190,region2,서귀포시,25,남원,제주올레 5코스,2019022590650,https://api.cdn.visitjeju.net/photomng/imgpath/202111/22/457f66cb-fed3-47d0-8c41-954f2496a7c4.jpg,https://api.cdn.visitjeju.net/photomng/thumbnailpath/202111/22/cfd6c380-6997-43c9-98cd-66a531c291da.jpg,"['올레', '걷기/등산', '친구', '혼자', '맑음', '여름', '자연경관', '도보여행', '도보']"
CNTS_000000000019750,남원큰엉해변,제주특별자치도 서귀포시 남원읍 태위로 522-17,때묻지 않은 기암절벽이 아름다운 해양경승지,33.27338,126.70375,--,region2,서귀포시,25,남원,Namwon Keuneong Promenade,6285,https://api.cdn.visitjeju.net/photomng/imgpath/201804/30/9c0c97e8-e68c-4506-8927-fdf468a7c3c0.jpg,https://api.cdn.visitjeju.net/photomng/thumbnailpath/201804/30/d6c66fd7-a08b-45c8-bf7f-1ac90c994599.jpg,"['해변', '경관/포토', '맑음', '여름', '실외', '중', '기타', '전망 관람', '1시간 미만', '자연경관', '포토스팟', '공영관광지']"
CONT_000000000500262,불탑사 (5층석탑),제주특별자치도 제주시 원당로16길 41,보물 제1187호로 지정되어 보호받고 있는 제주도내 유일 고려시대 석탑,33.5291414,126.5979893,064-728-2731,region1,제주시,11,제주시내,Five-story Stone Pagoda of Bultapsa Temple,18055,https://api.cdn.visitjeju.net/photomng/imgpath/201804/30/519f66e5-5697-466e-90e8-6721acd8f723.jpg,https://api.cdn.visitjeju.net/photomng/thumbnailpath/201804/30/92b05aa9-98e8-4ac1-8564-00d92e285b4e.jpg,"['문화유적지', '사계절', '부모', '아이', '혼자', '친구', '커플', '공용주차장', '화장실', '음료대', '유도 및 안내시설', '아주 어려움', '문화관광', '역사유적', '어트랙션']"
CNTS_300000000012832,감귤박물관 감귤따기 체험,제주특별자치도 서귀포시 효돈순환로 441,주렁주렁 노랗게 익은 감귤을 직접 딸 수 있는 체험장,33.27127979999999,126.6076749,064-767-3010,region2,서귀포시,21,서귀포시내,감귤박물관 감귤따기 체험,2019022624138,https://api.cdn.visitjeju.net/photomng/imgpath/202311/21/d37fb821-40fb-4510-b001-9415cc2f186d.jpg,https://api.cdn.visitjeju.net/photomng/thumbnailpath/202311/21/424acb06-d689-4a7b-bcc7-6739b1afb9be.jpg,"['효돈', ' 감귤따기체험']"
CNTS_000000000020236,산지천,제주특별자치도 제주시 건입동,동문시장에서 제주항까지 이어진 내천,33.513171187305915,126.52725147536319,,region1,제주시,11,제주시내,산지천,2019022592358,https://api.cdn.visitjeju.net/photomng/imgpath/202112/01/32f7e2e5-ac49-4a9c-af42-13214b9bc2a3.jpg,https://api.cdn.visitjeju.net/photomng/thumbnailpath/202112/01/bfb0901f-6b32-4d15-ae29-614da0d2b612.jpg,"['계곡', '걷기/등산', '아이', '자연경관', '어린이', '물놀이']"
CNTS_200000000007157,사계 용머리해안 (해산물),제주특별자치도 서귀포시 안덕면 사계남로216번길 28,서귀포 산방산 해안에 자리 잡은 용머리해안. 수천 만 년 동안 층층이 쌓인 암벽으로 이루어진 용머리 해안은 서귀포에서도 손에 꼽히는 자연명소이다.,33.2336721,126.311389,,region2,서귀포시,23,안덕,사계 용머리해안,2018052301305,https://api.cdn.visitjeju.net/photomng/imgpath/201807/04/a62307e1-f5db-4afe-b421-be203fd08a78.jpg,https://api.cdn.visitjeju.net/photomng/thumbnailpath/201807/04/59050f1f-ab1d-47ff-936b-71e7a264d803.jpg,"['부모', '커플', '혼자', '친구', '경관/포토', '휴식/힐링', '문화유적지', '사계절', '청년', '중/장년', '노년', '휴식/치유', '공용주차장', '현금결제', '카드결제', '화장실', '편의점', '실외', '하', '1시간 미만', '자연경관', '역사유적', '포토스팟']"
CNTS_000000000020231,제주올레 2코스,제주특별자치도 서귀포시 성산읍 고성리 2563-3,광치기해변에서 온평포구 까지,33.43367,126.8973,064-762-2190,region2,서귀포시,17,성산,제주올레 2코스,2019022559668,https://api.cdn.visitjeju.net/photomng/imgpath/201908/14/9960a419-4355-4cae-a4c4-a456f14c82c6.jpg,https://api.cdn.visitjeju.net/photomng/thumbnailpath/201908/14/8805858c-e133-43b9-b2f8-fb687f88fef9.jpg,"['올레', '걷기/등산', '친구', '봄', '가을', '자연경관', '도보여행', '도보']"
CONT_000000000500410,안덕계곡,제주특별자치도 서귀포시 안덕면 일주서로 1524,"'구가의 서' 촬영지, 제주의 아름다운 계곡 중 하나로 꼽히는 신비한 안덕계곡",33.258442,126.3529777,064-794-9001,region2,서귀포시,23,안덕,안덕계곡,2019022643326,https://api.cdn.visitjeju.net/photomng/imgpath/202410/17/bc9d8107-4910-42c8-8786-cd6f575836c2.jpg,https://api.cdn.visitjeju.net/photomng/thumbnailpath/202410/17/bee4b88c-cdf6-41e1-b9fa-390036de6843.jpg,"['서귀포', ' 제주서쪽가볼만한곳', ' 제주여행추천', ' 제주도볼거리', ' 제주계곡', ' 안덕', ' 제주자연', ' 산책로', '공용주차장', '화장실', '유도 및 안내시설', '아주 어려움', '실외', '상', '1~2시간']"
CONT_000000000500237,범섬,제주특별자치도 서귀포시 법환동,면면이 기괴한 자태의 신비함을 간직한 섬,33.218575,126.517075,064-710-6656,region2,서귀포시,21,서귀포시내,범섬,2019022588505,https://api.cdn.visitjeju.net/photomng/imgpath/202111/12/7c4ce45c-884f-4a99-ad0c-3195b71a9c7b.jpg,https://api.cdn.visitjeju.net/photomng/thumbnailpath/202111/12/cc892067-dbbc-483d-83bd-68f6817a6e85.jpg,"['경관/포토', '휴식/힐링', '휴식/치유', '맑음', '자연경관', '섬속의섬', '포토스팟', '아주 어려움', 'UNESCO 생물권보전지역']"
CNTS_200000000007852,제주인디,제주특별자치도 서귀포시 성산읍 중산간동로 4150-30,일출랜드 아트센터 내에 위치한 자연염색 체험관,33.3833933,126.84245,064-782-7654,region2,서귀포시,17,성산,제주인디,2018052308575,https://api.cdn.visitjeju.net/photomng/imgpath/201811/12/dad6c89c-2744-4faf-a1b2-e1cc9ebc8bba.jpg,https://api.cdn.visitjeju.net/photomng/thumbnailpath/201811/12/fe795426-d5dd-4386-b71f-e5546945bc1e.jpg,"['자연염색', ' 천연염색', ' 체험관광', '천연염색', '체험관광', '체험', '어트랙션']"
CNTS_000000000022135,루나폴,제주특별자치도 서귀포시 안덕면 일주서로 1836,밤이 되어야 열리는 세계 최대 규모 나이트 디지털 테마파크,33.2574551,126.3225226,064-794-9680,region2,서귀포시,23,안덕,루나폴,2019022640327,https://api.cdn.visitjeju.net/photomng/imgpath/202409/12/a5a10304-c41a-409d-b261-8ebbfb397e11.jfif,,"['제주여행', ' 제주도놀거리', ' 제주테마파크', ' 달', ' 스토리', ' 소원', ' 야간개장', ' 서귀포관광', '공용주차장', '현금결제', '카드결제', '화장실', '유도 및 안내시설', '무료 WIFI', '흡연구역', '단독접근가능', '청각장애인 접근성', '시각장애인 접근성', '수동 휠체어 대여 가능', '장애인 화장실', '쉬움', '실외', '중', '1~2시간']"
CNTS_000000000019074,제주올레 18-1코스,제주특별자치도 제주시 추자면 묵리 산 133,제주의 또 다른 섬 추자도를 여행하는 올레코스,33.951923,126.30764,064-762-2190,region3,섬 속의 섬,32,추차도,Jeju Olle Course 18-1,4207,https://api.cdn.visitjeju.net/photomng/imgpath/201804/30/f2f6fd85-0311-415e-b895-b474aec6aa04.jpg,https://api.cdn.visitjeju.net/photomng/thumbnailpath/201804/30/38536edf-7af7-4d15-a3d1-626ce77dd3f8.jpg,"['올레', '걷기/등산', '친구', '혼자', '봄', '가을', '자연경관', '도보여행', '도보']"
CNTS_300000000012854,용연구름다리,제주특별자치도 제주시 흥운길 73,제주의 은은한 야경을 느낄 수 있는 곳,33.5152142,126.5139637,064-728-3917,region1,제주시,11,제주시내,용연구름다리,2019022625850,https://api.cdn.visitjeju.net/photomng/imgpath/202311/28/517a602c-0c88-4874-b6e8-6e0aa1b14326.jpg,https://api.cdn.visitjeju.net/photomng/thumbnailpath/202311/28/94a989b1-03ca-463c-8fe0-567ca21341d2.jpg,"['용담', ' 야경명소']"
CNTS_000000000019854,조천함덕해안도로,제주특별자치도 제주시 조천읍 조천8길 14-1,조천과 함덕을 연결해 주는 이국적인 해안도로,33.52976,126.6448,--,region1,제주시,15,조천,조천함덕해안도로,2019022590676,https://api.cdn.visitjeju.net/photomng/imgpath/202111/22/48f9be2b-f5e2-48c1-8545-f5cb26f14924.jpg,https://api.cdn.visitjeju.net/photomng/thumbnailpath/202111/22/6b363840-4fe1-4d7d-9ec4-661742f0c0d9.jpg,"['일몰', '드라이브', '맑음']"
CONT_000000000500130,당오름(안덕면),제주특별자치도 서귀포시 안덕면 동광리 산 68-1,뱀을 신으로 모시던 신당이 있던 오름,33.332428,126.3365,,region2,서귀포시,23,안덕,Dang Oreum Volcanic Cone (Andeok-myeon),17397,https://api.cdn.visitjeju.net/photomng/imgpath/201804/30/6fc0af07-a582-48ed-a89b-1c76c369eec8.jpg,https://api.cdn.visitjeju.net/photomng/thumbnailpath/201804/30/b74631cd-c107-4ec3-87b5-5f2e03502337.jpg,"['오름', '걷기/등산', '자연경관', '도보여행', '도보']"
CNTS_200000000007464,밸런싱 요가,제주특별자치도 제주시 중앙로 492,잔잔한 호흡의 요가와 함께 기구를 활용한 필라테스를 즐겨보자. 제주 시내 아라동에 있는 밸런싱요가에서는 다양한 프로그램을 체험할 수 있다.,33.4791921,126.5431924,0507-1401-6542,region1,제주시,11,제주시내,밸런싱 요가,2018052305092,https://api.cdn.visitjeju.net/photomng/imgpath/201809/03/7ad39f35-10a1-4db4-a616-200fb0a61122.jpg,https://api.cdn.visitjeju.net/photomng/thumbnailpath/201809/03/0962f1e8-1e9b-4887-87d0-4e8132192077.jpg,"['혼자', '필라테스', '메디컬요가', '요가', '어트랙션', '공용주차장', '현금결제', '카드결제', '화장실', '체험', ' 기구 필라테스', ' 메디컬 요가', '1~2시간']"
CNTS_000000000022118,중문미로공원,제주특별자치도 서귀포시 일주서로 1225-5,중문미로파크는 중문에 위치한 미로테마파크입니다.,33.2631,126.38159,064-738-0667,region2,서귀포시,24,중문,Jungmun Maze Park,12956,https://api.cdn.visitjeju.net/photomng/imgpath/201804/30/c27de60f-1789-461b-9068-be1244bc74aa.png,https://api.cdn.visitjeju.net/photomng/thumbnailpath/201804/30/f09337a8-ab29-4980-a880-1e2be89649c2.png,"['테마공원', '아이', '가을', '체험', '어린이', '어트랙션', '공용주차장', '화장실']"
CNTS_000000000020170,서귀포층패류화석산지,제주특별자치도 서귀포시 남성중로 43,"대한민국의 천연기념물 제195호 / 
문의: 지질공원 탐방안내소 ☎064-762-7743",33.239625112552034,126.55798735759436,064-762-7743,region2,서귀포시,21,서귀포시내,서귀포층패류화석산지,2019022602608,https://api.cdn.visitjeju.net/photomng/imgpath/202207/08/f8a67ded-9b3a-4c56-9a8a-2fa114ffe337.jpg,https://api.cdn.visitjeju.net/photomng/thumbnailpath/202207/08/e283a36e-93f2-475e-826a-7497395db86b.jpg,"['지질공원', '해변', '경관/포토', '맑음', '자연경관', '포토스팟', '어트랙션', '유네스코', '아주 어려움']"
CNTS_000000000022743,바이나흐튼 크리스마스 박물관,제주특별자치도 서귀포시 안덕면 평화로 654,"부부가 여행하며 모은 크리스마스 장식 전시, 독일의 바이나흐튼을 참고해 만든 크리스마스 박물관",33.308956,126.3279,010-4602-7976,region2,서귀포시,23,안덕,바이나흐튼 크리스마스 박물관,2019022595150,https://api.cdn.visitjeju.net/photomng/imgpath/202112/22/77bb9cee-acbd-4d79-a002-deff69868de0.jpg,https://api.cdn.visitjeju.net/photomng/thumbnailpath/202112/22/567daea1-46ae-420f-825a-e66733a33728.jpg,"['실내', '미술/박물관', '아이', '흐림', '겨울', '실내관광지', '문화관광', '박물관', '어린이', '어트랙션', '공용주차장', '현금결제', '카드결제']"
CNTS_000000000018435,윗세오름(웃세오름),제주특별자치도 제주시 애월읍 광령리 산 183-1,"한라산을 제외하고 가장 높은 오름, 어리목, 영실, 돈내코 탐방로와 연결",33.3701721,126.4819697,064-713-9950,region1,제주시,12,애월,윗세오름(웃세오름),2019022585995,https://api.cdn.visitjeju.net/photomng/imgpath/202111/01/3502011d-a44b-439a-b1e2-91e4c2c8415b.JPG,https://api.cdn.visitjeju.net/photomng/thumbnailpath/202111/01/50a1390d-f55f-42bb-a327-bae3f66033cd.JPG,"['오름', '걷기/등산', '친구', '자연경관', '도보여행', '도보', '한라산', '언택트', '공용주차장', '화장실', '유도 및 안내시설', '경보 및 피난시설']"
CNTS_300000000013611,월정바즐서핑앤패들보드,제주특별자치도 제주시 구좌읍 월정3길 47,"월정리 해수욕장에서 서핑, 배들보드 강습을 전문으로 하는 곳",33.5553225,126.7942488,0507-1379-4480,region1,제주시,16,구좌,월정바즐서핑앤패들보드,2019022653740,https://api.cdn.visitjeju.net/photomng/imgpath/202507/04/0ad57efc-0f88-420d-9e87-d6a2d7ddc767.jpg,https://api.cdn.visitjeju.net/photomng/thumbnailpath/202507/04/ec686eef-1b95-4553-a9d2-49d83a6ec26d.jpg,"['서핑', ' 패들보드', ' 체험', ' 일일강습', ' 월정리', ' 월정해변', ' 바다', ' 물놀이', '현금결제', '카드결제', '화장실', '무료 WIFI']"
CNTS_000000000020012,탑동해변공연장,제주특별자치도 제주시 중앙로 2,제주시 탑동에 위치한 해변공연장,33.518116,126.5241853,064-728-3453,region1,제주시,11,제주시내,탑동해변공연장,2019022593826,https://api.cdn.visitjeju.net/photomng/imgpath/202112/09/07a05c85-0944-4307-9954-6c00ad5bd7b8.jpg,https://api.cdn.visitjeju.net/photomng/thumbnailpath/202112/09/a8ef3f12-e02b-4421-98cf-f7fbc9ac0e1c.jpg,"['부모', '커플', '혼자', '친구', '아이', '맑음', '여름', '해변', '어린이', '어트랙션']"
CONT_000000000500560,제주승마공원,제주특별자치도 제주시 애월읍 녹고메길 152-1,"국내 최대 외승,트래킹/ 국내 최초 야외 야간 승마 및 전문 승마체험 및 회원제 승마장",33.4052867,126.405382,0507-1350-9540,region1,제주시,12,애월,제주승마공원,2019022619963,https://api.cdn.visitjeju.net/photomng/imgpath/202307/26/202bf177-0edd-4e66-9e43-d1d90e873149.jpg,https://api.cdn.visitjeju.net/photomng/thumbnailpath/202307/26/bef1f8f7-527e-4afa-80f0-6d619b823fae.jpg,"['승마', '액티비티', '친구', '커플', '체험', '레저/체험', '어트랙션', '무장애관광', '러닝홀리데이인제주', '공용주차장', '현금결제', '카드결제', '화장실', '무료 WIFI', '음료대', '유도 및 안내시설', '경보 및 피난시설', '단차없음', '어려움', '1시간 미만']"
CNTS_300000000015851,모비딕다이브,제주특별자치도 서귀포시 남성중로121번길 12,제주도내 유일 요트 다이빙 체험,33.2427874,126.5555851,064-733-1038,region2,서귀포시,21,서귀포시내,모비딕다이브,2019022617648,https://api.cdn.visitjeju.net/photomng/imgpath/202306/18/15a624c9-9c8c-457d-a70d-d91781f62af6.jpg,https://api.cdn.visitjeju.net/photomng/thumbnailpath/202306/18/8a541f3f-3712-45fb-81d7-af7039ba5e62.jpg,"['맑음', '체험관광', '액티비티', '해변', ' 서귀포', ' 서핑', '실외', '중', '2~3시간']"
CNTS_300000000013092,송당곶자왈,제주특별자치도 제주시 구좌읍 송당리 산 8-1,제주의 허파이자 보물. 송당곶자왈에서 힐링하세요,33.49088462443554,126.79377701052859,,region1,제주시,16,구좌,송당곶자왈,2019022636922,https://api.cdn.visitjeju.net/photomng/imgpath/202407/25/6cb839ef-cb09-40f8-8438-cf24e5b4a67f.jpg,https://api.cdn.visitjeju.net/photomng/thumbnailpath/202407/25/17c1b799-8e51-444e-8b09-701624e39afa.jpg,"['제주도', ' 제주여행', ' 제주', ' 제주동쪽가볼만한곳', ' 곶자왈', ' 제주곶자왈', ' 제주힐링', ' 제주숨은스팟', '실외', '중', '2~3시간']"
CONT_000000000500707,휴애리 자연생활공원,제주특별자치도 서귀포시 남원읍 신례동로 256,자연속 동·식물들과 교감이 있는 체험형 자연생활공원,33.3330338,126.6180657,064-732-2114,region2,서귀포시,25,남원,휴애리 자연생활공원,2019022622134,https://api.cdn.visitjeju.net/photomng/imgpath/202308/29/4c6ef2f3-3fa8-44fd-978b-de5559495d58.jpg,https://api.cdn.visitjeju.net/photomng/thumbnailpath/202308/29/0b6c68ef-bf35-47fc-8730-b92054da32f7.jpg,"['제주여행', '제주도서귀포가볼만한곳', '계절꽃축제', '포토스팟', '동물농장', '먹이주기', '제주자연', '제주도체험', '힐링', '반려동물', ' 반려동물동반입장', '혼저옵서개', '반려동물동반_관광지', '공용주차장', '현금결제', '카드결제', '화장실', '무료 WIFI', '편의점', '음료대', '유도 및 안내시설', '경보 및 피난시설', '임산부 휴게시설', '단독접근가능', '단차없음', '저상버스 접근 가능', '장애인 화장실', '장애인 전용 주차장', '수동 휠체어 대여 가능', '쉬움', '실내+실외', '하', '체험', '공연/전시', '1~2시간']"
CONT_000000000500442,여미지식물원,제주특별자치도 서귀포시 중문관광로 93,마음의 안식을 주는 동양 최대의 온실 식물원,33.2531755,126.4149952,064-735-1100,region2,서귀포시,24,중문,여미지식물원,2019022586341,https://api.cdn.visitjeju.net/photomng/imgpath/202111/02/da2c9853-630b-4527-9a7b-68c5c2634d64.jpg,https://api.cdn.visitjeju.net/photomng/thumbnailpath/202111/02/147c360f-1993-403f-849e-a06eb966c14b.jpg,"['제주도여행', '제주중문가볼만한곳', '서귀포관광지', '식물원', '힐링', '포토존', '중문관광단지', '실내관광지', '반려동물', ' 반려동물동반입장', ' 혼저옵서개', ' 반려동물동반_관광지', '우수관광사업체', '공용주차장', '현금결제', '카드결제', '화장실', '편의점', '음료대', '유도 및 안내시설', '경보 및 피난시설', '임산부 휴게시설', '문화누리카드', '단독접근가능', '단차없음', '장애인 화장실', '장애인 전용 주차장', '어려움', '실내', '중', '공연/전시', '포토스팟', '2~3시간']"
CONT_000000000500057,관덕정,제주특별자치도 제주시 관덕로 19,"국가지정 보물 제 322호로 제주에 현존하는 건물 중 가장 오래된 건물
· 제주시 삼도2동
· 보물 제322호
· 올레17코스
· 4·3 유적지",33.513355,126.52145,064-710-6718,region1,제주시,11,제주시내,관덕정,2019022559712,https://api.cdn.visitjeju.net/photomng/imgpath/201908/16/3752d151-dad4-4199-8227-0e5d96e56d8e.jpg,https://api.cdn.visitjeju.net/photomng/thumbnailpath/201908/16/d6bf6deb-efc5-493d-a2ba-ed3e13b4dbc6.jpg,"['제주도여행', ' 제주시가볼만한곳', ' 제주문화', ' 제주공항근처', ' 제주볼거리', ' 제주시내', ' 야간개장', ' 제주공연', '공용주차장', '화장실', '유도 및 안내시설', '아주 어려움', '1~2시간']"
CONT_000000000500514,일출랜드,제주특별자치도 서귀포시 성산읍 중산간동로 4150-30,"‘새로운 태양이 떠오르는 휴식 공간’이라는 주제로 설립된 일출랜드는 제주 토종 동백나무, 비자나무를 포함한 60만본의 식물들을 관리, 보존하고 있으며, 사계절 꽃의 축제가 열리고 있는 식물원이다. 천연용암동굴인 미천굴을 중심으로 수변공원, 잔디광장, 제주종갓집초가, 화석원, 분재정원, 조각의 거리, 공예체험 아트센터, 선인장 온실, 아열대 식물원 등 다양한 테마로 구성되어 있어, 제주 청정 자연의 생태, 문화, 체험을 모두 만나볼 수 있다.",33.3835243,126.8413634,064-784-2080,region2,서귀포시,17,성산,일출랜드,2019022601119,https://api.cdn.visitjeju.net/photomng/imgpath/202205/30/8d1fb97b-1ad0-48cc-9aa0-2ec519e9575c.jpg,https://api.cdn.visitjeju.net/photomng/thumbnailpath/202205/30/6c0e389e-0f69-4618-b7e0-0c6cbe9d1275.jpg,"['테마공원', '아이', '맑음', '실내관광지', '어트랙션', '안전여행스탬프', '가족', '체험', '곶자왈', '반려동물', '반려동물동반입장', '혼저옵서개', '반려동물동반_관광지', '무장애관광', '공용주차장', '현금결제', '카드결제', '화장실', '무료 WIFI', '편의점', '유도 및 안내시설', '단독접근가능', '단차없음', '저상버스 접근 가능', '장애인 화장실', '장애인 전용 주차장', '수동 휠체어 대여 가능', '쉬움', '실외', '중', '포토스팟', '공연/전시', '1~2시간']"
CONT_000000000500400,신양섭지해수욕장,제주특별자치도 서귀포시 성산읍 섭지코지로 88,"섭지코지 가는 길, 멋진 풍경과 아늑한 바다에 빠지다",33.4351929,126.9232266,064-760-4282,region2,서귀포시,17,성산,신양섭지해수욕장,2019022559478,https://api.cdn.visitjeju.net/photomng/imgpath/201908/08/9d19a7d3-97a8-4999-b849-123e46fc88bc.jpg,https://api.cdn.visitjeju.net/photomng/thumbnailpath/201908/08/80cbe593-d592-441d-8995-f44a6c2f0b69.jpg,"['해수욕장', '액티비티', '커플', '맑음', '여름', '자연경관', '체험', '레저/체험', '해변', '물놀이', '수상레저', '반려동물', '반려동물동반입장', '혼저옵서개', '반려동물동반_자연', '공용주차장', '화장실', '편의점', '음료대', '유도 및 안내시설', '아주 어려움']"
CNTS_000000000020124,용담/용두암 해안도로,제주특별자치도 제주시 서해안로 687-8,"용두암 인근 해변에 위치, 호텔, 횟집거리등 밀집되어있음",33.51556,126.51218,--,region1,제주시,11,제주시내,Yongduam Coastal Road,7493,https://api.cdn.visitjeju.net/photomng/imgpath/201804/30/954bc671-c295-478a-a408-26a8817083b4.jpg,https://api.cdn.visitjeju.net/photomng/thumbnailpath/201804/30/3efaa5b3-7ce0-471e-be76-379982071825.jpg,"['밤', '해변', '드라이브', '커플', '맑음', '가을', '자연경관']"
CONT_000000000500301,삼양해수욕장,제주특별자치도 제주시 삼양동,반짝이는 검은 모래가 특색인 해수욕장,33.525845,126.5863,064-728-3991,region1,제주시,11,제주시내,Samyang Black Sand Beach,18285,https://api.cdn.visitjeju.net/photomng/imgpath/201804/30/5ddda0d0-4174-4fd6-aa65-c9594d7ae77d.jpg,https://api.cdn.visitjeju.net/photomng/thumbnailpath/201804/30/a7f5d9d3-ddba-4dcc-9a5f-1966c701028c.jpg,"['해수욕장', '액티비티', '친구', '커플', '맑음', '여름', '자연경관', '체험', '레저/체험', '해변', '물놀이', '무장애관광', '반려동물동반_해변', '반려동물', '반려동물동반입장', '혼저옵서개', '반려동물동반_자연', '화장실', '편의점', '음료대', '유도 및 안내시설', '단독접근가능', '단차없음', '장애인 화장실', '아주 어려움']"
CNTS_000000000001196,표선해수욕장,제주특별자치도 서귀포시 표선면 표선리,너른 백사장이 매력적인 서귀포 동남부 해수욕장,33.32723069299215,126.83810144720462,064-760-4992,region2,서귀포시,26,표선,표선해수욕장,2019022585792,https://api.cdn.visitjeju.net/photomng/imgpath/202110/29/f839045d-a0e5-4f28-a980-c29b57406d4a.jpg,https://api.cdn.visitjeju.net/photomng/thumbnailpath/202110/29/75201e85-e5f0-498a-986a-043dac98d1fb.jpg,"['해수욕장', '액티비티', '커플', '맑음', '여름', '자연경관', '체험', '레저/체험', '해변', '물놀이', '수상레저', '무장애관광', '반려동물동반_해변', '반려동물', '반려동물동반입장', '혼저옵서개', '반려동물동반_자연', '화장실', '음료대', '유도 및 안내시설', '경보 및 피난시설', '단독접근가능', '단차없음', '장애인 화장실', '쉬움']"
CONT_000000000500701,화순금모래해수욕장,제주특별자치도 서귀포시 안덕면 화순해안로 91,야외 수영장에서 담수욕을 즐길 수 있는 해수욕장,33.239579490694844,126.33383992114864,064-760-4372,region2,서귀포시,23,안덕,Hwasun Golden Sand Beach ,20378,https://api.cdn.visitjeju.net/photomng/imgpath/201804/30/1870af1d-0694-450a-a960-b5743558461a.jpg,https://api.cdn.visitjeju.net/photomng/thumbnailpath/201804/30/4290c261-f156-4985-ab0b-37a8868e3bd3.jpg,"['해수욕장', ' 제주도해수욕장', '  해변', ' 서귀포해수욕장', ' 해수욕장개장', ' 제주도바다', ' 제주도해변', ' 제주도해변추천', ' 제주서쪽여행지', ' 반려동물', ' 반려동물동반입장', ' 혼저옵서개', ' 반려동물동반_자연', '공용주차장', '화장실', '음료대', '유도 및 안내시설', '경보 및 피난시설', '아주 어려움']"
CONT_000000000500083,김녕해수욕장,제주특별자치도 제주시 구좌읍 구좌해안로 237,  김녕해수욕장에서 열리는 성세기해변축제 보러오세요 ,33.557926,126.75998,064-728-3988,region1,제주시,16,구좌,김녕해수욕장,2019022635477,https://api.cdn.visitjeju.net/photomng/imgpath/202407/15/92793810-56d3-493c-8566-55c63922229f.jpg,https://api.cdn.visitjeju.net/photomng/thumbnailpath/202407/15/fc931694-3362-4945-b566-be8d926476d7.jpg,"['제주도', '제주여행', '여름', '제주바다', '제주동쪽가볼만한곳', '김녕', '바다', '제주해변', '서핑', '반려동물', '반려동물동반입장', '혼저옵서개', '반려동물동반_자연', '공용주차장', '화장실', '흡연구역', '편의점', '음료대', '유도 및 안내시설', '아주 어려움']"
CONT_000000000500570,제주절물자연휴양림,제주특별자치도 제주시 명림로 584,삼나무 숲에서 즐기는 산림욕,33.4302354,126.6227963,064-728-1510,region1,제주시,11,제주시내,제주절물자연휴양림,2019022639246,https://api.cdn.visitjeju.net/photomng/imgpath/202408/26/805247f8-451f-4ff7-88ec-d4512ee1fb3e.jpg,https://api.cdn.visitjeju.net/photomng/thumbnailpath/202408/26/131ed198-3674-48f0-907a-5e86178b9875.jpg,"['제주여행', ' 자연휴양림추천', ' 숲속의집', ' 휴양림', ' 힐링', ' 숲길', ' 제주자연', ' 제주산책', ' 가족여행', '공용주차장', '현금결제', '카드결제', '화장실', '유도 및 안내시설', '경보 및 피난시설', '단독접근가능', '단차없음', '청각장애인 접근성', '시각장애인 접근성', '저상버스 접근 가능', '장애인 화장실', '장애인 전용 주차장', '수동 휠체어 대여 가능', '전동 휠체어 대여 가능', '쉬움', '실외', '상', '기타', '산책로', '1~2시간']"
CONT_000000000500079,금능해수욕장,제주특별자치도 제주시 한림읍 금능길 119-10,"제주시 한림읍에 위치한 금능해수욕장은 서쪽의 인기 명소인 협재해수욕장과 바로 이어져 있다. 파란 물감을 풀어놓은 것 같은 바다부터 생김새가 귀여운 비양도, 촉감이 보슬거리는 모래사장까지 이웃한 해변과 비슷한 풍경을 품고 있지만 그보다 사람이 붐비지 않아 여유로운 것이 매력이다. ",33.390003,126.23591,064-728-3983~4,region1,제주시,13,한림,금능해수욕장,2019022584399,https://api.cdn.visitjeju.net/photomng/imgpath/202110/25/37a29724-f256-403b-ac0e-3f6207fae2e1.JPG,https://api.cdn.visitjeju.net/photomng/thumbnailpath/202110/25/120296bb-0959-4579-ad37-c559e95b434c.JPG,"['일몰', '해수욕장', '액티비티', '아이', '맑음', '여름', '자연경관', '체험', '레저/체험', '해변', '물놀이', '어린이', '수상레저', '반려동물', '반려동물동반입장', '혼저옵서개', '반려동물동반_자연', '공용주차장', '화장실', '편의점', '음료대', '유도 및 안내시설', '아주 어려움']"
CNTS_000000000020343,모슬포항,제주특별자치도 서귀포시 대정읍 신영로36번길 48,서귀포시 대정읍 하모리에 위치한 항,33.218925,126.24864,--,region2,서귀포시,22,대정,모슬포항,2019022559268,https://api.cdn.visitjeju.net/photomng/imgpath/201908/06/866edac6-7704-4b8e-a131-62b0c125d78a.jpg,https://api.cdn.visitjeju.net/photomng/thumbnailpath/201908/06/8b36910c-5b9b-4d46-8794-91613b0f880c.jpg,"['커플', '친구', '맑음', '해변', '공용주차장']"
CNTS_200000000007634,법정사,제주특별자치도 서귀포시 1100로 740-168,법정사항일운동의 발상지로 알려져있는 역사적 장소,33.3187394,126.4848583,,region2,서귀포시,21,서귀포시내,법정사,2018052307035,https://api.cdn.visitjeju.net/photomng/imgpath/201810/19/eacc0e18-9724-4b8c-a3bb-854828376080.jpg,https://api.cdn.visitjeju.net/photomng/thumbnailpath/201810/19/543deee3-2af6-4b48-a951-e9060d0d42f0.jpg,"['역사', ' 유적지', '유적지', '체험', '역사유적', '어트랙션']"
CNTS_300000000016091,나드 보컬 스튜디오,제주특별자치도 제주시 중앙로 234-1,직접 부르는 노래로 제주 휴가를 특별하게 보낼 수 있는 나드 보컬 스튜디오,33.4987647,126.5301679,0507-1437-7586,region1,제주시,11,제주시내,나드 보컬 스튜디오,2019022620039,https://api.cdn.visitjeju.net/photomng/imgpath/202307/26/268394ba-f86f-4a9a-b247-ada206647815.jpg,https://api.cdn.visitjeju.net/photomng/thumbnailpath/202307/26/ff35d476-9df6-42d0-a753-897e37b49876.jpg,"['노래', '레슨', '보컬', '입시', '오디션', '취미', '가수', '러닝홀리데이인제주']"
CONT_000000000500281,사려니숲길,제주특별자치도 제주시 조천읍 교래리 산 137-1,"제주 숨은 비경 31, 삼나무 향기에 취하며 걷는 아름답고 청정한 숲길",33.4180631,126.6534847,064-900-8800,region1,제주시,15,조천,사려니숲길,2019022638397,https://api.cdn.visitjeju.net/photomng/imgpath/202408/16/3e9b8ced-481a-4c7b-9c6d-8cc867c9296c.jpg,https://api.cdn.visitjeju.net/photomng/thumbnailpath/202408/16/a1b79a17-078f-4232-be2d-980f5f5e2a6e.jpg,"['제주여행', ' 제주도갈만한곳', ' 한라산둘레길', ' 힐링제주', ' 삼나무', '스트레스해소', ' 화산송이', '화장실', '어려움']"
CNTS_000000000018383,황우지해안,제주특별자치도 서귀포시 서홍동 766-1,선녀가 물놀이 했다는 전설이 있는 자연형성 풀장,33.241566,126.54981,064-760-4601,region2,서귀포시,21,서귀포시내,Hwanguji Coast,2472,https://api.cdn.visitjeju.net/photomng/imgpath/201804/30/0071520b-9cd5-4f07-8a83-4612ac077975.jpg,https://api.cdn.visitjeju.net/photomng/thumbnailpath/201804/30/26238495-a107-4236-9ec9-279cda7120a4.jpg,"['해변', '경관/포토', '액티비티', '친구', '커플', '맑음', '여름', '자연경관', '체험', '레저/체험', '포토스팟', '수상레저', '어트랙션']"
CNTS_000000000020139,제주레일바이크,제주특별자치도 제주시 구좌읍 용눈이오름로 641,스릴과 힐링! 제주의 대자연을 달리고 체험하는 제주레일바이크,33.4646218,126.8369517,064-783-0033,region1,제주시,16,구좌,제주레일바이크,2019022586775,https://api.cdn.visitjeju.net/photomng/imgpath/202111/04/df1eaad9-1cb5-4d22-ae74-92edf0e6a860.jpg,https://api.cdn.visitjeju.net/photomng/thumbnailpath/202111/04/dbc89eb5-76d3-492c-b2ce-0d75eb36dd09.jpg,"['반려동물', '반려동물동반입장', '혼저옵서개', '반려동물동반_관광지', '제주도관광', '제주도놀거리', '레일바이크', '어트랙션', '제주체험', '제주동쪽가볼만한곳', '제주어린이체험', '액티비티', '우수관광사업체', '공용주차장', '현금결제', '카드결제', '화장실', '편의점', '단독접근가능', '단차없음', '장애인 전용 주차장', '어려움', '실외', '하', '체험', '1시간 미만']"
CONT_000000000500457,오설록티뮤지엄,제주특별자치도 서귀포시 안덕면 신화역사로 15,"제주녹차문화의 중심, 차박물관과 카페테리아, 2016 KOREAT JEJU TOP 30 선정",33.30601,126.2901309,064-794-5312,region2,서귀포시,23,안덕,오설록티뮤지엄,2019022638833,https://api.cdn.visitjeju.net/photomng/imgpath/202408/21/2aa92c1e-5dec-48f0-a3f5-ef5bb271bb51.jpg,https://api.cdn.visitjeju.net/photomng/thumbnailpath/202408/21/256f72ce-2f8d-4e8b-a6bb-54d4bb6bd329.jpg,"['제주여행', ' 제주도놀거리', ' 제주도체험', ' 오설록', ' 차밭', ' 힐링', ' 녹차', ' 디저트', '공용주차장', '현금결제', '카드결제', '화장실', '무료 WIFI', '편의점', '음료대', '유도 및 안내시설', '경보 및 피난시설', '엘리베이터', '단독접근가능', '단차없음', '시각장애인 접근성', '장애인 화장실', '승강기', '장애인 전용 주차장', '수동 휠체어 대여 가능', '어려움', '실외', '중', '포토스팟', '1시간 미만']"
CONT_000000000500178,마복이오름,제주특별자치도 서귀포시 안덕면 상천리 산 83,마파람이 시원한 마복이 오름,33.31936889858197,126.39236368786618,064-793-5015,region2,서귀포시,23,안덕,마복이오름,2019022599873,https://api.cdn.visitjeju.net/photomng/imgpath/202203/28/d5337dd1-5ace-4e17-bcbf-570eccc8f0a9.JPG,https://api.cdn.visitjeju.net/photomng/thumbnailpath/202203/28/4fe3aac4-c96b-4f77-bafa-a71d8042d244.JPG,"['오름', '걷기/등산', '자연경관', '도보여행', '도보']"
CONT_000000000500287,산방굴사,제주특별자치도 서귀포시 안덕면 사계리 산 16,불상이 있어 사찰로 불리는 아름다운 풍광을 가진 산방굴사,33.243855,126.31332,064-760-6321,region2,서귀포시,23,안덕,산방굴사,2019022588720,https://api.cdn.visitjeju.net/photomng/imgpath/202111/12/0ff17322-5323-4be7-911f-c2c737e2cd9d.jpg,https://api.cdn.visitjeju.net/photomng/thumbnailpath/202111/12/4bb55fed-1be0-4556-bd39-b425be82c82f.jpg,"['문화유적지', '부모', '맑음', '문화관광', '역사유적', '공용주차장', '현금결제', '카드결제', '화장실', '편의점', '음료대', '유도 및 안내시설', '아주 어려움', 'UNESCO 세계지질공원']"
CONT_000000000500250,본태박물관,제주특별자치도 서귀포시 안덕면 산록남로762번길 69,세계적인 건축가 안도다다오의 자연 친화적인 건축과 전통공예 · 현대미술의 조화,33.3038302,126.3925024,064-792-8108,region2,서귀포시,23,안덕,본태박물관,2019022586722,https://api.cdn.visitjeju.net/photomng/imgpath/202111/04/c0e907e9-4cf5-4803-a3a5-bd3806b6e218.JPG,https://api.cdn.visitjeju.net/photomng/thumbnailpath/202111/04/0bbf3619-d244-443c-b314-6c5e8ccfb8ed.JPG,"['제주관광', '제주도실내가볼만한곳', '제주전시', '안도다다오', '쿠사마야요이', '백남준', '고미술', '현대미술', '제주건축', '실내명소', '단독접근가능', '단차없음', '수동 휠체어 대여 가능', '어려움', '실내', '하', '1~2시간']"
CNTS_200000000009501,궁대오름(궁대악),제주특별자치도 서귀포시 성산읍 금백조로 446,"오름의 모양새가 마치 활처럼 생기고, 오름 허리에 활(궁·弓)자 모양의 띠가 둘러져 있어 궁대오름, 한자로 궁대악(弓帶岳)으로 불리는 오름.
",33.4405616,126.8220889,064-787-4711,region2,서귀포시,17,성산,궁대오름(궁대악),2019022566430,https://api.cdn.visitjeju.net/photomng/imgpath/201911/19/1d3d1dd4-41ba-46db-a627-cf393da6c757.JPG,https://api.cdn.visitjeju.net/photomng/thumbnailpath/201911/19/4bc684bb-c83b-4f51-8a24-fc9f148ea805.JPG,"['부모', '커플', '친구', '경관/포토', '휴식/힐링', '테마공원', '오름', '사계절', '청년', '중/장년', '휴식/치유', '자연경관', '도보여행', '도보', '포토스팟']"
CONT_000000000500075,그랑블루호(선상낚시),제주특별자치도 서귀포시 남원읍 위미중앙로180번길 10,배위에서 느끼는 제주바다의 짜릿한 손맛,33.2746809,126.6626636,010-2212-1690,region2,서귀포시,25,남원,그랑블루호,2019022558169,https://api.cdn.visitjeju.net/photomng/imgpath/201907/23/0de75bf4-552d-4197-ad03-1d9613562ff6.jpg,https://api.cdn.visitjeju.net/photomng/thumbnailpath/201907/23/305eb6c2-c1cf-44db-9e19-7344398d5f5b.jpg,"['낚시', '액티비티', '커플', '현금결제', '카드결제', '화장실', '경보 및 피난시설', '아주 어려움', '체험', '레저/체험', '수상레저', '어트랙션']"
CNTS_200000000007377,효명사,제주특별자치도 서귀포시 남원읍 516로 815-41,한라산 중턱에 위치한 소박한 사찰,33.3420367,126.5884214,064-733-4950,region2,서귀포시,25,남원,효명사,2018052304340,https://api.cdn.visitjeju.net/photomng/imgpath/201808/17/b81d8629-9d1a-4191-9d4d-1dfb48a914c3.jpg,https://api.cdn.visitjeju.net/photomng/thumbnailpath/201808/17/af5e49d9-0249-4fa9-8784-3855c7e9d602.jpg,"['경관/포토', '휴식/힐링', '절', '사찰', '포토스팟', '어트랙션']"
CNTS_300000000015852,목장카페 밭디,제주특별자치도 서귀포시 표선면 번영로 2486,말 먹이주기 체험이 가능한 목장카페,33.4077491,126.7728563,010-6224-1363,region2,서귀포시,26,표선,목장카페 밭디,2019022617656,https://api.cdn.visitjeju.net/photomng/imgpath/202306/18/a3b0be2b-3c3c-4e25-9bc8-416df96c5b78.jpg,https://api.cdn.visitjeju.net/photomng/thumbnailpath/202306/18/afae9e57-91ce-4c4c-8a82-e5dfab8f7ae5.jpg,"['아이', '체험관광', '사계절', ' 표선', ' 성읍리', ' 목장카페', ' 말먹이주기', '실내+실외', '중', '1시간 미만']"
CONT_000000000500134,"대수산봉(큰물뫼,물미오름)",제주특별자치도 서귀포시 성산읍 고성리 2039-1,성산일출봉과 섭지코지가 아름답게 내려다 보이는 곳,33.43823383866598,126.90348403627625,,region2,서귀포시,17,성산,"대수산봉(큰물뫼,물미오름)",2019022593953,https://api.cdn.visitjeju.net/photomng/imgpath/202112/10/a35c1919-c050-4cdb-8e66-d7d1667b249d.jpg,https://api.cdn.visitjeju.net/photomng/thumbnailpath/202112/10/4fea0143-bb4e-47be-af72-e65c23b5d25d.jpg,"['부모', '아이', '친구', '커플', '혼자', '맑음', '오름', '자연경관', '도보여행', '도보', '어린이']"
CNTS_000000000020971,산양큰엉곶,제주특별자치도제주시 한경면 청수리 956-6,제주의 옛 생활터전이 있는 곳,33.292015927100564,126.25221315495604,064-772-4229,region1,제주시,14,한경,산양곶자왈,2019022595301,https://api.cdn.visitjeju.net/photomng/imgpath/202112/23/6b991e44-bf95-4bdb-bc06-64fd0caa6a4b.JPG,https://api.cdn.visitjeju.net/photomng/thumbnailpath/202112/23/cd798fdd-a72c-4f17-94d8-939a70c7ea82.JPG,"['숲길', '걷기/등산', '흐림', '가을', '자연경관', '도보여행', '도보', '곶자왈', '숲', '식물군락지', '아주 어려움', '실외']"
CNTS_300000000012730,펫소풍,제주특별자치도 서귀포시 안덕면 화순서서로 458,산방산 근처에 위치한 펫소풍은 반려동물을 위한 다양한 용품이 갖춰져 있다.,33.2829531,126.3048018,0507-1350-4877,region2,서귀포시,23,안덕,펫소풍,2019022621789,https://api.cdn.visitjeju.net/photomng/imgpath/202308/23/9943fbeb-60a3-4f16-b5fd-1198dfc2b399.jpg,https://api.cdn.visitjeju.net/photomng/thumbnailpath/202308/23/765764e7-ac99-4528-8328-6b6c7e2d2ca2.jpg,"['반려견호텔링', '반려견유치원', '반려동물', '반려동물동반입장', '혼저옵서개', '반려동물동반_기타체험', '공용주차장', '무료 WIFI']"
CNTS_200000000008916,올레캠프 본점 알파캠프,"제주특별자치도 서귀포시 김정문화로41번길 10-1(법환동, 탐라해오름 2층)","알파캠프는 한달동안 제주도 올레길을 완주할 수 있도록 지원해주는 국내 유일의 트레킹 여행 지원캠프이다.
숙식과 교통은 물론 올레 전문가의 안내까지 제공하는 신개념 트레킹 캠프이다.",33.2524008,126.5095821,010-2098-3946,region2,서귀포시,21,서귀포시내,올레캠프 본점 알파캠프,2019022557601,https://api.cdn.visitjeju.net/photomng/imgpath/201907/11/9f86a94a-f420-4928-a977-a2f57d86f29a.jpg,https://api.cdn.visitjeju.net/photomng/thumbnailpath/201907/11/1988bd79-8720-4ca8-9704-32e552c755b0.jpg,"['캠핑', '제주', '제주도', '제주캠핑', '제주도캠핑', '알파캠프', '트레킹', '여행', '제주여행', '올레길', '공용주차장', '현금결제', '카드결제', '화장실', '무료 WIFI', '흡연구역', '편의점', '음료대', '유도 및 안내시설', '경보 및 피난시설', '', '영어', '단독접근가능', '단차없음', '시각장애인 접근성', '저상버스 접근 가능', '장애인 화장실', '승강기', '장애인 전용 주차장', '쉬움', '실내+실외', '중', '3시간 이상']"
CNTS_000000000021627,천주교길 정난주길(고통의길),제주특별자치도 서귀포시 대정읍 추사로247번길 102,천주교길 정난주길(고통의길),33.253555,126.26086,--,region2,서귀포시,22,대정,천주교길 정난주길(고통의길),11589,https://api.cdn.visitjeju.net/photomng/imgpath/201804/30/0daa2df8-b5d6-4f1d-9591-9a16af0672f2.jpg,https://api.cdn.visitjeju.net/photomng/thumbnailpath/201804/30/00eb2b4c-5965-463d-bc33-88c6bbfee710.jpg,"['걷기/등산', '흐림', '봄', '가을', '문화관광', '도보여행', '도보', '어트랙션']"
CONT_000000000500564,제주실탄사격장,제주특별자치도 서귀포시 소보리당로 164번길 62(상예동),제주유일 실내 권총실탄사격장,33.2639753,126.3852041,064-739-7007,region2,서귀포시,21,서귀포시내,Jeju Gun Range,19681,https://api.cdn.visitjeju.net/photomng/imgpath/201804/30/2f18a4a3-7a91-4383-b529-b34d3dea29a3.png,https://api.cdn.visitjeju.net/photomng/thumbnailpath/201804/30/db19797b-68fd-48db-905b-073a2ea84909.png,"['실내', '액티비티', '친구', '커플', '비.눈', '겨울', '실내관광지', '체험', '레저/체험', '어트랙션', '무장애관광', '공용주차장', '현금결제', '카드결제', '화장실', '무료 WIFI', '음료대', '유도 및 안내시설', '경보 및 피난시설', '엘리베이터', '단차없음', '승강기', '장애인 전용 주차장', '어려움']"
CNTS_000000000022736,제주오렌지,제주특별자치도 서귀포시 남원읍 서성로 684-5,초콜릿공장 견학과 초콜릿만들기 체험이 가능한 제주오렌지,33.32588,126.66985,064-764-8800,region2,서귀포시,25,남원,제주오렌지,16305,https://api.cdn.visitjeju.net/photomng/imgpath/201804/30/43265555-c80e-4574-858d-c45257b6f60d.jpg,https://api.cdn.visitjeju.net/photomng/thumbnailpath/201804/30/f4b9be45-a435-4b04-b99e-311bc102ec39.jpg,"['체험관광', '아이', '실내관광지', '체험', '어린이', '어트랙션']"
CNTS_000000000022158,휘닉스 제주 유민 아르누보 뮤지엄,제주특별자치도 서귀포시 성산읍 섭지코지로 107,유민 아르누보 뮤지엄은 1890년대부터 약 20년간 유럽 전역에서 일어났던 공예&디자인 운동인 아르누보의 유리 공예 작품을 전시하고 있다.,33.4300919,126.9272996,064-731-7791,region2,서귀포시,17,성산,유민미술관,2019022588078,https://api.cdn.visitjeju.net/photomng/imgpath/202111/11/33488824-a83e-4a89-8dc1-80459214a256.jpg,https://api.cdn.visitjeju.net/photomng/thumbnailpath/202111/11/9af381b6-93bf-4351-a7ec-4795df4ab3c7.jpg,"['예술', '실내', '미술/박물관', '비.눈', '사계절', '실내관광지', '문화관광', '미술관', '어트랙션', '공용주차장', '현금결제', '카드결제', '화장실', '실내+실외', '하', '공연/전시', '1시간 미만']"
CNTS_200000000007283,신엄포구,제주특별자치도 제주시 애월읍 애월해안로,애월해안도로와 올레길 16코스 내에 위치한 포구이다.,33.4729053,126.3502475,,region1,제주시,12,애월,신엄포구,2018052303092,https://api.cdn.visitjeju.net/photomng/imgpath/201807/26/52e3656d-0986-4f9a-bbee-619fcd698e50.JPG,https://api.cdn.visitjeju.net/photomng/thumbnailpath/201807/26/63e16ff0-36dc-47f7-83ad-e83478a895d6.JPG,"['커플', '일몰', '사계절', '포구', '자연경관']"
CONT_000000000500356,세계조가비박물관,제주특별자치도 서귀포시 태평로 284,바다 속 아름다운 조가비 세계를 엿볼 수 있는 곳,33.2475156,126.55173,064-762-5551,region2,서귀포시,21,서귀포시내,세계조가비박물관,2019022602522,https://api.cdn.visitjeju.net/photomng/imgpath/202207/07/797d138f-1382-46eb-9b8c-4c5a33a84d28.jpg,https://api.cdn.visitjeju.net/photomng/thumbnailpath/202207/07/f0692408-568a-440b-9225-ea123c856920.jpg,"['실내', '미술/박물관', '아이', '비.눈', '사계절', '실내관광지', '문화관광', '박물관', '어트랙션', '안전여행스탬프', '공용주차장', '현금결제', '카드결제', '화장실', '무료 WIFI', '편의점', '음료대', '유도 및 안내시설', '경보 및 피난시설', '아주 어려움', '하', '공연/전시', '1시간 미만']"
CNTS_000000000021523,위미리 동백나무군락,제주특별자치도 서귀포시 남원읍 위미중앙로300번길 23-7,"현맹춘(1858-1933) 할머니가 모진바람을 막기 위하여 한라산의 동백을 따다 심어 자라 군락지를 이룬곳, 제주도 기념물 제 39 호",33.27326,126.675934,--,region2,서귀포시,25,남원,위미리 동백나무군락,2019022587997,https://api.cdn.visitjeju.net/photomng/imgpath/202111/11/46260762-c3e3-4d89-b57f-c1accd8e3a54.jpg,https://api.cdn.visitjeju.net/photomng/thumbnailpath/202111/11/27ccb39b-0302-4997-98ec-2a3c1d77695b.jpg,"['경관/포토', '커플', '아이', '맑음', '겨울', '자연경관', '동백', '포토스팟', '어린이']"
CNTS_300000000013110,오레브 핫스프링 앤 스파,제주특별자치도 서귀포시 태평로 152, 제주 유일 보양온천 승인 받은 곳...  “힐링의 시간”,33.2665145,126.5323308,,region2,서귀포시,21,서귀포시내,오레브 핫스프링 앤 스파,2019022636680,https://api.cdn.visitjeju.net/photomng/imgpath/202407/24/3f74483d-a13f-44c6-b409-320b0896e868.jpg,https://api.cdn.visitjeju.net/photomng/thumbnailpath/202407/24/366f55b3-ba85-4da1-b766-4b8470c66bbc.jpg,"['제주여행', '제주도', '서귀포가볼만한곳', '보양온천', '제주온천', '제주사우나', '서귀포실내가볼만한곳', '제주힐링', '공용주차장', '화장실', '실내+실외', '기타', '온천', ' 스파']"
CONT_000000000500434,엉또폭포,제주특별자치도 서귀포시 염돈로 121-8 (강정동),비가 가득 쏟아지면 위용스러운 자태를 드러내는 서귀포 70경 중 하나인 엉또 폭포,33.26835517798405,126.49996875904696,064-760-3192,region2,서귀포시,21,서귀포시내,엉또폭포,2019022558540,https://api.cdn.visitjeju.net/photomng/imgpath/201907/29/ff2dec9d-fed7-4878-84ee-534ba4125ecf.jpg,https://api.cdn.visitjeju.net/photomng/thumbnailpath/201907/29/044cba15-0ddf-4507-8f92-a046b40a3e8b.jpg,"['폭포', '경관/포토', '커플', '비.눈', '여름', '공용주차장', '화장실', '음료대', '유도 및 안내시설', '아주 어려움', '자연경관', '포토스팟']"
CNTS_200000000012073,영등할망 신화공원,제주 제주시 한림읍 귀덕11길 19,영등할망신화공원은 귀덕포구에서 해변을 따라 현무암으로 만들어진 좁은 돌길을 따라 약 1km 정도 이어진다. 길을 따라 걸으며 제주 신화를 알아보는 재미도 느껴보자.,33.445209947,126.294445524,064-728-7614,region1,제주시,13,한림,영등할망 신화공원,2019022591793,https://api.cdn.visitjeju.net/photomng/imgpath/202111/26/1c231e85-5113-40b9-bc7f-bd79d7a94e9c.jpg,https://api.cdn.visitjeju.net/photomng/thumbnailpath/202111/26/5912fc7f-f99f-4994-af50-e3df74975ef5.jpg,"['테마공원', '경관/포토', '문화유적지', '역사유적', '포토스팟', '어트랙션', '쉬움', '관광지']"
CNTS_000000000019973,한라산영실코스,제주특별자치도 서귀포시 영실로 246,"가장 짧지만 가장 아름다운, 한라산 등산코스",33.3402,126.47921,064-747-9950,region2,서귀포시,21,서귀포시내,한라산영실코스,2019022584603,https://api.cdn.visitjeju.net/photomng/imgpath/202110/26/616ce943-7b6c-45c9-afdd-3958fda0530d.jpg,https://api.cdn.visitjeju.net/photomng/thumbnailpath/202110/26/eaf38b55-60a6-4b5a-af34-994a413137ec.jpg,"['부모', '커플', '혼자', '친구', '경관/포토', '오름', '사계절', '실외', '3시간 이상', '자연경관', '체험', '포토스팟', '한라산', '언택트', '어트랙션', '단풍']"
CNTS_000000000021514,용수항,제주특별자치도 제주시 한경면 용수리,"어촌마을의 소규모 포구, 용수항",33.323494,126.16516,--,region1,제주시,14,한경,용수항,11450,https://api.cdn.visitjeju.net/photomng/imgpath/201804/30/91e620bb-d588-4bf7-92d0-bddaf8df7591.jpg,https://api.cdn.visitjeju.net/photomng/thumbnailpath/201804/30/f1865c45-23c1-4991-96dd-35c0b288d5a1.jpg,"['문화유적지', '일몰', '해변', '혼자', '친구', '커플', '올레', '역사유적']"
CONT_000000000500438,에코랜드 테마파크,제주특별자치도 제주시 조천읍 번영로 1278-169,"기차를 타고 감상하는 곶자왈, 원시림 테마공원",33.4617075,126.6703845,064-802-8000,region1,제주시,15,조천,에코랜드 테마파크,2019022652313,https://api.cdn.visitjeju.net/photomng/imgpath/202506/10/ce1a35b1-fb88-498b-8b74-3318ebd56c0f.jpg,https://api.cdn.visitjeju.net/photomng/thumbnailpath/202506/10/63d9b724-19f9-4f7c-a3f6-0f9510ed692e.jpg,"['제주여행', ' 제주도동쪽코스', ' 곶자왈', ' 테마공원', ' 어린이', ' 야간개장', ' 기차', ' 야외관광지', ' 우수관광사업체', '공용주차장', '현금결제', '카드결제', '화장실', '무료 WIFI', '편의점', '음료대', '유도 및 안내시설', '경보 및 피난시설', '임산부 휴게시설', '시각장애인 접근성', '장애인 화장실', '장애인 전용 주차장', '수동 휠체어 대여 가능', '아주 어려움', '실외', '상', '체험', '포토스팟', '공연/전시', '기타', '1~2시간']"
CONT_000000000500099,넥슨컴퓨터박물관,제주특별자치도 제주시 1100로 3198-8,"세상을 바꾸는 아이디어, 넥슨컴퓨터박물관",33.4862871,126.428576,064-745-1994,region1,제주시,11,제주시내,넥슨컴퓨터박물관,2019022601122,https://api.cdn.visitjeju.net/photomng/imgpath/202205/30/de7cb7e6-4259-4cc8-b5bb-5e57beb50a63.jpg,https://api.cdn.visitjeju.net/photomng/thumbnailpath/202205/30/c4e6ff0b-3fa0-4763-b544-c91a0b90858c.jpg,"['실내', '테마공원', '아이', '비.눈', '겨울', '실내관광지', '문화관광', '박물관', '어트랙션', '안전여행스탬프', '무장애관광', '공용주차장', '현금결제', '카드결제', '화장실', '무료 WIFI', '흡연구역', '편의점', '음료대', '유도 및 안내시설', '경보 및 피난시설', '임산부 휴게시설', '엘리베이터', '단독접근가능', '단차없음', '시각장애인 접근성', '장애인 화장실', '승강기', '장애인 전용 주차장', '수동 휠체어 대여 가능', '쉬움', '하', '공연/전시', '체험', '1~2시간']"
CNTS_300000000013097,신촌포구,제주특별자치도 제주시 조천읍 신촌북3길 3,다이빙과 스노쿨링의 천국인 제주도의 핫 스팟중 하나인 신촌포구,33.5371814,126.6188242,,region1,제주시,15,조천,신촌포구,2019022636362,https://api.cdn.visitjeju.net/photomng/imgpath/202407/23/af8881f2-cc08-4d27-9a18-17e42b2bf231.jpg,https://api.cdn.visitjeju.net/photomng/thumbnailpath/202407/23/cea57143-290e-4c13-a9c4-5b8ea012157c.jpg,"['제주', '제주도', '신촌포구', '제주바다', '제주낚시터', '제주낚시스팟', '실외', '중', '물놀이', '포토스팟', '2~3시간']"
CONT_000000000500326,서귀포시립기당미술관,제주특별자치도 서귀포시 남성중로153번길 15,한국 최초의 시립 미술관,33.244656,126.551796,064-733-1586,region2,서귀포시,21,서귀포시내,Gidang Art Museum,18385,https://api.cdn.visitjeju.net/photomng/imgpath/201804/30/7567f662-716a-4814-b31e-57be3099d0f5.jpg,https://api.cdn.visitjeju.net/photomng/thumbnailpath/201804/30/0ff1cddb-8d16-41bf-b53d-1664787f763d.jpg,"['실내', '미술/박물관', '비.눈', '겨울', '실내관광지', '미술관', '문화관광', '어트랙션', '무장애관광', '공영관광지', '공용주차장', '현금결제', '카드결제', '화장실', '무료 WIFI', '음료대', '유도 및 안내시설', '경보 및 피난시설', '단독접근가능', '단차없음', '저상버스 접근 가능', '장애인 화장실', '장애인 전용 주차장', '쉬움']"
CONT_000000000500077,선녀와나무꾼,제주특별자치도 제주시 조천읍 선교로 267,그리운 옛날 그 시절로 돌아가는 추억여행,33.47903,126.70303,064-784-9001,region1,제주시,15,조천,선녀와나무꾼,2019022586083,https://api.cdn.visitjeju.net/photomng/imgpath/202111/01/84d55883-3b46-4d7e-aff9-94847788aa87.jpg,https://api.cdn.visitjeju.net/photomng/thumbnailpath/202111/01/7ffc8d2d-f02c-4cde-8dbd-84e2f562cd96.jpg,"['실내', '테마공원', '커플', '아이', '흐림', '사계절', '실내관광지', '어린이', '어트랙션', '무장애관광', '공용주차장', '현금결제', '카드결제', '화장실', '무료 WIFI', '흡연구역', '음료대', '유도 및 안내시설', '경보 및 피난시설', '단독접근가능', '단차없음', '장애인 화장실', '장애인 전용 주차장', '어려움', '실내+실외', '하', '1~2시간']"
CONT_000000000500547,제주돌문화공원,제주특별자치도 제주시 조천읍 남조로 2023,제주의 바람과 신화를 머금은 아름다운 돌을 감상하다,33.4180631,126.6534847,064-710-7731,region1,제주시,15,조천,제주돌문화공원,2019022638933,https://api.cdn.visitjeju.net/photomng/imgpath/202408/21/e5f84397-91c4-4a31-91b2-4bfd618b9259.jpg,https://api.cdn.visitjeju.net/photomng/thumbnailpath/202408/21/770875d8-7bec-4354-bd1b-7a54eddbbf31.jpg,"['제주여행', ' 제주도동쪽코스', ' 제주신화', ' 제주돌담', ' 테마공원', ' 설문대할망', ' 생태공원', ' 박물관', '공용주차장', '현금결제', '카드결제', '화장실', '편의점', '음료대', '임산부 휴게시설', '문화누리카드', '단차없음', '시각장애인 접근성', '장애인 화장실', '장애인 전용 주차장', '수동 휠체어 대여 가능', '아주 어려움', '실내+실외', '중', '기타', '포토스팟', '공연/전시', '2~3시간']"
CNTS_000000000018729,가마오름 진지동굴,제주특별자치도 제주시 한경면 청수서5길 63,가슴 아픈 침략의 역사를 품고 있는 교육의 장,33.30579926642058,126.24680599468991,064-722-2500,region1,제주시,14,한경,가마오름 진지동굴,3605,https://api.cdn.visitjeju.net/photomng/imgpath/201804/30/4c88949a-7d40-48c2-9113-86bfb4ae144b.jpg,https://api.cdn.visitjeju.net/photomng/thumbnailpath/201804/30/74d0a25e-d9a0-4b1b-ae83-ada6b91b1c2d.jpg,"['친구', '아이', '문화유적지', '동굴', '오름', '문화관광', '역사유적', '도보여행', '도보', '어린이', '어트랙션', '공용주차장']"
CNTS_300000000015877,인투다이브,제주특별자치도 서귀포시 남성중로 169,모든 다이빙을 배울 수 있는 전문센터,33.2468807,126.5527981,010-3786-9249,region2,서귀포시,21,서귀포시내,인투다이브,2019022617864,https://api.cdn.visitjeju.net/photomng/imgpath/202306/19/74eb8990-b529-4d70-a2d4-3ace4462f102.jpg,https://api.cdn.visitjeju.net/photomng/thumbnailpath/202306/19/afab44d9-9b89-459f-a7ad-404dd434676c.jpg,"['서귀포시내', ' 스쿠버다이빙', ' 이색체험', '실외', '중', '2~3시간']"
CNTS_000000000001195,카멜리아힐,제주 서귀포시 안덕면 병악로 166,커플들과 아이를 동반한 가족 단위 관광객에게 인기가 높은 동양에서 가장 큰 동백 수목원,33.289135,126.37011,064-759-0088,region2,서귀포시,23,안덕,카멜리아힐,2019022642921,https://api.cdn.visitjeju.net/photomng/imgpath/202410/15/6ddc8c1b-2a48-47d3-b74c-33d37f62f991.jpg,https://api.cdn.visitjeju.net/photomng/thumbnailpath/202410/15/5293c237-e9d4-4b12-9a8d-a32724958b9b.jpg,"['수목원', '아이', '커플', '동백', '수국', '어린이', '힐링', '무장애관광', '우수관광사업체', '반려동물', '반려동물동반입장', '혼저옵서개', '반려동물동반_관광지', '공용주차장', '현금결제', '카드결제', '화장실', '단독접근가능', '단차없음', '장애인 화장실', '장애인 전용 주차장', '수동 휠체어 대여 가능', '아주 어려움', '실외', '중', '공연/전시', '포토스팟', '2~3시간']"
CONT_000000000500327,서귀포자연휴양림,제주특별자치도 서귀포시 1100로 882,다양한 생태계를 보여주고 뚜렷한 계절적 감각을 느낄 수 있는 제주권 최고의 휴양림,33.31167,126.45876,064-738-4544,region2,서귀포시,21,서귀포시내,서귀포자연휴양림,2019022643135,https://api.cdn.visitjeju.net/photomng/imgpath/202410/16/bdc8ed55-c4f5-4258-994f-eab4449f2016.jpg,https://api.cdn.visitjeju.net/photomng/thumbnailpath/202410/16/464b2236-ec1a-4acb-832c-eceb6e2bceb9.jpg,"['제주여행', ' 제주서귀포가볼만한곳', ' 제주도서쪽', ' 자연휴양림', ' 제주캠핑', ' 산책로', ' 삼림욕', ' 힐링', '공용주차장', '현금결제', '카드결제', '화장실', '무료 WIFI', '편의점', '음료대', '유도 및 안내시설', '경보 및 피난시설', '흡연구역', '계좌이체', ' 무통장입금 등', '장애인 화장실', '장애인 전용 주차장', '수동 휠체어 대여 가능', '단독접근가능', '청각장애인 접근성', '시각장애인 접근성', '어려움', '실외', '중', '등산', '체험', '1~2시간']"
CONT_000000000500624,초콜릿랜드,제주특별자치도 서귀포시 중문관광로110번길 15,"초콜릿을 테마로 만든 전시관, 초콜렛 만들기 체험 가능",33.249115,126.41363,064-738-1197,region2,서귀포시,24,중문,초콜릿랜드,2019022594534,https://api.cdn.visitjeju.net/photomng/imgpath/202112/15/af22cee2-e14d-42a5-9b55-2fb06507b6e1.JPG,https://api.cdn.visitjeju.net/photomng/thumbnailpath/202112/15/6688dbc4-4fa9-4499-99b1-3b5f3cb5fb97.JPG,"['실내', '테마공원', '아이', '비.눈', '겨울', '사계절', '실내관광지', '어린이', '어트랙션', '공용주차장', '현금결제', '카드결제', '화장실', '음료대', '유도 및 안내시설', '경보 및 피난시설']"
CNTS_000000000019530,박수기정,제주특별자치도 서귀포시 안덕면 난드르로 90-25,"대평리의 자연 병풍, 박수기정",33.237153,126.3587249,--,region2,서귀포시,23,안덕,박수기정,2019022639367,https://api.cdn.visitjeju.net/photomng/imgpath/202408/27/6d348a40-1685-4114-923e-b0f1472ae51f.jpg,https://api.cdn.visitjeju.net/photomng/thumbnailpath/202408/27/cd0ea421-2814-4635-a1b4-91f013794238.jpg,"['제주여행', ' 제주도갈만한곳', ' 제주자연', ' 절벽', ' 대평리', ' 제주바다', ' 포토스팟', ' 주상절리', ' 올레9코스', '아주 어려움', '실외', '1시간 미만']"
CONT_000000000500242,벨리타 캠핑장,제주특별자치도 제주시 조천읍 중산간동로 1194,제주도 오토캠핑장 벨리타는 선진캠핑 문화를 선도한다.,33.507736,126.69782,070-7011-7274,region1,제주시,15,조천,Belita Camping,17943,https://api.cdn.visitjeju.net/photomng/imgpath/201804/30/e2d78527-c0df-4d07-afc4-955b1e0319b3.gif,https://api.cdn.visitjeju.net/photomng/thumbnailpath/201804/30/fba43b29-5d33-46f7-8e0d-b08fac12683e.gif,"['야영장', '캠핑장', '액티비티', '흐림', '자연경관', '체험', '레저/체험', '캠핑', '언택트', '어트랙션', '공용주차장', '현금결제', '카드결제', '화장실', '무료 WIFI', '흡연구역', '편의점', '아주 어려움']"
CNTS_200000000012059,노형수퍼마켙,제주특별자치도 제주시 노형로 89,"리가 사는 세상과 또 다른 세상을 연결 시켜주는 잃어버린 문, 1981년 어느날 노형수퍼마켙에 이 불안정한 문이 열려 제주의 색을 모두 빨아들인다. 문의 힘이 점점 커지면서 수퍼마켙조차 색을 잃어버렸지만 수퍼마켙의 중심엔 빨아들인 색깔들로 인해 이 세상에서는 볼 수 없는 신비로운 광경이 펼쳐지고 있다. 어쩌면 유치하지만, 한편으론 유쾌하고, 마지막에는 신비로움이 느껴지는 수퍼마켙 세상으로 들어가 보자.",33.4649309,126.4553144,064-713-1888,region1,제주시,11,제주시내,노형수퍼마켙,2019022642737,https://api.cdn.visitjeju.net/photomng/imgpath/202410/10/04e34d17-5929-48b7-b3e7-351ecbec40ae.JPG,https://api.cdn.visitjeju.net/photomng/thumbnailpath/202410/10/83a8e9f0-ae19-41cf-8a2e-916543b2858e.JPG,"['제주여행', ' 미디어아트', ' 제주도전시', ' 실내관광지', ' 제주볼거리', ' 제주도체험', ' 제주도사진', ' 뮤지컬', '공용주차장', '현금결제', '카드결제', '화장실', '쉬움', '실내', '하', '1~2시간']"
CNTS_000000000019521,제주올레 17코스,제주특별자치도 제주시 도두1동 2612-1,시내에서 즐기는 올레길,33.505222,126.467964,064-762-2190,region1,제주시,11,제주시내,Jeju Olle Course 17,5453,https://api.cdn.visitjeju.net/photomng/imgpath/201804/30/3ad4b50a-112c-47d5-8fcf-867aa3db6de5.jpg,https://api.cdn.visitjeju.net/photomng/thumbnailpath/201804/30/f9b1127c-7b2c-4115-9830-ebc185dc05cc.jpg,"['올레', '걷기/등산', '친구', '혼자', '봄', '가을', '자연경관', '도보여행', '도보']"
CONT_000000000500056,곽지해수욕장,제주특별자치도 제주시 애월읍 애월원당길 (곽지리),시원한 용천수를 뿜어내는 노천탕이 있는 곳,33.45122,126.3058,064-728-3985,region1,제주시,12,애월,곽지해수욕장,2019022584564,https://api.cdn.visitjeju.net/photomng/imgpath/202110/25/4e19a935-3794-4891-94a2-7e89759e14b3.jpg,https://api.cdn.visitjeju.net/photomng/thumbnailpath/202110/25/51ef76f8-3171-4261-8423-a58df63d40aa.jpg,"['해수욕장', '일몰', '곽지', '곽지해수욕장', '제주해수욕장', '제주바다', '곽지리', '물놀이', '바다', '반려동물', '반려동물동반입장', '혼저옵서개', '반려동물동반_자연', '공용주차장', '화장실', '편의점', '음료대', '유도 및 안내시설', '아주 어려움']"
CNTS_200000000011999,알제이,제주특별자치도 제주시 애월읍 평화로 2590,안녕하세요 제주도 마을체험을 진행 & 개발하는 알제이입니다,33.4379055,126.4273838,0507-1369-1320,region1,제주시,12,애월,알제이,2019022582592,https://api.cdn.visitjeju.net/photomng/imgpath/202109/16/21c7ab99-19e8-4041-a409-3a505d836700.jpg,https://api.cdn.visitjeju.net/photomng/thumbnailpath/202109/16/eb9b794c-32c6-4b67-9eb1-8682580d7e3f.jpg,"['휴식/힐링', '체험관광', '체험', '레저/체험', '수상레저', '어트랙션', '관광지', '']"
CONT_000000000500207,미천굴,제주특별자치도 서귀포시 성산읍 중산간동로 4150-30,지하(地下)의 신비(神秘)를 간직한 특별한 천연용암동굴,33.3835243,126.8413634,064-784-2080,region2,서귀포시,17,성산,미천굴,2019022595091,https://api.cdn.visitjeju.net/photomng/imgpath/202112/21/5d2e84f4-d58b-4fa0-b7bb-a2f32cf63428.JPG,https://api.cdn.visitjeju.net/photomng/thumbnailpath/202112/21/f12af44a-5cd7-4bd5-818e-62c302bff783.JPG,"['동굴', '경관/포토', '커플', '아이', '맑음', '여름', '자연경관', '포토스팟', '어린이', '무장애관광', '공용주차장', '현금결제', '카드결제', '화장실', '무료 WIFI', '편의점', '음료대', '유도 및 안내시설', '경보 및 피난시설', '단독접근가능', '단차없음', '저상버스 접근 가능', '장애인 화장실', '장애인 전용 주차장', '수동 휠체어 대여 가능', '쉬움']"
CNTS_000000000019986,소천지,제주특별자치도 서귀포시 칠십리로485번길 2,백두산 천지를 축소시켜 놓은 곳,33.2412706,126.5980115,--,region2,서귀포시,21,서귀포시내,소천지,2019022589370,https://api.cdn.visitjeju.net/photomng/imgpath/202111/15/915f63fd-cfcf-4593-9a59-4a29d505b244.jpg,https://api.cdn.visitjeju.net/photomng/thumbnailpath/202111/15/6836820f-25d7-4171-a5e2-26157a2dfa05.jpg,"['해변', '경관/포토', '가을', '자연경관', '포토스팟']"
CONT_000000000500477,우도(해양도립공원),제주특별자치도 제주시 우도면 삼양고수물길 1,소가 누워있는 형상을 하고 있는 제주의 가장 큰 부속섬,33.51949,126.95109,064-782-5671,region3,섬 속의 섬,31,우도,우도(해양도립공원),2019022638927,https://api.cdn.visitjeju.net/photomng/imgpath/202408/21/edc894d2-02ca-4bc6-9d89-0681a696f58c.jpg,https://api.cdn.visitjeju.net/photomng/thumbnailpath/202408/21/92bf5bba-77fc-4829-8555-5076b2e7bb52.jpg,"['제주여행', ' 제주동쪽가볼만한곳', ' 성산항', ' 땅콩', ' 전기자전거', ' 해변', ' 제주바다', ' 서빈백사', ' 하고수동', '공용주차장', '화장실', '편의점', '음료대', '장애인 전용 주차장', '아주 어려움', 'UNESCO 세계지질공원', '실내+실외', '상', '체험', '포토스팟', '기타', '등산', '물놀이', '우도 관광', '1~2시간']"
CNTS_200000000013247,제주양떼목장,제주특별자치도 제주시 애월읍 도치돌길 289-13,울타리가 없어 동물들과 특별한 소통이 가능한 특별한 목장,33.411151,126.3652835,064-799-7346,region1,제주시,12,애월,제주양떼목장,2019022600366,https://api.cdn.visitjeju.net/photomng/imgpath/202204/12/bf9fb620-77fc-4f1a-9744-f44b3004278d.jpg,https://api.cdn.visitjeju.net/photomng/thumbnailpath/202204/12/32c03c0f-5104-4cb8-98f1-2678a6d42d43.jpg,"['휴식/힐링', '동물원', '어린이', '어린이동물농장', '체험', '카페', '관광지', '카드결제', '현금결제']"
CNTS_200000000007345,망장포,제주특별자치도 서귀포시 남원읍 하례망장포로 65-13,용암이 흐르던 길이 그대로 기암괴석으로 남아있는 포구,33.3420367,126.5884214,,region2,서귀포시,25,남원,망장포,2018052303869,https://api.cdn.visitjeju.net/photomng/imgpath/201808/08/3c42f9fd-9fae-4a1e-85b4-63f2aad66b0f.jpg,https://api.cdn.visitjeju.net/photomng/thumbnailpath/201808/08/62171a4b-df3f-4a99-af81-6db6c43effe0.jpg,"['커플', '혼자', '친구', '포구', '낚시', '실외', '하', '포토스팟', '체험', '씨워킹', ' 스킨스쿠버', ' 바릇잡이', '1시간 미만', '자연경관']"
CONT_000000000500422,알오름(성산읍),제주특별자치도 서귀포시 성산읍 시흥상동로,제주 동부를 한눈에 볼 수 있는 알오름,33.476498,126.89701,,region2,서귀포시,17,성산,Al Oreum Volcanic Cone (Seongsan-eup),18927,https://api.cdn.visitjeju.net/photomng/imgpath/201804/30/1756fc27-3220-4334-b509-cac66b2c3ba0.jpg,https://api.cdn.visitjeju.net/photomng/thumbnailpath/201804/30/32e1521b-6b74-4435-976d-e49dc90e1fa7.jpg,"['커플', '친구', '맑음', '오름', '자연경관', '도보여행', '도보']"
CNTS_000000000018798,화순금모래해수욕장 담수풀장,제주특별자치도 서귀포시 안덕면 화순리 776-8,풍부한 용천수를 이용한 담수 수영장,33.239594,126.33577,064-760-4991,region2,서귀포시,23,안덕,화순금모래해수욕장담수수영장,2019022594622,https://api.cdn.visitjeju.net/photomng/imgpath/202112/15/62c711e6-f950-445f-a83e-2d94c8f7dd0d.jpg,https://api.cdn.visitjeju.net/photomng/thumbnailpath/202112/15/324acf1d-6e72-41f8-8868-6f1f04ec4271.jpg,"['제주바다', '제주해수욕장', '담수풀장', '화순금모래해수욕장', '제주담수풀장', '제주도해변', '제주도풀장', '제주수영장', '화장실', '장애인 전용 주차장', '어려움', '실외', '하', '해양스포츠', '체험', '물놀이']"
CONT_000000000500310,새섬,제주특별자치도 서귀포시 남성중로 40,섬 속의 섬. 바다를 향한 산책,33.23647274214606,126.56159064340818,064-760-3192,region2,서귀포시,21,서귀포시내,Saeseom Island,18325,https://api.cdn.visitjeju.net/photomng/imgpath/201804/30/1d695dc7-0acc-4c09-8087-5b8773fda5af.jpg,https://api.cdn.visitjeju.net/photomng/thumbnailpath/201804/30/b1ef476a-b49f-4910-90d6-93ef0fd1f058.jpg,"['경관/포토', '맑음', '자연경관', '섬속의섬', '포토스팟', '공용주차장', '화장실', '편의점', '음료대', '유도 및 안내시설', '아주 어려움']"
CONT_000000000500578,제주항공우주박물관,제주특별자치도 서귀포시 안덕면 녹차분재로 218 항곡우주박물관,제주항공우주박물관은 항공 기술과 우주를 꿈꾸는 사람들에게 무한한 상상력을 심어준다. 하늘을 날고자 했던 라이트 형제의 수많은 도전과 미래 행성을 세우는 일까지 마음껏 상상의 나래를 펼칠 수 있다.,33.30413,126.299675,064-800-2000,region2,서귀포시,23,안덕,제주항공우주박물관,2019022573276,https://api.cdn.visitjeju.net/photomng/imgpath/202008/28/fc8f02ff-55bd-4ab8-b038-a2b492c17143.JPG,https://api.cdn.visitjeju.net/photomng/thumbnailpath/202008/28/08fc30ee-ef29-4f15-a6e4-ea22eff8c273.JPG,"['실내', '미술/박물관', '아이', '비.눈', '겨울', '실내관광지', '문화관광', '박물관', '어트랙션', '실내+실외', '공연/전시', '1~2시간']"
CNTS_300000000013151,하리보 해피월드,제주특별자치도 제주시 아연로 444-1,"제주에서 만나는 독일 젤리 ‘하리보’ 전시, 하리보 해피월드",33.4741138,126.5282841,070-8850-8850,region1,제주시,11,제주시내,하리보 해피월드,2019022638677,https://api.cdn.visitjeju.net/photomng/imgpath/202408/20/c2895ac1-8de0-40a8-ae1c-c9f9232e78f7.jpg,https://api.cdn.visitjeju.net/photomng/thumbnailpath/202408/20/fbf856e5-9364-4bfa-97da-4e80c65c3442.jpg,"['제주여행', ' 제주공항근처가볼만한곳', ' 제주실내데이트', ' 제주하리보', ' 제주놀만한곳', ' 제주전시', ' 제주미디어아트', '화장실', '무료 WIFI', '임산부 휴게시설', '카드결제', '현금결제', '간편결제', '장애인 전용 주차장', '단독접근가능', '단차없음', '쉬움', '실내', '하', '체험', '공연/전시', '1~2시간']"
CONT_000000000500550,제주러브랜드,제주특별자치도 제주시 1100로 2894-72,성을 주제로 한 현대적 감각의 테마조각공원,33.4519922,126.4890053,064-712-6988,region1,제주시,11,제주시내,JEJU LOVELAND,19573,https://api.cdn.visitjeju.net/photomng/imgpath/201804/30/fdf51915-5486-4e07-932d-df7eb729dedf.jpg,https://api.cdn.visitjeju.net/photomng/thumbnailpath/201804/30/6770dc8e-812e-4e92-a172-339507968c38.jpg,"['커플', '테마공원', '가을', '밤', '실내관광지', '어트랙션', '무장애관광', '공용주차장', '현금결제', '카드결제', '화장실', '무료 WIFI', '흡연구역', '편의점', '음료대', '유도 및 안내시설', '경보 및 피난시설', '임산부 휴게시설', '단독접근가능', '단차없음', '장애인 화장실', '장애인 전용 주차장', '수동 휠체어 대여 가능', '쉬움', '실내+실외', '중', '공연/전시', '1~2시간']"
CONT_000000000500156,동백동산,제주특별자치도 제주시 조천읍 선흘리 산 12,조천읍 선흘리에 위치한 동백동산은 제주 생태체험관광의 또 다른 명소이다. 화산 폭발 후 흘러내린 용암이 쪼개지면서 형성된 곶자왈은 넓은 연못이 만들어지기에 어려운 구조다. 하지만 용암이 식을 때 부서지지 않고 판형으로 남아있는 지형에서는 물이 빠져 내려가지 않고 고여 있게 된다. 이를 ‘파호이호이용암’이라 부르며 제주에서는 동백동산이 유일하다.,33.512349655007505,126.70726440206909,064-784-9445,region1,제주시,15,조천,동백동산,2019022587889,https://api.cdn.visitjeju.net/photomng/imgpath/202111/10/63cb68a3-eedf-41cf-b1da-57d33c65bd7b.JPG,https://api.cdn.visitjeju.net/photomng/thumbnailpath/202111/10/42689e15-97db-45d6-a36d-836c211ca859.JPG,"['걷기/등산', '휴식/힐링', '맑음', '겨울', '자연경관', '동백', '언택트', '2022_마을산책_봄', 'Moment_봄', '공용주차장', '화장실', '음료대', '유도 및 안내시설', '아주 어려움']"
CNTS_200000000008020,어영공원,제주특별자치도 제주시 서해안로 452 (맞은편 공원),용담이호해안도로에 조성된 공원이자 쉼터,33.51774,126.4878545,,region1,제주시,11,제주시내,어영공원,2018052311482,https://api.cdn.visitjeju.net/photomng/imgpath/201812/19/9dc37ee4-cfd0-4f06-b344-664d79670147.JPG,https://api.cdn.visitjeju.net/photomng/thumbnailpath/201812/19/f01cc61f-0348-42b7-979e-ed2d511c8daa.JPG,"['겯기/등산', '경관/포토', '휴식/힐링', '테마공원', '아이', '공용주차장', '화장실', '자연경관', '포토스팟', '어린이']"
CNTS_300000000013029,도깨비장군 활터,제주특별자치도 서귀포시 표선면 성읍정의현로55번길 7 (성읍리) ,국가공인 체육지도사 지도 하에 전통활 국궁과 올림픽 양궁 종목을 즐길 수 있는 체험장,33.3874708,126.8001924,064-787-7466,region2,서귀포시,26,표선,도깨비장군 성읍 제 2활터,2019022633436,https://api.cdn.visitjeju.net/photomng/imgpath/202405/31/5b3b98c2-341a-4b6f-95f7-2e3ef7df8a3b.jpg,https://api.cdn.visitjeju.net/photomng/thumbnailpath/202405/31/d4235acd-89d1-4eab-9a9d-d6b86b50c858.jpg,"['제주체험', '활쏘기체험', '국궁체험', '양궁체험', '공용주차장', '현금결제', '카드결제', '화장실', '무료 WIFI', '음료대', '', '영어', '단독접근가능', '단차없음', '장애인 화장실', '쉬움', '실외', '중', '1시간 미만']"
CNTS_000000000018309,제주베니스랜드,제주특별자치도 서귀포시 성산읍 서성일로 474,제주에서 만나는 아름다운 수상도시 베니스 여행~,33.4156113,126.8408588,"064-784-6565,6566",region2,서귀포시,17,성산,제주베니스랜드,2019022589465,https://api.cdn.visitjeju.net/photomng/imgpath/202111/16/11d585f4-e20b-4e78-8ccb-fb28450ab38c.jpg,https://api.cdn.visitjeju.net/photomng/thumbnailpath/202111/16/6426be08-e9fb-47a1-8f17-6858ec608c5d.jpg,"['테마공원', '아이', '가을', '어린이', '어트랙션', '공용주차장', '현금결제', '카드결제', '화장실', '흡연구역', '편의점', '음료대', '유도 및 안내시설', '경보 및 피난시설', '실내+실외', '상', '체험', '공연/전시', '포토스팟', '1시간 미만']"
CNTS_300000000012992,VIP성형외과의원,제주특별자치도 제주시 은남1길 46,"'2001년 서울 압구정에서 개원한 VIP성형외과는 성형수술의 중심지인 강남에서 약 20년간의 활동 후 제주로 이전하여 의료관광 서비스를 더욱더 확장하여 운영하고 있습니다. 외국인 환자 방문이 용이하도록 각 언어권별 코디네이터는물론, 픽업, 숙소, 식사, 투어 등 자체 컨시어지서비스를 운영하여 외국인 환자 의료관광 all inclusive package를제공합니다.",33.489452,126.4909877,064-713-1007,region1,제주시,11,제주시내,VIP성형외과의원,2019022632694,https://api.cdn.visitjeju.net/photomng/imgpath/202404/23/207e317b-ebda-49b3-aa67-c44bf765b7d6.jpg,https://api.cdn.visitjeju.net/photomng/thumbnailpath/202404/23/816f5887-8c36-4c1a-9fe6-95812cb8c1c9.jpg,"['의료관광', ' 성형']"
CNTS_000000000022844,박성내,제주특별자치도 제주시 기자길 5,1948년 12월 제주 4.3사건 토벌대의 학살터,33.4849094,126.5439165,--,region1,제주시,11,제주시내,박성내,2019022595170,https://api.cdn.visitjeju.net/photomng/imgpath/202112/22/acd7ca4c-e6c0-4efa-89e9-c634fc8883db.jpg,https://api.cdn.visitjeju.net/photomng/thumbnailpath/202112/22/baad3e60-4079-4908-8ce9-d295908b637a.jpg,"['4.3', '문화유적지', '문화관광', '제주4.3', '역사유적', '어트랙션']"
CNTS_000000000021062,제주조천스위스마을,제주특별자치도 제주시 조천읍 함와로 566-27,제주에서 느껴보는 스위스 색채와 감성,33.4932304,126.6769248,010-6847-8488,region1,제주시,15,조천,제주조천스위스마을,10521,https://api.cdn.visitjeju.net/photomng/imgpath/201804/30/a6ddfc1a-ed7e-4dc6-b346-dc549fd249d6.jpg,https://api.cdn.visitjeju.net/photomng/thumbnailpath/201804/30/4a1cc499-0194-48ea-aec1-3788bb4ca53d.jpg,"['포토스팟', '카페', '실내', '여자', '남자', '커플', '휴식', '비/바람/눈', '안개/흐림', '맑음', '여름', '마을산책', '마을관광', '어트랙션', '무장애관광', '현금결제', '카드결제', '화장실', '무료 WIFI', '흡연구역', '편의점', '단독접근가능', '단차없음', '쉬움']"
CNTS_000000000022805,제주해양동물박물관,제주특별자치도 서귀포시 성산읍 서성일로 689-21,성산에 위치한 제주해양동물박물관,33.42965,126.855606,064-782-3711,region2,서귀포시,17,성산,제주해양동물박물관,2019022602470,https://api.cdn.visitjeju.net/photomng/imgpath/202207/06/7f0222de-09f9-4c43-8b7c-1bec1f1d31c0.jpg,https://api.cdn.visitjeju.net/photomng/thumbnailpath/202207/06/ef19e2e7-eaa2-4550-97e0-c64890111379.jpg,"['실내', '미술/박물관', '아이', '비.눈', '사계절', '실내관광지', '문화관광', '박물관', '어린이', '어트랙션', '어린이동물농장', '안전여행스탬프', '무장애관광', '공용주차장', '현금결제', '카드결제', '화장실', '무료 WIFI', '편의점', '음료대', '유도 및 안내시설', '경보 및 피난시설', '엘리베이터', '단독접근가능', '단차없음', '청각장애인 접근성', '시각장애인 접근성', '저상버스 접근 가능', '장애인 화장실', '승강기', '장애인 전용 주차장', '테이블 비치', '쉬움']"
CNTS_000000000018442,누웨마루거리(구 바오젠),제주특별자치도 제주시 신광로 47,차없는 거리로 중국관광객들이 많이 찾는 거리,33.48774,126.49034,--,region1,제주시,11,제주시내,누웨마루거리(구 바오젠),2019022591327,https://api.cdn.visitjeju.net/photomng/imgpath/202111/25/81a12181-0eb0-47cb-8890-9be063f41224.jpg,https://api.cdn.visitjeju.net/photomng/thumbnailpath/202111/25/99fe24a9-3610-466a-a3a5-52593144a042.jpg,"['커플', '친구', '부모', '혼자', '아이', '사계절', '어린이', '어트랙션']"
CNTS_200000000011254,제주친구,제주특별자치도 서귀포시 동홍로 149,서귀포 시내 킥보드 및 전기자전거 대여,33.26175884924661,126.56713341145925,064-9000-7000,region2,서귀포시,21,서귀포시내,제주친구,2019022578663,https://api.cdn.visitjeju.net/photomng/imgpath/202104/07/4b7dbb4a-f898-4672-9df4-f5d4cfed2d88.jpg,https://api.cdn.visitjeju.net/photomng/thumbnailpath/202104/07/53a8ccf2-0e3a-46e8-bf8b-4444fec01011.jpg,"['커플', '친구', '체험관광', '현금결제', '카드결제', '화장실', '', '실외', '중', '체험', '3시간 이상', '어트랙션', '관광지']"
CONT_000000000500353,섶섬(서귀포해양도립공원),제주특별자치도 서귀포시 마소물로,"용이 되려는 꿈을 이루지 못하고 죽은 구렁이에 대한 전설이 전해지는 숲섬, '섶섬'
· 서귀포시 보목동",33.230137,126.5992,064-710-6656,region2,서귀포시,21,서귀포시내,섶섬(서귀포해양도립공원),2019022590326,https://api.cdn.visitjeju.net/photomng/imgpath/202111/19/9a1a3547-bd2a-45b0-b1e7-0928fd16086c.JPG,https://api.cdn.visitjeju.net/photomng/thumbnailpath/202111/19/77ea5aa6-503b-4a1e-aefa-b1900b13349d.JPG,"['섬', '경관/포토', '휴식/힐링', '유도 및 안내시설', '아주 어려움', 'UNESCO 생물권보전지역', '자연경관', '섬속의섬', '포토스팟', '공영관광지']"
CNTS_300000000012988,위미웨이,"제주특별자치도 서귀포시 남원읍 위미중앙로196번길 6-13 (위미리, 제주해양경비안전서 위미출장소) 위미항",제주특별자치도 국가어항인 서귀포 남원읍 위미항에 만들어진 수변트레킹 코스,33.2717087,126.6634414,064-760-3544,region2,서귀포시,25,남원,위미웨이,2019022632890,https://api.cdn.visitjeju.net/photomng/imgpath/202405/03/4ca6b4d1-e833-4df5-ad78-e7c7ff92b97e.PNG,https://api.cdn.visitjeju.net/thumbnail/photomng/imgpath/202405/03/4ca6b4d1-e833-4df5-ad78-e7c7ff92b97e.PNG,"['위미항', '서귀포시', '남원읍', '수변트레킹', '', '실외']"
CONT_000000000500530,정물오름,제주특별자치도 제주시 한림읍 금악리 산 52-1,넓고 푸른 정물오름에서 맑고 깨끗한 생명수를 마셔보자,33.33764,126.33035,,region1,제주시,13,한림,Jeongmul Oreum Volcanic Cone,19433,https://api.cdn.visitjeju.net/photomng/imgpath/201804/30/3b0de630-53e5-4271-a3f4-f8d7296dbe9f.jpg,https://api.cdn.visitjeju.net/photomng/thumbnailpath/201804/30/164fe52f-47be-4993-b11d-eeefcb02022e.jpg,"['친구', '커플', '맑음', '일몰', '오름', '공용주차장', '아주 어려움', '자연경관', '도보여행', '도보', '언택트', '억새']"
CNTS_200000000010513,피크닉메이트,제주특별자치도 제주시 아란4길 84,피크닉세트 대여 및 피크닉소품 판매 전문점,33.4261379,126.5626925,070-8900-8200,region1,제주시,11,제주시내,피크닉메이트,2019022573080,https://api.cdn.visitjeju.net/photomng/imgpath/202008/21/77f8d8cf-e911-4245-939f-42709a59fb53.jpg,https://api.cdn.visitjeju.net/photomng/thumbnailpath/202008/21/e7ce40bd-6bfa-429c-9a97-bda26b6f288f.jpg,"['피크닉', ' 용품대여', '현금결제', '카드결제', '화장실', '무료 WIFI', '', '영어', '장애인 화장실', '쉬움', '실내+실외', '하', '등산', '캠핑', '체험', '물놀이', '촬영용 소품', '3시간 이상', '용품대여', '쇼핑', '상점/상가', '언택트', '어트랙션', '무장애관광', '착한가격업소']"
CNTS_300000000012853,아일랜드 터프팅									,"제주특별자치도 제주시 동고산로 1, 3층",형형색색의 실들로 다양한 나만의 소품을 만들어 볼 수 있는 공방										,33.498038,126.5314367,0507-1429-4864,region1,제주시,11,제주시내,아일랜드 터프팅									,2019022624407,https://api.cdn.visitjeju.net/photomng/imgpath/202311/22/066617b1-0c1d-4e16-8676-f03c4d458119.jpg,https://api.cdn.visitjeju.net/photomng/thumbnailpath/202311/22/9bdeae38-bdf5-44f0-a3da-0f84c730cb00.jpg,"['제주시청', ' 터프팅', ' 제주터프팅']"
CNTS_300000000012745,한라동물종합병원,제주특별자치도 제주시 고마로 37,한라동물종합병원은 일도2동에 위치하였다.,33.5108854,126.5390598,064-753-0880,region1,제주시,11,제주시내,한라동물종합병원,2019022622160,https://api.cdn.visitjeju.net/photomng/imgpath/202308/29/3a812ddf-c9fb-4203-884c-e1634e943f3f.jpg,https://api.cdn.visitjeju.net/photomng/thumbnailpath/202308/29/563e0c1d-c291-48f1-8e2e-8e585055ab41.jpg,"['반려동물병원', '반려동물', '반려동물동반입장', '혼저옵서개', '반려동물동반_기타체험', '화장실', '무료 WIFI', '유도 및 안내시설']"
CONT_000000000500544,제주특별자치도 도립미술관,제주특별자치도 제주시 1100로 2894-78,예술의 빛과 숨결이 넘치는 숲속의 미술관,33.4525957,126.4896313,064-710-4300,region1,제주시,11,제주시내,Jeju Museum of Art ,19528,https://api.cdn.visitjeju.net/photomng/imgpath/201804/30/ca9b0972-d6ef-4fba-9b08-89a867a0f19d.jpg,https://api.cdn.visitjeju.net/photomng/thumbnailpath/201804/30/d58a68b8-ead5-43d4-84f4-ddbd7e56ead2.jpg,"['제주여행', ' 제주시가볼만한곳', ' 제주도전시', ' 미술관', ' 예술', ' 실내관광지', ' 제주도볼거리', ' 포토스팟', '공용주차장', '현금결제', '카드결제', '화장실', '무료 WIFI', '흡연구역', '음료대', '유도 및 안내시설', '경보 및 피난시설', '임산부 휴게시설', '엘리베이터', '문화누리카드', '단독접근가능', '단차없음', '저상버스 접근 가능', '장애인 화장실', '승강기', '장애인 전용 주차장', '수동 휠체어 대여 가능', '쉬움', '실내', '하', '공연/전시', '1~2시간']"
CNTS_200000000008312,캔디원,제주특별자치도 제주시 조천읍 선교로 384,"국내 최대 수제 캔디 브랜드로 꼽히는 캔디원은 사탕이 생겨난 유래와 종류, 제작 과정 등을 알아보고 직접 만들어 보는 색다른 체험을 하는 곳이다. 물론 제품 구입도 가능하다. 사탕을 좋아하는 사람에게 캔디원은 참새 방앗간이나 다름없다.",33.4708686,126.7078957,064-784-5260,region1,제주시,15,조천,캔디원,2019022569486,https://api.cdn.visitjeju.net/photomng/imgpath/202002/24/4c9c7117-f23f-45ca-baad-eb25af7578f4.JPG,https://api.cdn.visitjeju.net/photomng/thumbnailpath/202002/24/1ad7a6ba-6b49-46e4-b485-77c3a4cfc8bd.JPG,"['체험', '아이', '수제캔디', '실내관광지', '어린이', '어트랙션']"
CNTS_200000000008635,대유ATV수렵사격랜드,제주특별자치도 서귀포시 상예로 381,110여만 평의 드넓은 대지에서 온몸으로 스릴을 느낄 수 있는 레저 스포츠.,33.2775412,126.3953648,064-738-0500	,region2,서귀포시,21,서귀포시내,대유ATV,2019022554913,https://api.cdn.visitjeju.net/photomng/imgpath/201904/30/49ad0912-4e13-4b1e-bc41-330065178a18.JPG,https://api.cdn.visitjeju.net/photomng/thumbnailpath/201904/30/37938528-5f3e-4735-9919-6f289d5b3b72.JPG,"['권총', '클레이', '라이플 사격', 'ATV', '실내관광지', '체험', '어트랙션', '공용주차장', '화장실', '무료 WIFI', '흡연구역', '음료대', '경보 및 피난시설', '현금결제', '카드결제', '일본어', '어려움', '수렵']"
CONT_000000000500682,한담해변,제주특별자치도 제주시 애월읍 애월로1길 26-4,해안길을 따라 산책할 수 있는 제주의 숨은 비경,33.46004181697696,126.31054239947503,064-728-3394,region1,제주시,12,애월,한담해변,2019022586796,https://api.cdn.visitjeju.net/photomng/imgpath/202111/04/2f515b1c-54e6-40de-bc74-e8591468fab0.JPG,https://api.cdn.visitjeju.net/photomng/thumbnailpath/202111/04/3700342b-3a67-4879-b89b-805790ba1cad.JPG,"['해변', '경관/포토', '커플', '맑음', '여름', '공용주차장', '화장실', '음료대', '유도 및 안내시설', '경보 및 피난시설', '아주 어려움', '자연경관', '포토스팟', '봄꽃', '유채꽃']"
CONT_000000000500556,제주빅볼랜드,제주특별자치도 제주시 구좌읍 송당리 산164-4,커다란 공안에 들어가 언덕을 굴러 내려오는 레포츠,33.443204,126.7749339,1588-6418,region1,제주시,16,구좌,jeju bigballland,19630,https://api.cdn.visitjeju.net/photomng/imgpath/201804/30/7df92229-6897-4a2f-a2d1-4a3b98ec2288.jpg,https://api.cdn.visitjeju.net/photomng/thumbnailpath/201804/30/ebe1eeda-ccaf-4c57-81d5-1dbfb0ef78a2.jpg,"['액티비티', '아이', '맑음', '가을', '체험', '레저/체험', '어린이', '어트랙션', '공용주차장', '현금결제', '카드결제', '화장실', '무료 WIFI', '음료대', '유도 및 안내시설', '경보 및 피난시설', '어려움']"
CONT_000000000500019,감귤박물관,제주특별자치도 서귀포시 효돈순환로 441,"감귤에 대한 모든 것을 보고, 느끼고, 체험할 수 있는 박물관",33.271523,126.60766,064-760-6398,region2,서귀포시,21,서귀포시내,감귤박물관,2019022654121,https://api.cdn.visitjeju.net/photomng/imgpath/202507/16/aac072de-0c65-420c-a4f4-821cff2d7fc5.jpeg,https://api.cdn.visitjeju.net/photomng/thumbnailpath/202507/16/6d95066b-029c-4bb0-bef5-dd08208eecf3.jpeg,"['실내', '미술/박물관', '아이', '비.눈', '겨울', '실내관광지', '문화관광', '박물관', '어트랙션', '무장애관광', '공영관광지', '공용주차장', '현금결제', '카드결제', '화장실', '무료 WIFI', '편의점', '음료대', '유도 및 안내시설', '경보 및 피난시설', '단차없음', '저상버스 접근 가능', '아주 어려움', '실내+실외', '하', '공연/전시', '체험', '1~2시간']"
CNTS_300000000013556,책계일주,제주특별자치도 서귀포시 표선면 토산중앙로49번길 41 1층,세계일주를 콘셉트로 책과 술을 같이 즐길 수 있는 북카페,33.3078165,126.7762537,,region2,서귀포시,26,표선,책계일주,2019022652337,https://api.cdn.visitjeju.net/photomng/imgpath/202506/10/6a5f4566-ae50-44be-ae8c-7be3c2a8d88e.jpg,https://api.cdn.visitjeju.net/photomng/thumbnailpath/202506/10/14b085c5-9b06-440e-a4bc-7cc307a40799.jpg,"['책방', ' 카페', ' 독서', ' 북카페', ' 책', ' 도서', ' 독립서점', ' 서점', ' 주류', '현금결제', '카드결제', '화장실']"
CONT_000000000500267,비양도,제주특별자치도 제주시 한림읍 협재리,"천 년의 시간을 간직한 섬
· 천연기념물 제439호
· 제주도기념물 제48호
· 올레15코스",33.3819398,126.2497525,,region3,섬 속의 섬,34,비양도,비양도,2019022639023,https://api.cdn.visitjeju.net/photomng/imgpath/202408/22/a18ce446-b6a3-4819-8ebd-6881f79410ab.jpg,https://api.cdn.visitjeju.net/photomng/thumbnailpath/202408/22/81361294-639a-4b1e-a565-097e84754b62.jpg,"['제주도여행', ' 제주도서쪽코스', ' 섬속의섬', ' 한림읍', ' 제주바다', ' 트래킹', ' 제주힐링', ' 포토존', ' 유네스코 ', '공용주차장', '현금결제', '카드결제', '화장실', '편의점', '음료대', '유도 및 안내시설', '아주 어려움', 'UNESCO 세계지질공원', '1~2시간']"
CNTS_000000000020301,클럽나인브릿지,제주특별자치도 서귀포시 안덕면 광평로 34-156,명성에 품격을 더한 회원제 골프장,33.3420536,126.4046382,064-793-9999,region2,서귀포시,23,안덕,클럽나인브릿지,2019022558244,https://api.cdn.visitjeju.net/photomng/imgpath/201907/25/1978f51c-6ccf-472c-889d-f0485a408ec0.jpg,https://api.cdn.visitjeju.net/photomng/thumbnailpath/201907/25/03c1b132-9b6a-46f9-b8c1-c35a40e0f83a.jpg,"['골프', '액티비티', '체험', '레저/체험', '어트랙션', '공용주차장', '현금결제', '카드결제', '화장실', '무료 WIFI', '음료대', '유도 및 안내시설', '경보 및 피난시설']"
CONT_000000000500466,용눈이오름,제주특별자치도 제주시 구좌읍 종달리 산28,"능선의 아름다움을 뽐내는 오름, 김영갑 작가가 사랑한 오름",33.45993,126.831635,,region1,제주시,16,구좌,용눈이오름,2019022639099,https://api.cdn.visitjeju.net/photomng/imgpath/202408/22/5c9c469a-8832-4ca2-b866-d95889652311.jpg,https://api.cdn.visitjeju.net/photomng/thumbnailpath/202408/22/c528da67-1657-46e3-bb82-eaddb02ed706.jpg,"['제주도관광', ' 제주도오름', ' 제주산책', ' 힐링', ' 구좌', ' 억새', ' 분화구', ' 오름추천', '실외']"
CNTS_000000000022353,서귀포 다이브센터,제주특별자치도 서귀포시 남원읍 하례망장포로 65-13 2층,환상의 제주도 푸른 바다 속을 여행하는 스쿠버다이빙을 체험할 수 있는 곳,33.259311050135764,126.63975217440186,010-4255-4176,region2,서귀포시,25,남원,서귀포 다이브센터,2019022612949,https://api.cdn.visitjeju.net/photomng/imgpath/202304/06/547cc3fb-16a7-41fb-b59e-f8f8c26448b4.JPG,https://api.cdn.visitjeju.net/photomng/thumbnailpath/202304/06/d374c397-e147-4a01-932d-f5004de0adc3.JPG,"['액티비티', '친구', '커플', '맑음', '체험', '레저/체험', '수상레저', '어트랙션']"
CONT_000000000500531,정방폭포,제주특별자치도 서귀포시 칠십리로214번길 37,"높은곳에서 바다로 떨어지는 물줄기의 시원함
· 명승 제43호
· 올레6코스",33.244854,126.5718,064-733-1530,region2,서귀포시,21,서귀포시내,정방폭포,2019022641503,https://api.cdn.visitjeju.net/photomng/imgpath/202409/25/2d76eeb2-7ffc-49d1-b087-4859ac38bdf3.jpg,https://api.cdn.visitjeju.net/photomng/thumbnailpath/202409/25/1607868f-80ba-4f86-94cd-77a8c7d52cd6.jpg,"['서귀포가볼만한곳', ' 정방폭포', ' 공영관광지', ' 제주자연', ' 제주폭포', ' 주상절리', ' 다크투어리즘', ' 포토스팟', '공용주차장', '현금결제', '카드결제', '화장실', '편의점', '음료대', '유도 및 안내시설', '경보 및 피난시설', '아주 어려움', '실외', '상', '포토스팟', '기타', '전망 관람', '1시간 미만']"
CONT_000000000500312,새연교,제주특별자치도 서귀포시 서홍동 707-4,"새섬으로 가는 통로, '새'로운 인'연'을 만들어가는 다리",33.238186,126.55907,064-760-3471,region2,서귀포시,21,서귀포시내,Saeyeongyo Bridge,18340,https://api.cdn.visitjeju.net/photomng/imgpath/201804/30/9f1410ca-8feb-4857-a55c-78eaa995a11b.jpg,https://api.cdn.visitjeju.net/photomng/thumbnailpath/201804/30/5a0e11cb-20ab-43b5-8cba-8fe0bd3e530a.jpg,"['밤', '경관/포토', '커플', '맑음', '포토스팟', '무장애관광', '공용주차장', '화장실', '편의점', '음료대', '유도 및 안내시설', '단독접근가능', '단차없음', '장애인 화장실', '장애인 전용 주차장', '어려움']"
CONT_000000000500384,쇠소깍,제주특별자치도 서귀포시 쇠소깍로 104,제주 올레 5코스의 끝이자 6코스의 시작인 바닷물과 민물이 만나는 비밀스런 계곡,33.2540919,126.6222974,064-732-1562,region2,서귀포시,21,서귀포시내,쇠소깍,2019022643150,https://api.cdn.visitjeju.net/photomng/imgpath/202410/16/a8784094-08b6-4e9e-acf2-d86ab445dda5.jpg,https://api.cdn.visitjeju.net/photomng/thumbnailpath/202410/16/54503744-a4b3-4e68-b819-47e67df59100.jpg,"['제주여행', ' 제주서귀포가볼만한곳', ' 제주도체험', ' 제주자연', ' 카약체험', ' 제주바다', ' 검은모래', ' 서귀포', '공용주차장', '화장실', '편의점', '음료대', '유도 및 안내시설', '아주 어려움', 'UNESCO 생물권보전지역', '실외', '체험', '1~2시간']"
CNTS_200000000008054,고내리 다락쉼터,제주특별자치도 제주시 애월읍 애월해안로 284,"아름다운 해안 절경을 감상할 수 있는 다락쉼터
",33.4694833,126.3407482,,region1,제주시,12,애월,고내리 다락쉼터,2018052311883,https://api.cdn.visitjeju.net/photomng/imgpath/201812/21/077d23dd-a5b8-434b-8a7a-dae3e3d96182.JPG,https://api.cdn.visitjeju.net/photomng/thumbnailpath/201812/21/9d401b11-93ea-4758-afba-2dd90e2c7fd4.JPG,"['쉼터', ' 공원', ' 해안도로', '공용주차장', '화장실', '공원', '해안도로']"
CONT_000000000500343,섭지코지,제주특별자치도 서귀포시 성산읍 섭지코지로 262,아름다운 해안이 일품인 섭지,33.4236948,126.9296022,064-784-2810,region2,서귀포시,17,성산,섭지코지,2019022638471,https://api.cdn.visitjeju.net/photomng/imgpath/202408/16/6efa0dd8-7e17-47b9-8265-caf514b7ccef.jpg,https://api.cdn.visitjeju.net/photomng/thumbnailpath/202408/16/f18ca648-b42f-4209-b87a-2410b8da656d.jpg,"['서귀포가볼만한곳', ' 제주도서쪽코스', ' 제주도관광코스', ' 제주바다', ' 해안길', ' 성산', ' 선녀바위', ' 붉은오름', '공용주차장', '현금결제', '카드결제', '화장실', '편의점', '음료대', '저상버스 접근 가능', '장애인 화장실', '장애인 전용 주차장', '어려움', '실외', '상', '등산', '기타', '산책로', '1시간 미만']"
CNTS_000000000020050,보롬왓,제주특별자치도 서귀포시 표선면 번영로 2350-104,아름다운 꽃을 배경으로 사진 찍을  수 있는 곳이다.,33.41367,126.75351,064-742-8181,region2,서귀포시,26,표선,보롬왓,2019022585677,https://api.cdn.visitjeju.net/photomng/imgpath/202110/29/e478e6c4-4a5f-40ec-9ded-36da33da5d9b.JPG,https://api.cdn.visitjeju.net/photomng/thumbnailpath/202110/29/f3b7c9d2-6a3b-407b-9025-18ef2fed1fee.JPG,"['경관/포토', '휴식/힐링', '친구', '커플', '맑음', '봄', '여름', '가을', '자연경관', '포토스팟', '수국', '반려동물', '반려동물동반입장', '혼저옵서개', '반려동물동반_관광지', '공용주차장', '무료 WIFI', '현금결제', '카드결제']"
CONT_000000000500396,신비의도로,제주특별자치도 제주시 1100로 2894-63,세워둔 차가 언덕 위로 올라가는 신비한 도깨비 도로,33.451225,126.487305,064-728-2755,region1,제주시,11,제주시내,신비의도로,2019022561068,https://api.cdn.visitjeju.net/photomng/imgpath/201908/28/0701011a-e0fa-4f7f-89a2-b5cdc93ccf7d.jpg,https://api.cdn.visitjeju.net/photomng/thumbnailpath/201908/28/52e63210-761a-486c-ba2d-4f218875287e.jpg,"['아이', '맑음', '공용주차장', '화장실', '편의점', '음료대', '유도 및 안내시설', '아주 어려움', '실외', '기타', '도로', '1시간 미만', '자연경관', '어린이', '드라이브', '공영관광지']"
CONT_000000000500697,협재해수욕장,제주특별자치도 제주시 한림읍 한림로 329-10,"비양도, 은모래, 바다가 그려낸 그림같이 아름다운 해변",33.393845,126.239716,064-728-3981,region1,제주시,13,한림,협재해수욕장,2019022639337,https://api.cdn.visitjeju.net/photomng/imgpath/202408/27/e8a13893-251e-4acc-9657-34ba532426ad.jpg,https://api.cdn.visitjeju.net/photomng/thumbnailpath/202408/27/6b6dc9c4-5466-493e-98e5-580dbf18eefc.jpg,"['제주여행', ' 제주해수욕장', ' 제주물놀이', ' 제주바다', ' 한림', ' 가족여행', ' 제주서쪽', ' 은모래', ' 제주자연', ' 반려동물', ' 반려동물동반입장', ' 혼저옵서개', ' 반려동물동반_자연', '공용주차장', '화장실', '편의점', '음료대', '유도 및 안내시설', '경보 및 피난시설', '아주 어려움', '실외', '물놀이', '1~2시간']"
CONT_000000000500283,산굼부리,제주특별자치도 제주시 조천읍 비자림로 768,"사계절마다 다른풍경의 '분화구 식물원', 국가지정 문화재 천연기념물 263호",33.4316207,126.6900058,064-783-9900,region1,제주시,15,조천,Sangumburi Crater,18173,https://api.cdn.visitjeju.net/photomng/imgpath/201804/30/c44bb372-4717-4e89-ad89-2c5dba285168.jpg,https://api.cdn.visitjeju.net/photomng/thumbnailpath/201804/30/a7b4a973-40e9-44e6-87d9-46a4c4f3b367.jpg,"['오름', '걷기/등산', '친구', '맑음', '가을', '우수관광사업체', '자연경관', '억새', '무장애관광', '공용주차장', '현금결제', '카드결제', '화장실', '편의점', '음료대', '단독접근가능', '단차없음', '장애인 화장실', '장애인 전용 주차장', '수동 휠체어 대여 가능', '어려움', '실외', '하', '관람', '1시간 미만']"
CONT_000000000500471,용머리해안,제주특별자치도 서귀포시 안덕면 사계리 112-3,"시간이 보여주는 위대함 속으로
· 천연기념물 제526호
· 올레10코스",33.2334272,126.313741,064-760-6321,region2,서귀포시,23,안덕,용머리해안,2019022641439,https://api.cdn.visitjeju.net/photomng/imgpath/202409/25/4297007f-2918-4bb5-bc75-066410fa520e.jpg,https://api.cdn.visitjeju.net/photomng/thumbnailpath/202409/25/e7b66d4c-0ec8-48aa-b700-51d923282b9c.jpg,"['제주도관광', ' 제주서귀포가볼만한곳', ' 유네스코', ' 공영관광지', ' 바다', ' 산방산', ' 포토존', ' 지질문화', '공용주차장', '화장실', '유도 및 안내시설', '장애인 화장실', '장애인 전용 주차장', '아주 어려움', 'UNESCO 세계지질공원', '실외', '중']"
CNTS_000000000020631,제주도립김창열미술관,제주특별자치도 제주시 한경면 용금로 883-5,물방울 화가로 불리는 김창열화백의 업적과 정신을 기리기 위해 설립한 제주도립 미술관,33.3389037,126.2682351,064-710-4150,region1,제주시,14,한경,제주도립김창열미술관,2019022655475,https://api.cdn.visitjeju.net/photomng/imgpath/202508/14/4617b75d-2499-4829-9c7e-509e140ef2a4.jpg,https://api.cdn.visitjeju.net/photomng/thumbnailpath/202508/14/b93b8a24-769f-4e62-aa38-ae21646e2903.jpg,"['미술/박물관', '저지예술인마을', '저지리', '예술', '실내관광지', '문화관광', '미술관', '어트랙션', '공영관광지', '공용주차장', '현금결제', '카드결제', '화장실', '무료 WIFI', '유도 및 안내시설', '경보 및 피난시설', '실내', '중', '공연/전시', '1시간 미만']"
CONT_000000000500649,탑동,제주특별자치도 제주시 중앙로 2,제주의 각종 문화행사와 이루어지고 볼거리가 풍성한 여행객과 제주도민의 쉼터,33.518116,126.5241853,064-728-2954,region1,제주시,11,제주시내,Tap-dong ,20082,https://api.cdn.visitjeju.net/photomng/imgpath/201804/30/1c70914e-57d4-4469-b7d2-072e321dc580.gif,https://api.cdn.visitjeju.net/photomng/thumbnailpath/201804/30/55f44ba1-b949-48c7-85a8-28ae4514bd4f.gif,"['밤', '일몰', '해변', '휴식/힐링', '흐림', '여름']"
CONT_000000000500693,함덕해수욕장,제주특별자치도 제주시 조천읍 조함해안로 525,에매랄드처럼 빛나는 '한국의 몰디브',33.5431929,126.6699802,064-728-3989,region1,제주시,15,조천,함덕해수욕장,2019022638794,https://api.cdn.visitjeju.net/photomng/imgpath/202408/20/513120bd-dc32-4f3a-9cf1-64d7561990c3.jpg,https://api.cdn.visitjeju.net/photomng/thumbnailpath/202408/20/3d61ccf2-3fa8-422a-bc40-8cbafe20c52d.jpg,"['제주여행', '  제주해수욕장', ' 제주바다', ' 물놀이', ' 모래사장', ' 제주여름', ' 함덕해변', ' 제주동쪽', ' 반려동물', ' 반려동물동반입장', ' 혼저옵서개', ' 반려동물동반_자연', '공용주차장', '화장실', '편의점', '음료대', '유도 및 안내시설', '경보 및 피난시설', '단차없음', '장애인 화장실', '장애인 전용 주차장', '어려움', '실외', '1~2시간']"
CNTS_000000000022542,판포포구,제주특별자치도 제주시 한경면 판포리 2877-3,  깨끗한 물색의 포구... 물놀이 하기 제격 ‘판포포구’,33.36537,126.19965,064-728-7968,region1,제주시,14,한경,판포포구,2019022636302,https://api.cdn.visitjeju.net/photomng/imgpath/202407/23/893bfa2b-aabb-41b1-ab49-4c11bcabf261.jpg,https://api.cdn.visitjeju.net/photomng/thumbnailpath/202407/23/ef05e315-1c5a-4622-9f51-c968e7e055fc.jpg,"['제주도', '제주여행', '스노쿨링', '해수욕장', '제주', '포구', '제주바다', '제주물놀이', '공용주차장', '실외', '하', '물놀이']"
CONT_000000000500200,문섬(서귀포해양도립공원),제주특별자치도 서귀포시 칠십리로,섬에 아무것도 자라지 않는 민둥섬이라서 붙여진 이름의 섬,33.226475,126.565994,064-710-6656,region2,서귀포시,21,서귀포시내,Munseom Island (Seogwipo Marine Park ),17747,https://api.cdn.visitjeju.net/photomng/imgpath/201804/30/56d5e737-509c-4e54-ab73-5e3fb90fcb01.gif,https://api.cdn.visitjeju.net/photomng/thumbnailpath/201804/30/7ddd0eed-2304-4cdc-88f5-b3b41ab1fc90.gif,"['부모', '커플', '혼자', '친구', '아이', '맑음', '경관/포토', '해변', '자연경관', '섬속의섬', '포토스팟', '어린이', '공영관광지', '아주 어려움', 'UNESCO 생물권보전지역']"
CNTS_000000000020299,제주올레 7코스,제주특별자치도 서귀포시 서홍동 795-1,"새연교와 문섬, 범섬이 보인는 서귀포 해안을 따라 걷기",33.240437,126.548225,064-762-2190,region2,서귀포시,21,서귀포시내,제주올레 7코스,2019022587308,https://api.cdn.visitjeju.net/photomng/imgpath/202111/08/3d0b2b10-1b17-460e-9d34-f8c350229f7e.jpg,https://api.cdn.visitjeju.net/photomng/thumbnailpath/202111/08/5ae4a5ce-0a5e-4ed2-ac80-8f052ccd4bb6.jpg,"['올레', '걷기/등산', '친구', '여름', '자연경관', '도보여행', '도보', '트레킹']"
CONT_000000000500553,제주민속촌,제주특별자치도 서귀포시 표선면 민속해안로 631-34,제주에서 가장 제주다움을 볼 수 있는 곳... ‘제주민속촌’,33.3225098,126.8418176,0507-1457-4502,region2,서귀포시,26,표선,제주민속촌24,2019022634628,https://api.cdn.visitjeju.net/photomng/imgpath/202407/08/279e016a-35d4-4a6e-a432-799743d168df.jpg,https://api.cdn.visitjeju.net/photomng/thumbnailpath/202407/08/1ba7f11e-8f3d-4d86-a480-765d7f17db1b.jpg,"['제주여행', ' 제주서귀포가볼만한곳', ' 제주도문화', ' 민속촌', ' 야간개장', ' 제주핫플', ' 제주동쪽여행', ' 가족여행', ' 반려동물', ' 반려동물동반입장', ' 혼저옵서개', ' 반려동물동반_관광지', '공용주차장', '현금결제', '카드결제', '화장실', '편의점', '음료대', '경보 및 피난시설', '임산부 휴게시설', '단독접근가능', '단차없음', '시각장애인 접근성', '장애인 화장실', '장애인 전용 주차장', '수동 휠체어 대여 가능', '쉬움', '우수관광사업체', '실외', '하', '포토스팟', '1~2시간']"
CNTS_000000000019194,위미항,제주특별자치도 서귀포시 남원읍 위미중앙로196번길 6-13,제주의 벚꽃이 가장 먼저 피는 따뜻한 곳,33.2707092,126.6636358,--,region2,서귀포시,25,남원,위미항,4535,https://api.cdn.visitjeju.net/photomng/imgpath/201804/30/e2e0ac1d-9203-422c-aabc-1700b1a55a18.jpg,https://api.cdn.visitjeju.net/photomng/thumbnailpath/201804/30/cf5bff15-05ef-4a5a-8560-b99f88a52dd8.jpg,"['해변', '여자', '남자', '맑음', '언택트']"
CONT_000000000500232,백약이오름,제주특별자치도 서귀포시 표선면 성읍리 산 1,"하늘로 향하는 길, 백약이오름",33.437283,126.79018,,region2,서귀포시,26,표선,백약이오름,2019022643097,https://api.cdn.visitjeju.net/photomng/imgpath/202410/16/451c6ced-dd69-41e5-af5b-94002ce18c19.jpg,https://api.cdn.visitjeju.net/photomng/thumbnailpath/202410/16/31417b5a-75dd-4d6a-b43c-a3a49ffce286.jpg,"['제주동쪽가볼만한곳', ' 제주오름', ' 제주핫플', ' 제주억새', ' 산책로', ' 오름추천', ' 제주동쪽', ' 서귀포오름', '실외', '중', '1~2시간']"
CNTS_300000000012721,쿠킹독,제주특별자치도 제주시 연북로 41,100% 핸드메이드 수제간식을 판매하는 이곳은 반려동물의 알레르기와 건강 등을 고려해 다양한 간식들과 케이크를 직접 만들어 판매하고 있다.,33.4823436,126.4858596,0507-1335-8763,region1,제주시,11,제주시내,쿠킹독,2019022621673,https://api.cdn.visitjeju.net/photomng/imgpath/202308/23/195b0926-e577-4d78-9fa9-b574fc8009b3.jpg,https://api.cdn.visitjeju.net/photomng/thumbnailpath/202308/23/1720393f-c45a-466c-aee2-fef692c2d5bf.jpg,"['반려동물수제간식', '반려동물', '반려동물동반입장', '혼저옵서개', '반려동물동반_기타체험', '유도 및 안내시설', '경보 및 피난시설']"
CONT_000000000500182,만장굴(안전점검 및 내부공사로 운영중단),제주특별자치도 제주시 구좌읍 만장굴길 182,"세계적인 규모의 용암동굴, 유네스코 지정 세계자연유산",33.5548185,126.7969015,064-710-7903,region1,제주시,16,구좌,만장굴,2019022585545,https://api.cdn.visitjeju.net/photomng/imgpath/202110/28/fd081f64-29a7-4a48-a4fa-cdc69e3552a2.JPG,https://api.cdn.visitjeju.net/photomng/thumbnailpath/202110/28/76256df3-14d8-4aed-9977-393a41655854.JPG,"['동굴', '경관/포토', '아이', '흐림', '여름', '자연경관', '포토스팟', '어린이', '유네스코', '공용주차장', '현금결제', '카드결제', '화장실', '무료 WIFI', '편의점', '음료대', '아주 어려움', 'UNESCO 세계지질공원']"
